{"type":"FeatureCollection","features":[{"type":"Feature","geometry":{"type":"Point","coordinates":[-6.66,43.22]},"properties":{"lat":43.22,"lon":-6.66,"fecha":"2022-01-01","temp_mean":11.5,"temp_max":14.6,"temp_min":8.6,"humidity_mean":50.0,"wind_speed_max":17.9,"wind_gusts_max":63.4,"precipitation":0.0,"soil_temp":10.48,"elevacion_centro":1012.9,"cloud_cover":97.0,"NDVI":0.53}},{"type":"Feature","geometry":{"type":"Point","coordinates":[6.95,36.88]},"properties":{"lat":36.88,"lon":6.95,"fecha":"2022-01-04","temp_mean":14.4,"temp_max":23.0,"temp_min":8.8,"humidity_mean":57.0,"wind_speed_max":20.0,"wind_gusts_max":43.9,"precipitation":0.0,"soil_temp":11.16,"elevacion_centro":4.54,"cloud_cover":10.0,"NDVI":0.59}},{"type":"Feature","geometry":{"type":"Point","coordinates":[29.58,45.19]},"properties":{"lat":45.19,"lon":29.58,"fecha":"2022-01-05","temp_mean":8.9,"temp_max":12.9,"temp_min":6.7,"humidity_mean":77.0,"wind_speed_max":19.9,"wind_gusts_max":36.0,"precipitation":0.0,"soil_temp":6.76,"elevacion_centro":0.51,"cloud_cover":37.0,"NDVI":0.16}},{"type":"Feature","geometry":{"type":"Point","coordinates":[22.45,37.85]},"properties":{"lat":37.85,"lon":22.45,"fecha":"2022-01-06","temp_mean":8.7,"temp_max":14.9,"temp_min":5.0,"humidity_mean":71.0,"wind_speed_max":12.5,"wind_gusts_max":47.9,"precipitation":0.0,"soil_temp":7.49,"elevacion_centro":604.56,"cloud_cover":55.0,"NDVI":0.2}},{"type":"Feature","geometry":{"type":"Point","coordinates":[-6.44,41.64]},"properties":{"lat":41.64,"lon":-6.44,"fecha":"2022-01-15","temp_mean":1.0,"temp_max":7.3,"temp_min":-2.7,"humidity_mean":76.0,"wind_speed_max":9.4,"wind_gusts_max":20.9,"precipitation":0.0,"soil_temp":1.04,"elevacion_centro":721.11,"cloud_cover":15.0,"NDVI":0.18}},{"type":"Feature","geometry":{"type":"Point","coordinates":[29.56,44.99]},"properties":{"lat":44.99,"lon":29.56,"fecha":"2022-01-21","temp_mean":0.5,"temp_max":3.0,"temp_min":-2.8,"humidity_mean":73.0,"wind_speed_max":17.4,"wind_gusts_max":29.5,"precipitation":0.1,"soil_temp":0.01,"elevacion_centro":0.34,"cloud_cover":70.0,"NDVI":0.0}},{"type":"Feature","geometry":{"type":"Point","coordinates":[3.62,44.17]},"properties":{"lat":44.17,"lon":3.62,"fecha":"2022-01-26","temp_mean":4.2,"temp_max":11.0,"temp_min":-0.8,"humidity_mean":44.0,"wind_speed_max":12.9,"wind_gusts_max":34.6,"precipitation":0.0,"soil_temp":2.01,"elevacion_centro":956.91,"cloud_cover":0.0,"NDVI":0.41}},{"type":"Feature","geometry":{"type":"Point","coordinates":[-6.22,42.24]},"properties":{"lat":42.24,"lon":-6.22,"fecha":"2022-01-26","temp_mean":1.1,"temp_max":5.9,"temp_min":-2.0,"humidity_mean":72.0,"wind_speed_max":12.9,"wind_gusts_max":33.5,"precipitation":0.0,"soil_temp":0.69,"elevacion_centro":1208.55,"cloud_cover":2.0,"NDVI":0.52}},{"type":"Feature","geometry":{"type":"Point","coordinates":[-7.48,40.41]},"properties":{"lat":40.41,"lon":-7.48,"fecha":"2022-01-27","temp_mean":8.7,"temp_max":11.9,"temp_min":5.6,"humidity_mean":65.0,"wind_speed_max":10.2,"wind_gusts_max":25.2,"precipitation":0.0,"soil_temp":4.16,"elevacion_centro":743.46,"cloud_cover":13.0,"NDVI":0.61}},{"type":"Feature","geometry":{"type":"Point","coordinates":[-6.83,41.97]},"properties":{"lat":41.97,"lon":-6.83,"fecha":"2022-01-28","temp_mean":4.9,"temp_max":8.9,"temp_min":2.8,"humidity_mean":33.0,"wind_speed_max":19.8,"wind_gusts_max":56.5,"precipitation":0.0,"soil_temp":1.35,"elevacion_centro":1123.85,"cloud_cover":0.0,"NDVI":0.32}},{"type":"Feature","geometry":{"type":"Point","coordinates":[-3.52,36.96]},"properties":{"lat":36.96,"lon":-3.52,"fecha":"2022-01-29","temp_mean":5.6,"temp_max":12.2,"temp_min":1.0,"humidity_mean":43.0,"wind_speed_max":12.1,"wind_gusts_max":47.2,"precipitation":0.0,"soil_temp":8.41,"elevacion_centro":1333.78,"cloud_cover":0.0,"NDVI":0.22}},{"type":"Feature","geometry":{"type":"Point","coordinates":[-7.8,41.79]},"properties":{"lat":41.79,"lon":-7.8,"fecha":"2022-01-29","temp_mean":5.0,"temp_max":10.5,"temp_min":0.9,"humidity_mean":43.0,"wind_speed_max":12.0,"wind_gusts_max":26.6,"precipitation":0.0,"soil_temp":2.5,"elevacion_centro":974.79,"cloud_cover":8.0,"NDVI":0.47}},{"type":"Feature","geometry":{"type":"Point","coordinates":[-8.25,41.79]},"properties":{"lat":41.79,"lon":-8.25,"fecha":"2022-01-29","temp_mean":4.2,"temp_max":13.7,"temp_min":-1.2,"humidity_mean":46.0,"wind_speed_max":12.8,"wind_gusts_max":36.7,"precipitation":0.0,"soil_temp":4.58,"elevacion_centro":914.78,"cloud_cover":3.0,"NDVI":0.39}},{"type":"Feature","geometry":{"type":"Point","coordinates":[-7.86,41.36]},"properties":{"lat":41.36,"lon":-7.86,"fecha":"2022-01-30","temp_mean":4.8,"temp_max":11.5,"temp_min":-1.3,"humidity_mean":51.0,"wind_speed_max":13.4,"wind_gusts_max":32.0,"precipitation":0.0,"soil_temp":4.73,"elevacion_centro":909.64,"cloud_cover":4.0,"NDVI":-0.03}},{"type":"Feature","geometry":{"type":"Point","coordinates":[-6.92,40.34]},"properties":{"lat":40.34,"lon":-6.92,"fecha":"2022-01-30","temp_mean":8.0,"temp_max":13.3,"temp_min":3.1,"humidity_mean":40.0,"wind_speed_max":11.8,"wind_gusts_max":28.8,"precipitation":0.0,"soil_temp":2.54,"elevacion_centro":981.11,"cloud_cover":7.0,"NDVI":0.25}},{"type":"Feature","geometry":{"type":"Point","coordinates":[8.83,46.11]},"properties":{"lat":46.11,"lon":8.83,"fecha":"2022-01-30","temp_mean":-1.3,"temp_max":5.5,"temp_min":-6.0,"humidity_mean":55.0,"wind_speed_max":11.0,"wind_gusts_max":70.2,"precipitation":0.0,"soil_temp":0.88,"elevacion_centro":1556.39,"cloud_cover":12.0,"NDVI":0.29}},{"type":"Feature","geometry":{"type":"Point","coordinates":[27.77,44.17]},"properties":{"lat":44.17,"lon":27.77,"fecha":"2022-01-30","temp_mean":1.0,"temp_max":4.2,"temp_min":-1.6,"humidity_mean":69.0,"wind_speed_max":22.5,"wind_gusts_max":40.7,"precipitation":0.2,"soil_temp":0.01,"elevacion_centro":37.46,"cloud_cover":43.0,"NDVI":0.26}},{"type":"Feature","geometry":{"type":"Point","coordinates":[-0.58,53.41]},"properties":{"lat":53.41,"lon":-0.58,"fecha":"2022-01-30","temp_mean":4.1,"temp_max":7.5,"temp_min":-0.9,"humidity_mean":79.0,"wind_speed_max":32.2,"wind_gusts_max":63.0,"precipitation":0.9,"soil_temp":3.16,"elevacion_centro":56.52,"cloud_cover":68.0,"NDVI":0.24}},{"type":"Feature","geometry":{"type":"Point","coordinates":[-7.13,42.03]},"properties":{"lat":42.03,"lon":-7.13,"fecha":"2022-01-30","temp_mean":3.6,"temp_max":12.0,"temp_min":-1.9,"humidity_mean":48.0,"wind_speed_max":14.2,"wind_gusts_max":29.2,"precipitation":0.0,"soil_temp":1.88,"elevacion_centro":1133.29,"cloud_cover":6.0,"NDVI":0.36}},{"type":"Feature","geometry":{"type":"Point","coordinates":[-7.7,41.89]},"properties":{"lat":41.89,"lon":-7.7,"fecha":"2022-01-31","temp_mean":5.0,"temp_max":9.8,"temp_min":1.0,"humidity_mean":49.0,"wind_speed_max":18.3,"wind_gusts_max":39.2,"precipitation":0.0,"soil_temp":2.66,"elevacion_centro":1096.78,"cloud_cover":1.0,"NDVI":0.27}},{"type":"Feature","geometry":{"type":"Point","coordinates":[-7.69,41.74]},"properties":{"lat":41.74,"lon":-7.69,"fecha":"2022-02-01","temp_mean":4.5,"temp_max":11.2,"temp_min":-0.6,"humidity_mean":72.0,"wind_speed_max":10.3,"wind_gusts_max":23.0,"precipitation":0.0,"soil_temp":3.62,"elevacion_centro":805.9,"cloud_cover":2.0,"NDVI":0.34}},{"type":"Feature","geometry":{"type":"Point","coordinates":[-8.32,41.85]},"properties":{"lat":41.85,"lon":-8.32,"fecha":"2022-02-02","temp_mean":8.9,"temp_max":16.9,"temp_min":3.2,"humidity_mean":72.0,"wind_speed_max":11.3,"wind_gusts_max":31.3,"precipitation":0.0,"soil_temp":6.76,"elevacion_centro":483.85,"cloud_cover":23.0,"NDVI":0.32}},{"type":"Feature","geometry":{"type":"Point","coordinates":[29.33,44.99]},"properties":{"lat":44.99,"lon":29.33,"fecha":"2022-02-06","temp_mean":3.5,"temp_max":8.1,"temp_min":-0.4,"humidity_mean":74.0,"wind_speed_max":20.6,"wind_gusts_max":38.2,"precipitation":0.0,"soil_temp":0.39,"elevacion_centro":0.65,"cloud_cover":37.0,"NDVI":0.16}},{"type":"Feature","geometry":{"type":"Point","coordinates":[23.8,46.13]},"properties":{"lat":46.13,"lon":23.8,"fecha":"2022-02-06","temp_mean":1.4,"temp_max":5.8,"temp_min":-1.9,"humidity_mean":67.0,"wind_speed_max":17.1,"wind_gusts_max":34.2,"precipitation":0.0,"soil_temp":-0.71,"elevacion_centro":285.0,"cloud_cover":73.0,"NDVI":0.06}},{"type":"Feature","geometry":{"type":"Point","coordinates":[-8.43,41.24]},"properties":{"lat":41.24,"lon":-8.43,"fecha":"2022-02-07","temp_mean":10.3,"temp_max":16.5,"temp_min":5.9,"humidity_mean":55.0,"wind_speed_max":17.9,"wind_gusts_max":36.4,"precipitation":0.0,"soil_temp":6.7,"elevacion_centro":261.22,"cloud_cover":9.0,"NDVI":0.62}},{"type":"Feature","geometry":{"type":"Point","coordinates":[26.65,46.83]},"properties":{"lat":46.83,"lon":26.65,"fecha":"2022-02-08","temp_mean":1.2,"temp_max":3.8,"temp_min":-3.8,"humidity_mean":68.0,"wind_speed_max":31.3,"wind_gusts_max":62.3,"precipitation":0.0,"soil_temp":0.01,"elevacion_centro":272.45,"cloud_cover":76.0,"NDVI":0.09}},{"type":"Feature","geometry":{"type":"Point","coordinates":[2.39,42.7]},"properties":{"lat":42.7,"lon":2.39,"fecha":"2022-02-08","temp_mean":4.7,"temp_max":11.2,"temp_min":-1.1,"humidity_mean":74.0,"wind_speed_max":14.8,"wind_gusts_max":46.1,"precipitation":0.0,"soil_temp":5.06,"elevacion_centro":1012.31,"cloud_cover":44.0,"NDVI":0.36}},{"type":"Feature","geometry":{"type":"Point","coordinates":[-6.22,42.82]},"properties":{"lat":42.82,"lon":-6.22,"fecha":"2022-02-08","temp_mean":2.2,"temp_max":10.0,"temp_min":-3.6,"humidity_mean":53.0,"wind_speed_max":11.2,"wind_gusts_max":29.5,"precipitation":0.0,"soil_temp":2.69,"elevacion_centro":1695.05,"cloud_cover":0.0,"NDVI":0.63}},{"type":"Feature","geometry":{"type":"Point","coordinates":[-5.53,43.1]},"properties":{"lat":43.1,"lon":-5.53,"fecha":"2022-02-10","temp_mean":5.0,"temp_max":12.3,"temp_min":0.9,"humidity_mean":74.0,"wind_speed_max":13.0,"wind_gusts_max":37.1,"precipitation":8.2,"soil_temp":2.18,"elevacion_centro":1213.29,"cloud_cover":53.0,"NDVI":0.44}},{"type":"Feature","geometry":{"type":"Point","coordinates":[27.56,44.53]},"properties":{"lat":44.53,"lon":27.56,"fecha":"2022-02-10","temp_mean":5.5,"temp_max":11.8,"temp_min":1.4,"humidity_mean":72.0,"wind_speed_max":16.9,"wind_gusts_max":31.3,"precipitation":0.0,"soil_temp":2.25,"elevacion_centro":35.67,"cloud_cover":25.0,"NDVI":0.1}},{"type":"Feature","geometry":{"type":"Point","coordinates":[-1.32,43.08]},"properties":{"lat":43.08,"lon":-1.32,"fecha":"2022-02-10","temp_mean":7.6,"temp_max":14.4,"temp_min":3.0,"humidity_mean":70.0,"wind_speed_max":14.0,"wind_gusts_max":33.5,"precipitation":0.0,"soil_temp":6.33,"elevacion_centro":827.3,"cloud_cover":21.0,"NDVI":0.43}},{"type":"Feature","geometry":{"type":"Point","coordinates":[1.11,42.68]},"properties":{"lat":42.68,"lon":1.11,"fecha":"2022-02-10","temp_mean":2.9,"temp_max":5.8,"temp_min":0.6,"humidity_mean":61.0,"wind_speed_max":8.3,"wind_gusts_max":33.1,"precipitation":0.0,"soil_temp":0.69,"elevacion_centro":1643.16,"cloud_cover":11.0,"NDVI":0.18}},{"type":"Feature","geometry":{"type":"Point","coordinates":[28.26,45.68]},"properties":{"lat":45.68,"lon":28.26,"fecha":"2022-02-11","temp_mean":5.3,"temp_max":13.2,"temp_min":-0.9,"humidity_mean":76.0,"wind_speed_max":15.3,"wind_gusts_max":28.1,"precipitation":0.0,"soil_temp":3.58,"elevacion_centro":123.72,"cloud_cover":30.0,"NDVI":0.14}},{"type":"Feature","geometry":{"type":"Point","coordinates":[21.94,41.45]},"properties":{"lat":41.45,"lon":21.94,"fecha":"2022-02-14","temp_mean":5.8,"temp_max":11.2,"temp_min":-0.6,"humidity_mean":72.0,"wind_speed_max":8.6,"wind_gusts_max":21.2,"precipitation":0.7,"soil_temp":1.51,"elevacion_centro":218.28,"cloud_cover":40.0,"NDVI":-0.07}},{"type":"Feature","geometry":{"type":"Point","coordinates":[22.65,44.45]},"properties":{"lat":44.45,"lon":22.65,"fecha":"2022-02-15","temp_mean":4.1,"temp_max":11.1,"temp_min":-1.2,"humidity_mean":78.0,"wind_speed_max":10.4,"wind_gusts_max":14.8,"precipitation":0.0,"soil_temp":2.28,"elevacion_centro":87.03,"cloud_cover":57.0,"NDVI":0.19}},{"type":"Feature","geometry":{"type":"Point","coordinates":[28.89,45.21]},"properties":{"lat":45.21,"lon":28.89,"fecha":"2022-02-15","temp_mean":3.6,"temp_max":10.5,"temp_min":-0.3,"humidity_mean":85.0,"wind_speed_max":15.8,"wind_gusts_max":29.9,"precipitation":0.0,"soil_temp":1.6,"elevacion_centro":3.63,"cloud_cover":22.0,"NDVI":0.21}},{"type":"Feature","geometry":{"type":"Point","coordinates":[-3.95,38.64]},"properties":{"lat":38.64,"lon":-3.95,"fecha":"2022-02-17","temp_mean":10.0,"temp_max":19.0,"temp_min":2.8,"humidity_mean":72.0,"wind_speed_max":8.7,"wind_gusts_max":19.4,"precipitation":0.0,"soil_temp":9.31,"elevacion_centro":670.84,"cloud_cover":27.0,"NDVI":0.08}},{"type":"Feature","geometry":{"type":"Point","coordinates":[18.1,45.1]},"properties":{"lat":45.1,"lon":18.1,"fecha":"2022-02-18","temp_mean":9.6,"temp_max":16.3,"temp_min":4.8,"humidity_mean":67.0,"wind_speed_max":12.9,"wind_gusts_max":27.7,"precipitation":1.0,"soil_temp":5.96,"elevacion_centro":86.55,"cloud_cover":25.0,"NDVI":0.18}},{"type":"Feature","geometry":{"type":"Point","coordinates":[20.72,48.18]},"properties":{"lat":48.18,"lon":20.72,"fecha":"2022-02-19","temp_mean":7.2,"temp_max":10.9,"temp_min":2.0,"humidity_mean":48.0,"wind_speed_max":31.4,"wind_gusts_max":60.5,"precipitation":0.0,"soil_temp":3.81,"elevacion_centro":212.21,"cloud_cover":85.0,"NDVI":0.22}},{"type":"Feature","geometry":{"type":"Point","coordinates":[20.74,48.41]},"properties":{"lat":48.41,"lon":20.74,"fecha":"2022-02-19","temp_mean":5.7,"temp_max":11.1,"temp_min":0.3,"humidity_mean":56.0,"wind_speed_max":29.9,"wind_gusts_max":61.2,"precipitation":0.0,"soil_temp":2.27,"elevacion_centro":157.01,"cloud_cover":83.0,"NDVI":0.11}},{"type":"Feature","geometry":{"type":"Point","coordinates":[24.98,42.33]},"properties":{"lat":42.33,"lon":24.98,"fecha":"2022-02-21","temp_mean":8.3,"temp_max":13.5,"temp_min":4.2,"humidity_mean":78.0,"wind_speed_max":12.9,"wind_gusts_max":28.4,"precipitation":0.0,"soil_temp":4.66,"elevacion_centro":221.05,"cloud_cover":21.0,"NDVI":0.14}},{"type":"Feature","geometry":{"type":"Point","coordinates":[7.42,44.77]},"properties":{"lat":44.77,"lon":7.42,"fecha":"2022-02-21","temp_mean":9.2,"temp_max":15.1,"temp_min":3.6,"humidity_mean":45.0,"wind_speed_max":23.0,"wind_gusts_max":55.1,"precipitation":0.0,"soil_temp":4.57,"elevacion_centro":267.08,"cloud_cover":72.0,"NDVI":0.18}},{"type":"Feature","geometry":{"type":"Point","coordinates":[3.21,42.26]},"properties":{"lat":42.26,"lon":3.21,"fecha":"2022-02-22","temp_mean":11.7,"temp_max":16.6,"temp_min":8.7,"humidity_mean":48.0,"wind_speed_max":34.7,"wind_gusts_max":66.6,"precipitation":0.0,"soil_temp":10.46,"elevacion_centro":297.73,"cloud_cover":20.0,"NDVI":0.48}},{"type":"Feature","geometry":{"type":"Point","coordinates":[-6.23,38.42]},"properties":{"lat":38.42,"lon":-6.23,"fecha":"2022-02-22","temp_mean":13.5,"temp_max":22.2,"temp_min":7.5,"humidity_mean":32.0,"wind_speed_max":14.2,"wind_gusts_max":32.8,"precipitation":0.0,"soil_temp":10.42,"elevacion_centro":522.07,"cloud_cover":14.0,"NDVI":0.12}},{"type":"Feature","geometry":{"type":"Point","coordinates":[27.0,46.91]},"properties":{"lat":46.91,"lon":27.0,"fecha":"2022-02-25","temp_mean":2.1,"temp_max":9.6,"temp_min":-2.5,"humidity_mean":69.0,"wind_speed_max":12.6,"wind_gusts_max":23.4,"precipitation":0.0,"soil_temp":1.43,"elevacion_centro":202.86,"cloud_cover":35.0,"NDVI":0.14}},{"type":"Feature","geometry":{"type":"Point","coordinates":[-6.97,42.05]},"properties":{"lat":42.05,"lon":-6.97,"fecha":"2022-02-26","temp_mean":1.4,"temp_max":5.2,"temp_min":-1.8,"humidity_mean":70.0,"wind_speed_max":18.9,"wind_gusts_max":48.6,"precipitation":0.0,"soil_temp":4.98,"elevacion_centro":1613.89,"cloud_cover":64.0,"NDVI":0.6}},{"type":"Feature","geometry":{"type":"Point","coordinates":[28.03,44.23]},"properties":{"lat":44.23,"lon":28.03,"fecha":"2022-02-26","temp_mean":5.1,"temp_max":10.7,"temp_min":-0.4,"humidity_mean":73.0,"wind_speed_max":18.0,"wind_gusts_max":33.8,"precipitation":0.0,"soil_temp":4.26,"elevacion_centro":71.04,"cloud_cover":76.0,"NDVI":0.16}},{"type":"Feature","geometry":{"type":"Point","coordinates":[20.8,48.0]},"properties":{"lat":48.0,"lon":20.8,"fecha":"2022-02-27","temp_mean":3.8,"temp_max":8.4,"temp_min":0.4,"humidity_mean":58.0,"wind_speed_max":23.0,"wind_gusts_max":42.8,"precipitation":0.0,"soil_temp":2.59,"elevacion_centro":176.01,"cloud_cover":46.0,"NDVI":0.16}},{"type":"Feature","geometry":{"type":"Point","coordinates":[-0.02,44.06]},"properties":{"lat":44.06,"lon":-0.02,"fecha":"2022-03-01","temp_mean":10.3,"temp_max":16.9,"temp_min":3.3,"humidity_mean":72.0,"wind_speed_max":14.1,"wind_gusts_max":31.0,"precipitation":0.0,"soil_temp":8.9,"elevacion_centro":149.49,"cloud_cover":87.0,"NDVI":0.18}},{"type":"Feature","geometry":{"type":"Point","coordinates":[9.27,40.06]},"properties":{"lat":40.06,"lon":9.27,"fecha":"2022-03-02","temp_mean":-0.1,"temp_max":5.9,"temp_min":-4.6,"humidity_mean":58.0,"wind_speed_max":11.9,"wind_gusts_max":31.7,"precipitation":0.0,"soil_temp":4.32,"elevacion_centro":1301.88,"cloud_cover":21.0,"NDVI":0.3}},{"type":"Feature","geometry":{"type":"Point","coordinates":[6.85,43.93]},"properties":{"lat":43.93,"lon":6.85,"fecha":"2022-03-03","temp_mean":1.5,"temp_max":7.5,"temp_min":-2.5,"humidity_mean":82.0,"wind_speed_max":9.3,"wind_gusts_max":26.6,"precipitation":0.0,"soil_temp":1.79,"elevacion_centro":1278.21,"cloud_cover":65.0,"NDVI":0.42}},{"type":"Feature","geometry":{"type":"Point","coordinates":[13.91,44.95]},"properties":{"lat":44.95,"lon":13.91,"fecha":"2022-03-05","temp_mean":4.5,"temp_max":7.2,"temp_min":2.8,"humidity_mean":53.0,"wind_speed_max":24.0,"wind_gusts_max":49.7,"precipitation":0.0,"soil_temp":3.76,"elevacion_centro":147.09,"cloud_cover":6.0,"NDVI":0.33}},{"type":"Feature","geometry":{"type":"Point","coordinates":[14.03,45.27]},"properties":{"lat":45.27,"lon":14.03,"fecha":"2022-03-05","temp_mean":2.2,"temp_max":6.1,"temp_min":-1.1,"humidity_mean":57.0,"wind_speed_max":15.6,"wind_gusts_max":38.9,"precipitation":0.0,"soil_temp":2.62,"elevacion_centro":308.89,"cloud_cover":16.0,"NDVI":0.36}},{"type":"Feature","geometry":{"type":"Point","coordinates":[11.01,48.58]},"properties":{"lat":48.58,"lon":11.01,"fecha":"2022-03-09","temp_mean":1.9,"temp_max":10.5,"temp_min":-4.0,"humidity_mean":53.0,"wind_speed_max":9.8,"wind_gusts_max":18.4,"precipitation":0.0,"soil_temp":-0.03,"elevacion_centro":467.78,"cloud_cover":17.0,"NDVI":0.41}},{"type":"Feature","geometry":{"type":"Point","coordinates":[21.49,55.12]},"properties":{"lat":55.12,"lon":21.49,"fecha":"2022-03-10","temp_mean":-2.8,"temp_max":1.1,"temp_min":-5.8,"humidity_mean":48.0,"wind_speed_max":12.2,"wind_gusts_max":27.0,"precipitation":0.0,"soil_temp":0.0,"elevacion_centro":2.18,"cloud_cover":12.0,"NDVI":0.2}},{"type":"Feature","geometry":{"type":"Point","coordinates":[18.3,42.93]},"properties":{"lat":42.93,"lon":18.3,"fecha":"2022-03-13","temp_mean":-1.2,"temp_max":5.0,"temp_min":-6.7,"humidity_mean":52.0,"wind_speed_max":7.5,"wind_gusts_max":22.7,"precipitation":0.0,"soil_temp":-0.63,"elevacion_centro":984.03,"cloud_cover":0.0,"NDVI":0.07}},{"type":"Feature","geometry":{"type":"Point","coordinates":[21.39,55.04]},"properties":{"lat":55.04,"lon":21.39,"fecha":"2022-03-13","temp_mean":1.4,"temp_max":9.1,"temp_min":-4.5,"humidity_mean":68.0,"wind_speed_max":11.6,"wind_gusts_max":19.8,"precipitation":0.0,"soil_temp":-0.45,"elevacion_centro":1.08,"cloud_cover":0.0,"NDVI":0.24}},{"type":"Feature","geometry":{"type":"Point","coordinates":[29.43,37.37]},"properties":{"lat":37.37,"lon":29.43,"fecha":"2022-03-13","temp_mean":-3.3,"temp_max":1.2,"temp_min":-7.7,"humidity_mean":55.0,"wind_speed_max":17.2,"wind_gusts_max":40.7,"precipitation":0.6,"soil_temp":-2.92,"elevacion_centro":860.01,"cloud_cover":30.0,"NDVI":0.1}},{"type":"Feature","geometry":{"type":"Point","coordinates":[15.55,45.36]},"properties":{"lat":45.36,"lon":15.55,"fecha":"2022-03-13","temp_mean":2.1,"temp_max":12.4,"temp_min":-5.2,"humidity_mean":54.0,"wind_speed_max":13.0,"wind_gusts_max":31.7,"precipitation":0.0,"soil_temp":-0.34,"elevacion_centro":176.46,"cloud_cover":0.0,"NDVI":0.24}},{"type":"Feature","geometry":{"type":"Point","coordinates":[28.38,53.01]},"properties":{"lat":53.01,"lon":28.38,"fecha":"2022-03-14","temp_mean":1.0,"temp_max":7.1,"temp_min":-3.8,"humidity_mean":68.0,"wind_speed_max":17.6,"wind_gusts_max":34.2,"precipitation":0.0,"soil_temp":-0.39,"elevacion_centro":158.42,"cloud_cover":17.0,"NDVI":0.1}},{"type":"Feature","geometry":{"type":"Point","coordinates":[31.51,53.07]},"properties":{"lat":53.07,"lon":31.51,"fecha":"2022-03-15","temp_mean":0.0,"temp_max":6.2,"temp_min":-4.6,"humidity_mean":67.0,"wind_speed_max":14.7,"wind_gusts_max":27.7,"precipitation":0.0,"soil_temp":-0.44,"elevacion_centro":150.23,"cloud_cover":30.0,"NDVI":0.03}},{"type":"Feature","geometry":{"type":"Point","coordinates":[20.84,54.67]},"properties":{"lat":54.67,"lon":20.84,"fecha":"2022-03-15","temp_mean":3.2,"temp_max":11.1,"temp_min":-1.5,"humidity_mean":74.0,"wind_speed_max":12.3,"wind_gusts_max":21.2,"precipitation":0.0,"soil_temp":0.01,"elevacion_centro":9.01,"cloud_cover":1.0,"NDVI":0.05}},{"type":"Feature","geometry":{"type":"Point","coordinates":[27.96,46.78]},"properties":{"lat":46.78,"lon":27.96,"fecha":"2022-03-15","temp_mean":2.5,"temp_max":9.9,"temp_min":-4.3,"humidity_mean":57.0,"wind_speed_max":12.2,"wind_gusts_max":28.1,"precipitation":0.0,"soil_temp":0.01,"elevacion_centro":161.79,"cloud_cover":37.0,"NDVI":0.33}},{"type":"Feature","geometry":{"type":"Point","coordinates":[22.67,54.65]},"properties":{"lat":54.65,"lon":22.67,"fecha":"2022-03-16","temp_mean":3.7,"temp_max":10.9,"temp_min":-1.2,"humidity_mean":70.0,"wind_speed_max":14.8,"wind_gusts_max":30.6,"precipitation":0.0,"soil_temp":0.26,"elevacion_centro":63.22,"cloud_cover":28.0,"NDVI":0.22}},{"type":"Feature","geometry":{"type":"Point","coordinates":[33.51,39.14]},"properties":{"lat":39.14,"lon":33.51,"fecha":"2022-03-16","temp_mean":0.4,"temp_max":3.5,"temp_min":-4.0,"humidity_mean":63.0,"wind_speed_max":15.2,"wind_gusts_max":32.4,"precipitation":0.0,"soil_temp":-1.87,"elevacion_centro":847.22,"cloud_cover":44.0,"NDVI":0.08}},{"type":"Feature","geometry":{"type":"Point","coordinates":[28.19,52.3]},"properties":{"lat":52.3,"lon":28.19,"fecha":"2022-03-16","temp_mean":0.1,"temp_max":5.5,"temp_min":-4.6,"humidity_mean":60.0,"wind_speed_max":19.5,"wind_gusts_max":37.1,"precipitation":0.0,"soil_temp":0.01,"elevacion_centro":132.95,"cloud_cover":3.0,"NDVI":0.11}},{"type":"Feature","geometry":{"type":"Point","coordinates":[31.79,52.3]},"properties":{"lat":52.3,"lon":31.79,"fecha":"2022-03-16","temp_mean":-2.0,"temp_max":3.2,"temp_min":-6.2,"humidity_mean":61.0,"wind_speed_max":14.2,"wind_gusts_max":29.9,"precipitation":0.0,"soil_temp":-1.38,"elevacion_centro":159.07,"cloud_cover":22.0,"NDVI":0.23}},{"type":"Feature","geometry":{"type":"Point","coordinates":[20.59,54.53]},"properties":{"lat":54.53,"lon":20.59,"fecha":"2022-03-17","temp_mean":3.8,"temp_max":9.4,"temp_min":-1.0,"humidity_mean":67.0,"wind_speed_max":16.1,"wind_gusts_max":34.2,"precipitation":0.0,"soil_temp":2.09,"elevacion_centro":18.49,"cloud_cover":1.0,"NDVI":0.21}},{"type":"Feature","geometry":{"type":"Point","coordinates":[19.17,50.59]},"properties":{"lat":50.59,"lon":19.17,"fecha":"2022-03-17","temp_mean":3.5,"temp_max":8.2,"temp_min":-0.6,"humidity_mean":62.0,"wind_speed_max":20.2,"wind_gusts_max":37.8,"precipitation":0.0,"soil_temp":2.44,"elevacion_centro":295.2,"cloud_cover":45.0,"NDVI":0.17}},{"type":"Feature","geometry":{"type":"Point","coordinates":[30.33,53.47]},"properties":{"lat":53.47,"lon":30.33,"fecha":"2022-03-18","temp_mean":-2.6,"temp_max":3.0,"temp_min":-7.1,"humidity_mean":58.0,"wind_speed_max":9.0,"wind_gusts_max":17.6,"precipitation":0.0,"soil_temp":-4.01,"elevacion_centro":137.87,"cloud_cover":0.0,"NDVI":0.13}},{"type":"Feature","geometry":{"type":"Point","coordinates":[31.44,53.13]},"properties":{"lat":53.13,"lon":31.44,"fecha":"2022-03-19","temp_mean":0.1,"temp_max":6.6,"temp_min":-5.7,"humidity_mean":54.0,"wind_speed_max":16.0,"wind_gusts_max":28.8,"precipitation":0.0,"soil_temp":-2.88,"elevacion_centro":153.54,"cloud_cover":1.0,"NDVI":0.1}},{"type":"Feature","geometry":{"type":"Point","coordinates":[31.59,52.82]},"properties":{"lat":52.82,"lon":31.59,"fecha":"2022-03-19","temp_mean":0.0,"temp_max":6.9,"temp_min":-6.0,"humidity_mean":55.0,"wind_speed_max":16.1,"wind_gusts_max":29.2,"precipitation":0.0,"soil_temp":-2.69,"elevacion_centro":137.98,"cloud_cover":1.0,"NDVI":0.14}},{"type":"Feature","geometry":{"type":"Point","coordinates":[32.05,52.7]},"properties":{"lat":52.7,"lon":32.05,"fecha":"2022-03-19","temp_mean":0.1,"temp_max":6.8,"temp_min":-5.7,"humidity_mean":58.0,"wind_speed_max":15.6,"wind_gusts_max":30.6,"precipitation":0.0,"soil_temp":-2.83,"elevacion_centro":158.23,"cloud_cover":1.0,"NDVI":0.13}},{"type":"Feature","geometry":{"type":"Point","coordinates":[25.56,43.48]},"properties":{"lat":43.48,"lon":25.56,"fecha":"2022-03-20","temp_mean":0.3,"temp_max":6.7,"temp_min":-5.2,"humidity_mean":50.0,"wind_speed_max":18.7,"wind_gusts_max":36.7,"precipitation":0.0,"soil_temp":0.54,"elevacion_centro":128.23,"cloud_cover":16.0,"NDVI":0.66}},{"type":"Feature","geometry":{"type":"Point","coordinates":[21.21,47.39]},"properties":{"lat":47.39,"lon":21.21,"fecha":"2022-03-20","temp_mean":1.9,"temp_max":9.1,"temp_min":-3.6,"humidity_mean":51.0,"wind_speed_max":13.2,"wind_gusts_max":27.4,"precipitation":0.0,"soil_temp":3.13,"elevacion_centro":88.71,"cloud_cover":3.0,"NDVI":0.09}},{"type":"Feature","geometry":{"type":"Point","coordinates":[17.28,43.44]},"properties":{"lat":43.44,"lon":17.28,"fecha":"2022-03-20","temp_mean":1.9,"temp_max":9.1,"temp_min":-4.2,"humidity_mean":49.0,"wind_speed_max":12.4,"wind_gusts_max":33.8,"precipitation":0.0,"soil_temp":0.71,"elevacion_centro":559.31,"cloud_cover":1.0,"NDVI":0.37}},{"type":"Feature","geometry":{"type":"Point","coordinates":[-4.87,51.99]},"properties":{"lat":51.99,"lon":-4.87,"fecha":"2022-03-20","temp_mean":6.4,"temp_max":10.0,"temp_min":3.0,"humidity_mean":59.0,"wind_speed_max":27.5,"wind_gusts_max":58.7,"precipitation":0.0,"soil_temp":6.76,"elevacion_centro":299.96,"cloud_cover":18.0,"NDVI":0.31}},{"type":"Feature","geometry":{"type":"Point","coordinates":[29.48,44.83]},"properties":{"lat":44.83,"lon":29.48,"fecha":"2022-03-20","temp_mean":1.9,"temp_max":5.0,"temp_min":-1.5,"humidity_mean":50.0,"wind_speed_max":27.3,"wind_gusts_max":49.7,"precipitation":0.0,"soil_temp":0.94,"elevacion_centro":-0.72,"cloud_cover":10.0,"NDVI":0.05}},{"type":"Feature","geometry":{"type":"Point","coordinates":[25.16,41.05]},"properties":{"lat":41.05,"lon":25.16,"fecha":"2022-03-20","temp_mean":4.8,"temp_max":9.3,"temp_min":0.8,"humidity_mean":39.0,"wind_speed_max":20.4,"wind_gusts_max":41.8,"precipitation":0.0,"soil_temp":1.52,"elevacion_centro":1.88,"cloud_cover":0.0,"NDVI":0.1}},{"type":"Feature","geometry":{"type":"Point","coordinates":[29.39,44.9]},"properties":{"lat":44.9,"lon":29.39,"fecha":"2022-03-20","temp_mean":0.9,"temp_max":6.7,"temp_min":-3.1,"humidity_mean":50.0,"wind_speed_max":26.2,"wind_gusts_max":49.3,"precipitation":0.0,"soil_temp":0.94,"elevacion_centro":0.46,"cloud_cover":10.0,"NDVI":0.17}},{"type":"Feature","geometry":{"type":"Point","coordinates":[26.28,45.13]},"properties":{"lat":45.13,"lon":26.28,"fecha":"2022-03-20","temp_mean":2.3,"temp_max":8.8,"temp_min":-2.8,"humidity_mean":39.0,"wind_speed_max":18.1,"wind_gusts_max":40.3,"precipitation":0.0,"soil_temp":0.72,"elevacion_centro":190.09,"cloud_cover":6.0,"NDVI":0.21}},{"type":"Feature","geometry":{"type":"Point","coordinates":[29.17,45.21]},"properties":{"lat":45.21,"lon":29.17,"fecha":"2022-03-21","temp_mean":3.8,"temp_max":11.1,"temp_min":-2.8,"humidity_mean":51.0,"wind_speed_max":17.4,"wind_gusts_max":34.6,"precipitation":0.0,"soil_temp":2.05,"elevacion_centro":2.41,"cloud_cover":2.0,"NDVI":0.09}},{"type":"Feature","geometry":{"type":"Point","coordinates":[26.11,52.76]},"properties":{"lat":52.76,"lon":26.11,"fecha":"2022-03-21","temp_mean":3.5,"temp_max":11.6,"temp_min":-2.2,"humidity_mean":77.0,"wind_speed_max":10.1,"wind_gusts_max":20.2,"precipitation":0.0,"soil_temp":0.73,"elevacion_centro":158.5,"cloud_cover":0.0,"NDVI":0.16}},{"type":"Feature","geometry":{"type":"Point","coordinates":[24.64,46.9]},"properties":{"lat":46.9,"lon":24.64,"fecha":"2022-03-21","temp_mean":1.1,"temp_max":10.6,"temp_min":-5.4,"humidity_mean":48.0,"wind_speed_max":10.5,"wind_gusts_max":19.8,"precipitation":0.0,"soil_temp":-0.08,"elevacion_centro":604.25,"cloud_cover":5.0,"NDVI":0.25}},{"type":"Feature","geometry":{"type":"Point","coordinates":[26.74,45.34]},"properties":{"lat":45.34,"lon":26.74,"fecha":"2022-03-21","temp_mean":4.4,"temp_max":9.9,"temp_min":-0.7,"humidity_mean":36.0,"wind_speed_max":24.3,"wind_gusts_max":49.3,"precipitation":0.0,"soil_temp":0.33,"elevacion_centro":400.68,"cloud_cover":2.0,"NDVI":0.16}},{"type":"Feature","geometry":{"type":"Point","coordinates":[25.18,52.42]},"properties":{"lat":52.42,"lon":25.18,"fecha":"2022-03-21","temp_mean":3.1,"temp_max":11.3,"temp_min":-1.9,"humidity_mean":74.0,"wind_speed_max":11.2,"wind_gusts_max":22.7,"precipitation":0.0,"soil_temp":1.62,"elevacion_centro":145.81,"cloud_cover":0.0,"NDVI":0.21}},{"type":"Feature","geometry":{"type":"Point","coordinates":[27.42,48.04]},"properties":{"lat":48.04,"lon":27.42,"fecha":"2022-03-21","temp_mean":4.1,"temp_max":12.6,"temp_min":-2.0,"humidity_mean":54.0,"wind_speed_max":16.6,"wind_gusts_max":36.0,"precipitation":0.0,"soil_temp":1.55,"elevacion_centro":190.69,"cloud_cover":1.0,"NDVI":0.17}},{"type":"Feature","geometry":{"type":"Point","coordinates":[21.47,54.39]},"properties":{"lat":54.39,"lon":21.47,"fecha":"2022-03-22","temp_mean":6.6,"temp_max":14.9,"temp_min":-0.8,"humidity_mean":65.0,"wind_speed_max":11.6,"wind_gusts_max":19.1,"precipitation":0.0,"soil_temp":4.32,"elevacion_centro":51.87,"cloud_cover":0.0,"NDVI":0.19}},{"type":"Feature","geometry":{"type":"Point","coordinates":[21.83,54.56]},"properties":{"lat":54.56,"lon":21.83,"fecha":"2022-03-22","temp_mean":5.5,"temp_max":14.5,"temp_min":-2.2,"humidity_mean":68.0,"wind_speed_max":11.1,"wind_gusts_max":16.6,"precipitation":0.0,"soil_temp":3.21,"elevacion_centro":45.28,"cloud_cover":0.0,"NDVI":0.16}},{"type":"Feature","geometry":{"type":"Point","coordinates":[16.14,44.18]},"properties":{"lat":44.18,"lon":16.14,"fecha":"2022-03-22","temp_mean":4.3,"temp_max":10.9,"temp_min":-2.9,"humidity_mean":40.0,"wind_speed_max":22.0,"wind_gusts_max":61.2,"precipitation":0.0,"soil_temp":3.66,"elevacion_centro":871.76,"cloud_cover":2.0,"NDVI":0.25}},{"type":"Feature","geometry":{"type":"Point","coordinates":[20.68,54.71]},"properties":{"lat":54.71,"lon":20.68,"fecha":"2022-03-22","temp_mean":5.5,"temp_max":14.7,"temp_min":-2.5,"humidity_mean":66.0,"wind_speed_max":10.2,"wind_gusts_max":15.1,"precipitation":0.0,"soil_temp":4.18,"elevacion_centro":21.03,"cloud_cover":0.0,"NDVI":0.17}},{"type":"Feature","geometry":{"type":"Point","coordinates":[19.17,46.47]},"properties":{"lat":46.47,"lon":19.17,"fecha":"2022-03-22","temp_mean":6.8,"temp_max":16.5,"temp_min":-2.5,"humidity_mean":48.0,"wind_speed_max":15.7,"wind_gusts_max":33.5,"precipitation":0.0,"soil_temp":5.29,"elevacion_centro":92.09,"cloud_cover":0.0,"NDVI":0.17}},{"type":"Feature","geometry":{"type":"Point","coordinates":[27.39,53.32]},"properties":{"lat":53.32,"lon":27.39,"fecha":"2022-03-22","temp_mean":5.0,"temp_max":14.8,"temp_min":-2.3,"humidity_mean":75.0,"wind_speed_max":12.0,"wind_gusts_max":24.8,"precipitation":0.0,"soil_temp":2.28,"elevacion_centro":166.87,"cloud_cover":0.0,"NDVI":0.16}},{"type":"Feature","geometry":{"type":"Point","coordinates":[29.36,44.82]},"properties":{"lat":44.82,"lon":29.36,"fecha":"2022-03-22","temp_mean":5.6,"temp_max":8.6,"temp_min":2.7,"humidity_mean":70.0,"wind_speed_max":35.4,"wind_gusts_max":59.0,"precipitation":0.0,"soil_temp":3.63,"elevacion_centro":-1.26,"cloud_cover":0.0,"NDVI":0.11}},{"type":"Feature","geometry":{"type":"Point","coordinates":[29.21,44.93]},"properties":{"lat":44.93,"lon":29.21,"fecha":"2022-03-23","temp_mean":4.4,"temp_max":10.5,"temp_min":-0.6,"humidity_mean":59.0,"wind_speed_max":25.0,"wind_gusts_max":47.5,"precipitation":0.0,"soil_temp":3.75,"elevacion_centro":-0.12,"cloud_cover":0.0,"NDVI":0.1}},{"type":"Feature","geometry":{"type":"Point","coordinates":[19.38,42.78]},"properties":{"lat":42.78,"lon":19.38,"fecha":"2022-03-23","temp_mean":7.4,"temp_max":15.1,"temp_min":1.2,"humidity_mean":54.0,"wind_speed_max":14.1,"wind_gusts_max":59.8,"precipitation":0.0,"soil_temp":-0.29,"elevacion_centro":531.03,"cloud_cover":0.0,"NDVI":0.3}},{"type":"Feature","geometry":{"type":"Point","coordinates":[26.45,44.02]},"properties":{"lat":44.02,"lon":26.45,"fecha":"2022-03-23","temp_mean":5.9,"temp_max":14.0,"temp_min":-1.4,"humidity_mean":58.0,"wind_speed_max":18.4,"wind_gusts_max":36.7,"precipitation":0.0,"soil_temp":4.75,"elevacion_centro":15.74,"cloud_cover":0.0,"NDVI":0.12}},{"type":"Feature","geometry":{"type":"Point","coordinates":[29.5,45.24]},"properties":{"lat":45.24,"lon":29.5,"fecha":"2022-03-23","temp_mean":4.4,"temp_max":10.3,"temp_min":-1.1,"humidity_mean":57.0,"wind_speed_max":25.5,"wind_gusts_max":47.9,"precipitation":0.0,"soil_temp":3.75,"elevacion_centro":1.47,"cloud_cover":0.0,"NDVI":0.13}},{"type":"Feature","geometry":{"type":"Point","coordinates":[21.22,54.54]},"properties":{"lat":54.54,"lon":21.22,"fecha":"2022-03-23","temp_mean":5.0,"temp_max":13.7,"temp_min":-0.7,"humidity_mean":70.0,"wind_speed_max":17.7,"wind_gusts_max":37.8,"precipitation":0.0,"soil_temp":4.19,"elevacion_centro":6.64,"cloud_cover":11.0,"NDVI":0.08}},{"type":"Feature","geometry":{"type":"Point","coordinates":[15.87,39.89]},"properties":{"lat":39.89,"lon":15.87,"fecha":"2022-03-23","temp_mean":6.8,"temp_max":13.4,"temp_min":-0.2,"humidity_mean":56.0,"wind_speed_max":11.6,"wind_gusts_max":40.7,"precipitation":0.0,"soil_temp":5.66,"elevacion_centro":671.38,"cloud_cover":1.0,"NDVI":0.48}},{"type":"Feature","geometry":{"type":"Point","coordinates":[24.51,42.25]},"properties":{"lat":42.25,"lon":24.51,"fecha":"2022-03-24","temp_mean":10.7,"temp_max":19.9,"temp_min":3.2,"humidity_mean":41.0,"wind_speed_max":20.2,"wind_gusts_max":34.6,"precipitation":0.0,"soil_temp":2.61,"elevacion_centro":208.56,"cloud_cover":0.0,"NDVI":0.26}},{"type":"Feature","geometry":{"type":"Point","coordinates":[24.06,43.22]},"properties":{"lat":43.22,"lon":24.06,"fecha":"2022-03-24","temp_mean":12.0,"temp_max":19.6,"temp_min":4.2,"humidity_mean":39.0,"wind_speed_max":18.1,"wind_gusts_max":37.4,"precipitation":0.0,"soil_temp":2.52,"elevacion_centro":110.28,"cloud_cover":0.0,"NDVI":0.27}},{"type":"Feature","geometry":{"type":"Point","coordinates":[26.71,45.43]},"properties":{"lat":45.43,"lon":26.71,"fecha":"2022-03-24","temp_mean":8.3,"temp_max":17.0,"temp_min":-2.6,"humidity_mean":40.0,"wind_speed_max":23.7,"wind_gusts_max":51.1,"precipitation":0.0,"soil_temp":5.57,"elevacion_centro":448.04,"cloud_cover":0.0,"NDVI":0.19}},{"type":"Feature","geometry":{"type":"Point","coordinates":[21.87,36.76]},"properties":{"lat":36.76,"lon":21.87,"fecha":"2022-03-24","temp_mean":9.0,"temp_max":14.8,"temp_min":3.1,"humidity_mean":60.0,"wind_speed_max":23.4,"wind_gusts_max":49.7,"precipitation":0.0,"soil_temp":8.67,"elevacion_centro":398.69,"cloud_cover":0.0,"NDVI":0.51}},{"type":"Feature","geometry":{"type":"Point","coordinates":[23.77,51.94]},"properties":{"lat":51.94,"lon":23.77,"fecha":"2022-03-24","temp_mean":4.9,"temp_max":10.8,"temp_min":-0.4,"humidity_mean":67.0,"wind_speed_max":25.4,"wind_gusts_max":50.8,"precipitation":0.0,"soil_temp":3.35,"elevacion_centro":147.01,"cloud_cover":11.0,"NDVI":0.27}},{"type":"Feature","geometry":{"type":"Point","coordinates":[-6.97,52.5]},"properties":{"lat":52.5,"lon":-6.97,"fecha":"2022-03-24","temp_mean":8.1,"temp_max":13.8,"temp_min":2.5,"humidity_mean":74.0,"wind_speed_max":8.2,"wind_gusts_max":20.9,"precipitation":0.0,"soil_temp":8.1,"elevacion_centro":419.5,"cloud_cover":12.0,"NDVI":0.56}},{"type":"Feature","geometry":{"type":"Point","coordinates":[23.22,47.6]},"properties":{"lat":47.6,"lon":23.22,"fecha":"2022-03-24","temp_mean":7.0,"temp_max":16.1,"temp_min":-1.5,"humidity_mean":56.0,"wind_speed_max":20.2,"wind_gusts_max":37.4,"precipitation":0.0,"soil_temp":5.81,"elevacion_centro":276.76,"cloud_cover":0.0,"NDVI":0.23}},{"type":"Feature","geometry":{"type":"Point","coordinates":[29.29,45.23]},"properties":{"lat":45.23,"lon":29.29,"fecha":"2022-03-24","temp_mean":8.1,"temp_max":16.7,"temp_min":-0.9,"humidity_mean":54.0,"wind_speed_max":23.1,"wind_gusts_max":39.2,"precipitation":0.0,"soil_temp":6.01,"elevacion_centro":0.73,"cloud_cover":7.0,"NDVI":-0.34}},{"type":"Feature","geometry":{"type":"Point","coordinates":[21.45,54.96]},"properties":{"lat":54.96,"lon":21.45,"fecha":"2022-03-25","temp_mean":6.4,"temp_max":12.6,"temp_min":0.1,"humidity_mean":76.0,"wind_speed_max":22.1,"wind_gusts_max":41.4,"precipitation":0.0,"soil_temp":4.57,"elevacion_centro":2.19,"cloud_cover":42.0,"NDVI":0.2}},{"type":"Feature","geometry":{"type":"Point","coordinates":[18.59,42.79]},"properties":{"lat":42.79,"lon":18.59,"fecha":"2022-03-25","temp_mean":8.6,"temp_max":15.7,"temp_min":0.9,"humidity_mean":43.0,"wind_speed_max":13.1,"wind_gusts_max":30.6,"precipitation":0.0,"soil_temp":2.35,"elevacion_centro":877.63,"cloud_cover":0.0,"NDVI":0.18}},{"type":"Feature","geometry":{"type":"Point","coordinates":[15.51,45.25]},"properties":{"lat":45.25,"lon":15.51,"fecha":"2022-03-25","temp_mean":7.7,"temp_max":19.1,"temp_min":-2.0,"humidity_mean":56.0,"wind_speed_max":10.5,"wind_gusts_max":20.2,"precipitation":0.0,"soil_temp":6.24,"elevacion_centro":226.32,"cloud_cover":0.0,"NDVI":0.26}},{"type":"Feature","geometry":{"type":"Point","coordinates":[15.74,44.9]},"properties":{"lat":44.9,"lon":15.74,"fecha":"2022-03-25","temp_mean":9.5,"temp_max":17.5,"temp_min":2.2,"humidity_mean":40.0,"wind_speed_max":9.9,"wind_gusts_max":29.2,"precipitation":0.0,"soil_temp":6.24,"elevacion_centro":348.49,"cloud_cover":0.0,"NDVI":0.27}},{"type":"Feature","geometry":{"type":"Point","coordinates":[23.07,42.24]},"properties":{"lat":42.24,"lon":23.07,"fecha":"2022-03-25","temp_mean":6.5,"temp_max":15.9,"temp_min":-1.8,"humidity_mean":46.0,"wind_speed_max":18.1,"wind_gusts_max":45.7,"precipitation":0.0,"soil_temp":1.21,"elevacion_centro":564.55,"cloud_cover":0.0,"NDVI":0.17}},{"type":"Feature","geometry":{"type":"Point","coordinates":[21.74,44.78]},"properties":{"lat":44.78,"lon":21.74,"fecha":"2022-03-25","temp_mean":5.6,"temp_max":12.1,"temp_min":0.8,"humidity_mean":55.0,"wind_speed_max":22.1,"wind_gusts_max":52.2,"precipitation":0.0,"soil_temp":4.81,"elevacion_centro":610.59,"cloud_cover":4.0,"NDVI":0.21}},{"type":"Feature","geometry":{"type":"Point","coordinates":[32.51,52.8]},"properties":{"lat":52.8,"lon":32.51,"fecha":"2022-03-25","temp_mean":5.1,"temp_max":13.0,"temp_min":-2.1,"humidity_mean":70.0,"wind_speed_max":18.1,"wind_gusts_max":29.5,"precipitation":0.0,"soil_temp":-0.16,"elevacion_centro":175.77,"cloud_cover":12.0,"NDVI":0.14}},{"type":"Feature","geometry":{"type":"Point","coordinates":[21.46,54.61]},"properties":{"lat":54.61,"lon":21.46,"fecha":"2022-03-25","temp_mean":6.6,"temp_max":13.7,"temp_min":-0.2,"humidity_mean":71.0,"wind_speed_max":19.8,"wind_gusts_max":37.4,"precipitation":0.0,"soil_temp":5.34,"elevacion_centro":24.09,"cloud_cover":34.0,"NDVI":0.19}},{"type":"Feature","geometry":{"type":"Point","coordinates":[-4.63,52.81]},"properties":{"lat":52.81,"lon":-4.63,"fecha":"2022-03-26","temp_mean":11.1,"temp_max":16.9,"temp_min":6.3,"humidity_mean":63.0,"wind_speed_max":14.6,"wind_gusts_max":29.9,"precipitation":0.0,"soil_temp":9.43,"elevacion_centro":180.93,"cloud_cover":11.0,"NDVI":0.59}},{"type":"Feature","geometry":{"type":"Point","coordinates":[-3.92,52.18]},"properties":{"lat":52.18,"lon":-3.92,"fecha":"2022-03-26","temp_mean":9.1,"temp_max":14.2,"temp_min":4.3,"humidity_mean":68.0,"wind_speed_max":17.8,"wind_gusts_max":37.8,"precipitation":0.0,"soil_temp":6.99,"elevacion_centro":394.75,"cloud_cover":6.0,"NDVI":0.5}},{"type":"Feature","geometry":{"type":"Point","coordinates":[25.14,45.24]},"properties":{"lat":45.24,"lon":25.14,"fecha":"2022-03-26","temp_mean":3.9,"temp_max":12.2,"temp_min":-3.9,"humidity_mean":52.0,"wind_speed_max":11.0,"wind_gusts_max":31.0,"precipitation":0.0,"soil_temp":4.36,"elevacion_centro":788.97,"cloud_cover":20.0,"NDVI":0.17}},{"type":"Feature","geometry":{"type":"Point","coordinates":[18.62,42.73]},"properties":{"lat":42.73,"lon":18.62,"fecha":"2022-03-26","temp_mean":7.9,"temp_max":14.2,"temp_min":1.5,"humidity_mean":46.0,"wind_speed_max":14.8,"wind_gusts_max":41.0,"precipitation":0.0,"soil_temp":7.86,"elevacion_centro":921.07,"cloud_cover":10.0,"NDVI":0.27}},{"type":"Feature","geometry":{"type":"Point","coordinates":[26.54,45.11]},"properties":{"lat":45.11,"lon":26.54,"fecha":"2022-03-26","temp_mean":5.3,"temp_max":12.6,"temp_min":-1.4,"humidity_mean":48.0,"wind_speed_max":13.0,"wind_gusts_max":34.2,"precipitation":0.0,"soil_temp":6.56,"elevacion_centro":566.72,"cloud_cover":20.0,"NDVI":0.18}},{"type":"Feature","geometry":{"type":"Point","coordinates":[16.62,44.63]},"properties":{"lat":44.63,"lon":16.62,"fecha":"2022-03-26","temp_mean":8.8,"temp_max":17.5,"temp_min":1.9,"humidity_mean":50.0,"wind_speed_max":8.7,"wind_gusts_max":22.3,"precipitation":0.0,"soil_temp":3.27,"elevacion_centro":429.93,"cloud_cover":0.0,"NDVI":0.25}},{"type":"Feature","geometry":{"type":"Point","coordinates":[21.6,55.04]},"properties":{"lat":55.04,"lon":21.6,"fecha":"2022-03-26","temp_mean":5.4,"temp_max":8.6,"temp_min":-0.1,"humidity_mean":60.0,"wind_speed_max":33.4,"wind_gusts_max":67.0,"precipitation":0.0,"soil_temp":4.83,"elevacion_centro":1.93,"cloud_cover":60.0,"NDVI":0.17}},{"type":"Feature","geometry":{"type":"Point","coordinates":[16.69,43.94]},"properties":{"lat":43.94,"lon":16.69,"fecha":"2022-03-27","temp_mean":8.7,"temp_max":17.4,"temp_min":0.6,"humidity_mean":57.0,"wind_speed_max":10.5,"wind_gusts_max":32.4,"precipitation":0.0,"soil_temp":3.3,"elevacion_centro":707.62,"cloud_cover":6.0,"NDVI":0.16}},{"type":"Feature","geometry":{"type":"Point","coordinates":[29.08,45.21]},"properties":{"lat":45.21,"lon":29.08,"fecha":"2022-03-27","temp_mean":8.7,"temp_max":13.1,"temp_min":1.3,"humidity_mean":41.0,"wind_speed_max":24.9,"wind_gusts_max":45.7,"precipitation":0.0,"soil_temp":8.59,"elevacion_centro":1.78,"cloud_cover":59.0,"NDVI":0.12}},{"type":"Feature","geometry":{"type":"Point","coordinates":[18.03,44.03]},"properties":{"lat":44.03,"lon":18.03,"fecha":"2022-03-27","temp_mean":9.5,"temp_max":16.1,"temp_min":2.1,"humidity_mean":40.0,"wind_speed_max":7.3,"wind_gusts_max":21.2,"precipitation":0.0,"soil_temp":3.15,"elevacion_centro":670.98,"cloud_cover":0.0,"NDVI":0.3}},{"type":"Feature","geometry":{"type":"Point","coordinates":[24.52,43.05]},"properties":{"lat":43.05,"lon":24.52,"fecha":"2022-03-27","temp_mean":12.6,"temp_max":18.5,"temp_min":8.5,"humidity_mean":41.0,"wind_speed_max":21.7,"wind_gusts_max":46.8,"precipitation":0.0,"soil_temp":6.51,"elevacion_centro":419.54,"cloud_cover":7.0,"NDVI":0.1}},{"type":"Feature","geometry":{"type":"Point","coordinates":[-6.14,43.25]},"properties":{"lat":43.25,"lon":-6.14,"fecha":"2022-03-27","temp_mean":10.9,"temp_max":16.3,"temp_min":5.7,"humidity_mean":76.0,"wind_speed_max":12.6,"wind_gusts_max":41.0,"precipitation":1.6,"soil_temp":8.28,"elevacion_centro":882.21,"cloud_cover":87.0,"NDVI":0.32}},{"type":"Feature","geometry":{"type":"Point","coordinates":[20.2,48.56]},"properties":{"lat":48.56,"lon":20.2,"fecha":"2022-03-27","temp_mean":8.0,"temp_max":13.8,"temp_min":1.9,"humidity_mean":61.0,"wind_speed_max":15.0,"wind_gusts_max":31.3,"precipitation":0.0,"soil_temp":6.71,"elevacion_centro":254.9,"cloud_cover":38.0,"NDVI":0.23}},{"type":"Feature","geometry":{"type":"Point","coordinates":[20.8,54.46]},"properties":{"lat":54.46,"lon":20.8,"fecha":"2022-03-28","temp_mean":7.7,"temp_max":12.8,"temp_min":4.8,"humidity_mean":72.0,"wind_speed_max":28.3,"wind_gusts_max":57.6,"precipitation":0.0,"soil_temp":5.42,"elevacion_centro":45.94,"cloud_cover":42.0,"NDVI":0.13}},{"type":"Feature","geometry":{"type":"Point","coordinates":[23.8,47.37]},"properties":{"lat":47.37,"lon":23.8,"fecha":"2022-03-28","temp_mean":4.0,"temp_max":12.6,"temp_min":-4.3,"humidity_mean":55.0,"wind_speed_max":10.9,"wind_gusts_max":22.0,"precipitation":0.0,"soil_temp":3.59,"elevacion_centro":596.54,"cloud_cover":0.0,"NDVI":0.28}},{"type":"Feature","geometry":{"type":"Point","coordinates":[27.48,46.18]},"properties":{"lat":46.18,"lon":27.48,"fecha":"2022-03-28","temp_mean":8.0,"temp_max":16.2,"temp_min":-1.0,"humidity_mean":40.0,"wind_speed_max":15.8,"wind_gusts_max":36.4,"precipitation":0.0,"soil_temp":7.09,"elevacion_centro":93.09,"cloud_cover":1.0,"NDVI":0.25}},{"type":"Feature","geometry":{"type":"Point","coordinates":[21.55,45.25]},"properties":{"lat":45.25,"lon":21.55,"fecha":"2022-03-28","temp_mean":9.5,"temp_max":17.8,"temp_min":1.5,"humidity_mean":45.0,"wind_speed_max":11.3,"wind_gusts_max":23.4,"precipitation":0.0,"soil_temp":7.98,"elevacion_centro":219.81,"cloud_cover":5.0,"NDVI":0.21}},{"type":"Feature","geometry":{"type":"Point","coordinates":[25.92,46.8]},"properties":{"lat":46.8,"lon":25.92,"fecha":"2022-03-28","temp_mean":4.3,"temp_max":12.3,"temp_min":-3.5,"humidity_mean":42.0,"wind_speed_max":16.2,"wind_gusts_max":44.6,"precipitation":0.0,"soil_temp":1.22,"elevacion_centro":902.8,"cloud_cover":1.0,"NDVI":0.29}},{"type":"Feature","geometry":{"type":"Point","coordinates":[16.34,45.3]},"properties":{"lat":45.3,"lon":16.34,"fecha":"2022-03-28","temp_mean":13.4,"temp_max":20.5,"temp_min":7.9,"humidity_mean":53.0,"wind_speed_max":16.9,"wind_gusts_max":34.2,"precipitation":0.0,"soil_temp":10.46,"elevacion_centro":317.26,"cloud_cover":0.0,"NDVI":0.34}},{"type":"Feature","geometry":{"type":"Point","coordinates":[21.78,48.05]},"properties":{"lat":48.05,"lon":21.78,"fecha":"2022-03-28","temp_mean":9.8,"temp_max":18.5,"temp_min":-0.9,"humidity_mean":42.0,"wind_speed_max":18.4,"wind_gusts_max":38.2,"precipitation":0.0,"soil_temp":8.23,"elevacion_centro":102.82,"cloud_cover":0.0,"NDVI":0.17}},{"type":"Feature","geometry":{"type":"Point","coordinates":[15.27,48.65]},"properties":{"lat":48.65,"lon":15.27,"fecha":"2022-03-29","temp_mean":11.5,"temp_max":17.1,"temp_min":7.8,"humidity_mean":45.0,"wind_speed_max":21.6,"wind_gusts_max":44.6,"precipitation":0.0,"soil_temp":7.33,"elevacion_centro":560.67,"cloud_cover":91.0,"NDVI":0.21}},{"type":"Feature","geometry":{"type":"Point","coordinates":[26.86,37.77]},"properties":{"lat":37.77,"lon":26.86,"fecha":"2022-03-29","temp_mean":10.6,"temp_max":14.7,"temp_min":5.9,"humidity_mean":67.0,"wind_speed_max":21.5,"wind_gusts_max":72.0,"precipitation":0.2,"soil_temp":12.07,"elevacion_centro":514.12,"cloud_cover":62.0,"NDVI":0.57}},{"type":"Feature","geometry":{"type":"Point","coordinates":[29.4,45.12]},"properties":{"lat":45.12,"lon":29.4,"fecha":"2022-03-30","temp_mean":14.0,"temp_max":20.8,"temp_min":7.4,"humidity_mean":58.0,"wind_speed_max":20.6,"wind_gusts_max":40.0,"precipitation":0.0,"soil_temp":12.03,"elevacion_centro":1.96,"cloud_cover":71.0,"NDVI":0.13}},{"type":"Feature","geometry":{"type":"Point","coordinates":[27.25,45.16]},"properties":{"lat":45.16,"lon":27.25,"fecha":"2022-03-30","temp_mean":15.1,"temp_max":23.1,"temp_min":5.6,"humidity_mean":43.0,"wind_speed_max":26.0,"wind_gusts_max":46.4,"precipitation":0.0,"soil_temp":12.77,"elevacion_centro":42.47,"cloud_cover":78.0,"NDVI":0.15}},{"type":"Feature","geometry":{"type":"Point","coordinates":[20.93,54.62]},"properties":{"lat":54.62,"lon":20.93,"fecha":"2022-03-31","temp_mean":-0.2,"temp_max":4.4,"temp_min":-5.1,"humidity_mean":47.0,"wind_speed_max":15.3,"wind_gusts_max":32.0,"precipitation":0.0,"soil_temp":0.31,"elevacion_centro":29.9,"cloud_cover":67.0,"NDVI":0.17}},{"type":"Feature","geometry":{"type":"Point","coordinates":[24.83,42.93]},"properties":{"lat":42.93,"lon":24.83,"fecha":"2022-04-01","temp_mean":16.0,"temp_max":21.5,"temp_min":11.6,"humidity_mean":51.0,"wind_speed_max":28.7,"wind_gusts_max":77.8,"precipitation":0.1,"soil_temp":12.53,"elevacion_centro":453.86,"cloud_cover":56.0,"NDVI":0.28}},{"type":"Feature","geometry":{"type":"Point","coordinates":[20.02,54.87]},"properties":{"lat":54.87,"lon":20.02,"fecha":"2022-04-01","temp_mean":1.6,"temp_max":3.8,"temp_min":-1.0,"humidity_mean":50.0,"wind_speed_max":29.2,"wind_gusts_max":58.0,"precipitation":0.0,"soil_temp":0.59,"elevacion_centro":45.02,"cloud_cover":100.0,"NDVI":0.17}},{"type":"Feature","geometry":{"type":"Point","coordinates":[31.14,38.63]},"properties":{"lat":38.63,"lon":31.14,"fecha":"2022-04-02","temp_mean":14.4,"temp_max":20.3,"temp_min":7.8,"humidity_mean":32.0,"wind_speed_max":17.5,"wind_gusts_max":46.8,"precipitation":0.0,"soil_temp":7.11,"elevacion_centro":961.89,"cloud_cover":27.0,"NDVI":0.1}},{"type":"Feature","geometry":{"type":"Point","coordinates":[31.18,38.68]},"properties":{"lat":38.68,"lon":31.18,"fecha":"2022-04-02","temp_mean":14.0,"temp_max":20.7,"temp_min":8.6,"humidity_mean":30.0,"wind_speed_max":18.1,"wind_gusts_max":37.1,"precipitation":0.0,"soil_temp":7.11,"elevacion_centro":962.48,"cloud_cover":28.0,"NDVI":0.1}},{"type":"Feature","geometry":{"type":"Point","coordinates":[20.01,54.81]},"properties":{"lat":54.81,"lon":20.01,"fecha":"2022-04-02","temp_mean":1.6,"temp_max":3.8,"temp_min":0.1,"humidity_mean":60.0,"wind_speed_max":33.4,"wind_gusts_max":66.6,"precipitation":0.0,"soil_temp":1.41,"elevacion_centro":16.13,"cloud_cover":44.0,"NDVI":0.2}},{"type":"Feature","geometry":{"type":"Point","coordinates":[28.79,45.25]},"properties":{"lat":45.25,"lon":28.79,"fecha":"2022-04-05","temp_mean":9.9,"temp_max":15.5,"temp_min":3.8,"humidity_mean":49.0,"wind_speed_max":21.5,"wind_gusts_max":41.4,"precipitation":0.0,"soil_temp":8.56,"elevacion_centro":4.61,"cloud_cover":5.0,"NDVI":0.2}},{"type":"Feature","geometry":{"type":"Point","coordinates":[4.88,43.44]},"properties":{"lat":43.44,"lon":4.88,"fecha":"2022-04-09","temp_mean":12.4,"temp_max":16.4,"temp_min":8.8,"humidity_mean":40.0,"wind_speed_max":35.9,"wind_gusts_max":67.0,"precipitation":0.0,"soil_temp":13.61,"elevacion_centro":2.22,"cloud_cover":42.0,"NDVI":-0.02}},{"type":"Feature","geometry":{"type":"Point","coordinates":[31.07,54.97]},"properties":{"lat":54.97,"lon":31.07,"fecha":"2022-04-14","temp_mean":6.1,"temp_max":12.1,"temp_min":-1.1,"humidity_mean":63.0,"wind_speed_max":10.8,"wind_gusts_max":18.4,"precipitation":0.0,"soil_temp":4.55,"elevacion_centro":203.02,"cloud_cover":59.0,"NDVI":-0.04}},{"type":"Feature","geometry":{"type":"Point","coordinates":[3.83,51.1]},"properties":{"lat":51.1,"lon":3.83,"fecha":"2022-04-15","temp_mean":11.1,"temp_max":16.5,"temp_min":4.8,"humidity_mean":81.0,"wind_speed_max":12.6,"wind_gusts_max":25.2,"precipitation":0.1,"soil_temp":11.72,"elevacion_centro":6.71,"cloud_cover":82.0,"NDVI":0.17}},{"type":"Feature","geometry":{"type":"Point","coordinates":[19.15,45.87]},"properties":{"lat":45.87,"lon":19.15,"fecha":"2022-04-15","temp_mean":13.7,"temp_max":23.2,"temp_min":3.8,"humidity_mean":60.0,"wind_speed_max":22.2,"wind_gusts_max":45.4,"precipitation":0.0,"soil_temp":12.21,"elevacion_centro":88.91,"cloud_cover":65.0,"NDVI":0.26}},{"type":"Feature","geometry":{"type":"Point","coordinates":[10.54,43.03]},"properties":{"lat":43.03,"lon":10.54,"fecha":"2022-04-17","temp_mean":13.8,"temp_max":18.0,"temp_min":10.4,"humidity_mean":38.0,"wind_speed_max":25.0,"wind_gusts_max":52.2,"precipitation":0.0,"soil_temp":14.35,"elevacion_centro":8.01,"cloud_cover":24.0,"NDVI":0.46}},{"type":"Feature","geometry":{"type":"Point","coordinates":[32.38,55.47]},"properties":{"lat":55.47,"lon":32.38,"fecha":"2022-04-20","temp_mean":9.9,"temp_max":15.2,"temp_min":5.0,"humidity_mean":50.0,"wind_speed_max":27.3,"wind_gusts_max":55.1,"precipitation":0.0,"soil_temp":6.91,"elevacion_centro":235.6,"cloud_cover":62.0,"NDVI":-0.03}},{"type":"Feature","geometry":{"type":"Point","coordinates":[-7.2,41.77]},"properties":{"lat":41.77,"lon":-7.2,"fecha":"2022-04-20","temp_mean":8.5,"temp_max":14.4,"temp_min":4.7,"humidity_mean":56.0,"wind_speed_max":28.8,"wind_gusts_max":57.6,"precipitation":0.0,"soil_temp":7.72,"elevacion_centro":628.97,"cloud_cover":47.0,"NDVI":0.3}},{"type":"Feature","geometry":{"type":"Point","coordinates":[30.2,56.56]},"properties":{"lat":56.56,"lon":30.2,"fecha":"2022-04-21","temp_mean":8.5,"temp_max":15.9,"temp_min":1.8,"humidity_mean":69.0,"wind_speed_max":28.8,"wind_gusts_max":57.2,"precipitation":0.2,"soil_temp":7.35,"elevacion_centro":104.59,"cloud_cover":45.0,"NDVI":0.12}},{"type":"Feature","geometry":{"type":"Point","coordinates":[4.26,52.01]},"properties":{"lat":52.01,"lon":4.26,"fecha":"2022-04-21","temp_mean":12.3,"temp_max":17.0,"temp_min":6.5,"humidity_mean":62.0,"wind_speed_max":21.2,"wind_gusts_max":42.8,"precipitation":0.0,"soil_temp":11.02,"elevacion_centro":-0.3,"cloud_cover":42.0,"NDVI":0.19}},{"type":"Feature","geometry":{"type":"Point","coordinates":[5.03,51.41]},"properties":{"lat":51.41,"lon":5.03,"fecha":"2022-04-21","temp_mean":12.6,"temp_max":17.4,"temp_min":6.8,"humidity_mean":59.0,"wind_speed_max":22.4,"wind_gusts_max":46.1,"precipitation":0.0,"soil_temp":12.02,"elevacion_centro":28.07,"cloud_cover":48.0,"NDVI":0.37}},{"type":"Feature","geometry":{"type":"Point","coordinates":[29.08,57.58]},"properties":{"lat":57.58,"lon":29.08,"fecha":"2022-04-22","temp_mean":9.6,"temp_max":15.6,"temp_min":2.8,"humidity_mean":67.0,"wind_speed_max":7.7,"wind_gusts_max":14.0,"precipitation":0.0,"soil_temp":7.81,"elevacion_centro":81.75,"cloud_cover":45.0,"NDVI":0.13}},{"type":"Feature","geometry":{"type":"Point","coordinates":[27.8,56.92]},"properties":{"lat":56.92,"lon":27.8,"fecha":"2022-04-22","temp_mean":9.7,"temp_max":15.1,"temp_min":3.2,"humidity_mean":65.0,"wind_speed_max":9.0,"wind_gusts_max":21.6,"precipitation":0.0,"soil_temp":7.92,"elevacion_centro":93.26,"cloud_cover":44.0,"NDVI":0.15}},{"type":"Feature","geometry":{"type":"Point","coordinates":[-0.69,51.27]},"properties":{"lat":51.27,"lon":-0.69,"fecha":"2022-04-23","temp_mean":12.2,"temp_max":16.3,"temp_min":8.0,"humidity_mean":71.0,"wind_speed_max":32.1,"wind_gusts_max":60.1,"precipitation":2.0,"soil_temp":11.22,"elevacion_centro":101.8,"cloud_cover":78.0,"NDVI":0.36}},{"type":"Feature","geometry":{"type":"Point","coordinates":[20.43,42.61]},"properties":{"lat":42.61,"lon":20.43,"fecha":"2022-04-25","temp_mean":14.2,"temp_max":20.7,"temp_min":8.2,"humidity_mean":55.0,"wind_speed_max":23.5,"wind_gusts_max":45.7,"precipitation":0.0,"soil_temp":11.1,"elevacion_centro":470.04,"cloud_cover":9.0,"NDVI":0.26}},{"type":"Feature","geometry":{"type":"Point","coordinates":[31.24,54.94]},"properties":{"lat":54.94,"lon":31.24,"fecha":"2022-04-27","temp_mean":6.9,"temp_max":10.4,"temp_min":3.8,"humidity_mean":61.0,"wind_speed_max":18.6,"wind_gusts_max":37.4,"precipitation":0.5,"soil_temp":6.2,"elevacion_centro":196.45,"cloud_cover":86.0,"NDVI":0.03}},{"type":"Feature","geometry":{"type":"Point","coordinates":[7.28,52.36]},"properties":{"lat":52.36,"lon":7.28,"fecha":"2022-04-27","temp_mean":8.4,"temp_max":15.0,"temp_min":1.6,"humidity_mean":67.0,"wind_speed_max":13.9,"wind_gusts_max":29.2,"precipitation":0.0,"soil_temp":9.32,"elevacion_centro":33.77,"cloud_cover":21.0,"NDVI":0.3}},{"type":"Feature","geometry":{"type":"Point","coordinates":[6.22,51.4]},"properties":{"lat":51.4,"lon":6.22,"fecha":"2022-05-02","temp_mean":12.1,"temp_max":17.5,"temp_min":5.2,"humidity_mean":63.0,"wind_speed_max":16.7,"wind_gusts_max":29.9,"precipitation":0.0,"soil_temp":11.99,"elevacion_centro":20.95,"cloud_cover":27.0,"NDVI":0.06}},{"type":"Feature","geometry":{"type":"Point","coordinates":[29.77,51.69]},"properties":{"lat":51.69,"lon":29.77,"fecha":"2022-05-06","temp_mean":12.1,"temp_max":17.7,"temp_min":5.2,"humidity_mean":52.0,"wind_speed_max":15.1,"wind_gusts_max":28.4,"precipitation":0.0,"soil_temp":9.5,"elevacion_centro":112.44,"cloud_cover":51.0,"NDVI":0.17}},{"type":"Feature","geometry":{"type":"Point","coordinates":[31.13,54.86]},"properties":{"lat":54.86,"lon":31.13,"fecha":"2022-05-06","temp_mean":10.2,"temp_max":15.8,"temp_min":2.0,"humidity_mean":58.0,"wind_speed_max":16.3,"wind_gusts_max":33.8,"precipitation":1.1,"soil_temp":7.25,"elevacion_centro":190.93,"cloud_cover":61.0,"NDVI":0.15}},{"type":"Feature","geometry":{"type":"Point","coordinates":[-7.67,43.19]},"properties":{"lat":43.19,"lon":-7.67,"fecha":"2022-05-09","temp_mean":16.2,"temp_max":25.4,"temp_min":7.8,"humidity_mean":75.0,"wind_speed_max":14.3,"wind_gusts_max":27.0,"precipitation":0.0,"soil_temp":16.19,"elevacion_centro":428.29,"cloud_cover":80.0,"NDVI":0.47}},{"type":"Feature","geometry":{"type":"Point","coordinates":[0.68,41.71]},"properties":{"lat":41.71,"lon":0.68,"fecha":"2022-05-10","temp_mean":20.6,"temp_max":28.0,"temp_min":13.0,"humidity_mean":47.0,"wind_speed_max":19.4,"wind_gusts_max":34.9,"precipitation":0.0,"soil_temp":20.07,"elevacion_centro":191.47,"cloud_cover":40.0,"NDVI":0.44}},{"type":"Feature","geometry":{"type":"Point","coordinates":[31.87,54.45]},"properties":{"lat":54.45,"lon":31.87,"fecha":"2022-05-10","temp_mean":6.9,"temp_max":13.1,"temp_min":1.3,"humidity_mean":58.0,"wind_speed_max":23.9,"wind_gusts_max":46.1,"precipitation":0.0,"soil_temp":6.03,"elevacion_centro":201.57,"cloud_cover":35.0,"NDVI":0.19}},{"type":"Feature","geometry":{"type":"Point","coordinates":[-8.67,39.72]},"properties":{"lat":39.72,"lon":-8.67,"fecha":"2022-05-12","temp_mean":19.3,"temp_max":27.9,"temp_min":13.2,"humidity_mean":68.0,"wind_speed_max":16.9,"wind_gusts_max":33.1,"precipitation":0.9,"soil_temp":20.68,"elevacion_centro":248.58,"cloud_cover":65.0,"NDVI":0.27}},{"type":"Feature","geometry":{"type":"Point","coordinates":[20.53,51.58]},"properties":{"lat":51.58,"lon":20.53,"fecha":"2022-05-12","temp_mean":19.4,"temp_max":24.9,"temp_min":11.7,"humidity_mean":47.0,"wind_speed_max":40.6,"wind_gusts_max":78.8,"precipitation":0.0,"soil_temp":16.75,"elevacion_centro":142.57,"cloud_cover":50.0,"NDVI":0.43}},{"type":"Feature","geometry":{"type":"Point","coordinates":[15.01,37.75]},"properties":{"lat":37.75,"lon":15.01,"fecha":"2022-05-13","temp_mean":3.8,"temp_max":7.2,"temp_min":1.0,"humidity_mean":51.0,"wind_speed_max":4.1,"wind_gusts_max":31.7,"precipitation":0.8,"soil_temp":19.68,"elevacion_centro":2908.08,"cloud_cover":39.0,"NDVI":-0.02}},{"type":"Feature","geometry":{"type":"Point","coordinates":[6.78,53.18]},"properties":{"lat":53.18,"lon":6.78,"fecha":"2022-05-17","temp_mean":17.9,"temp_max":22.3,"temp_min":12.9,"humidity_mean":73.0,"wind_speed_max":14.1,"wind_gusts_max":28.1,"precipitation":0.0,"soil_temp":17.28,"elevacion_centro":0.73,"cloud_cover":78.0,"NDVI":0.16}},{"type":"Feature","geometry":{"type":"Point","coordinates":[11.87,52.26]},"properties":{"lat":52.26,"lon":11.87,"fecha":"2022-05-18","temp_mean":19.7,"temp_max":25.3,"temp_min":13.6,"humidity_mean":66.0,"wind_speed_max":12.9,"wind_gusts_max":30.2,"precipitation":0.0,"soil_temp":17.04,"elevacion_centro":58.55,"cloud_cover":72.0,"NDVI":0.3}},{"type":"Feature","geometry":{"type":"Point","coordinates":[9.57,36.49]},"properties":{"lat":36.49,"lon":9.57,"fecha":"2022-05-19","temp_mean":21.5,"temp_max":29.7,"temp_min":13.0,"humidity_mean":48.0,"wind_speed_max":19.3,"wind_gusts_max":40.3,"precipitation":0.0,"soil_temp":21.98,"elevacion_centro":376.66,"cloud_cover":0.0,"NDVI":0.33}},{"type":"Feature","geometry":{"type":"Point","coordinates":[15.21,38.79]},"properties":{"lat":38.79,"lon":15.21,"fecha":"2022-05-25","temp_mean":18.5,"temp_max":19.9,"temp_min":17.4,"humidity_mean":72.0,"wind_speed_max":25.0,"wind_gusts_max":32.4,"precipitation":0.0,"soil_temp":29.21,"elevacion_centro":741.02,"cloud_cover":38.0,"NDVI":-0.11}},{"type":"Feature","geometry":{"type":"Point","coordinates":[33.06,35.33]},"properties":{"lat":35.33,"lon":33.06,"fecha":"2022-05-27","temp_mean":25.5,"temp_max":32.5,"temp_min":19.4,"humidity_mean":49.0,"wind_speed_max":19.4,"wind_gusts_max":45.7,"precipitation":0.0,"soil_temp":30.76,"elevacion_centro":96.61,"cloud_cover":0.0,"NDVI":0.49}},{"type":"Feature","geometry":{"type":"Point","coordinates":[2.96,42.59]},"properties":{"lat":42.59,"lon":2.96,"fecha":"2022-05-30","temp_mean":21.4,"temp_max":25.9,"temp_min":16.3,"humidity_mean":44.0,"wind_speed_max":15.3,"wind_gusts_max":32.4,"precipitation":0.0,"soil_temp":21.96,"elevacion_centro":20.74,"cloud_cover":80.0,"NDVI":0.32}},{"type":"Feature","geometry":{"type":"Point","coordinates":[22.22,39.62]},"properties":{"lat":39.62,"lon":22.22,"fecha":"2022-06-02","temp_mean":26.4,"temp_max":32.6,"temp_min":19.1,"humidity_mean":47.0,"wind_speed_max":12.5,"wind_gusts_max":31.0,"precipitation":0.0,"soil_temp":28.03,"elevacion_centro":79.18,"cloud_cover":13.0,"NDVI":0.13}},{"type":"Feature","geometry":{"type":"Point","coordinates":[8.08,36.26]},"properties":{"lat":36.26,"lon":8.08,"fecha":"2022-06-05","temp_mean":28.5,"temp_max":39.0,"temp_min":20.3,"humidity_mean":28.0,"wind_speed_max":20.2,"wind_gusts_max":44.3,"precipitation":0.0,"soil_temp":28.14,"elevacion_centro":815.26,"cloud_cover":38.0,"NDVI":0.31}},{"type":"Feature","geometry":{"type":"Point","coordinates":[15.52,41.7]},"properties":{"lat":41.7,"lon":15.52,"fecha":"2022-06-06","temp_mean":27.8,"temp_max":32.0,"temp_min":22.9,"humidity_mean":47.0,"wind_speed_max":19.5,"wind_gusts_max":41.8,"precipitation":0.0,"soil_temp":29.83,"elevacion_centro":32.16,"cloud_cover":45.0,"NDVI":0.31}},{"type":"Feature","geometry":{"type":"Point","coordinates":[-5.72,38.68]},"properties":{"lat":38.68,"lon":-5.72,"fecha":"2022-06-07","temp_mean":25.5,"temp_max":32.7,"temp_min":17.6,"humidity_mean":44.0,"wind_speed_max":17.7,"wind_gusts_max":33.8,"precipitation":0.0,"soil_temp":26.44,"elevacion_centro":475.47,"cloud_cover":14.0,"NDVI":0.49}},{"type":"Feature","geometry":{"type":"Point","coordinates":[-5.13,36.57]},"properties":{"lat":36.57,"lon":-5.13,"fecha":"2022-06-08","temp_mean":24.2,"temp_max":28.9,"temp_min":18.7,"humidity_mean":44.0,"wind_speed_max":17.5,"wind_gusts_max":46.8,"precipitation":0.0,"soil_temp":27.99,"elevacion_centro":695.55,"cloud_cover":50.0,"NDVI":0.43}},{"type":"Feature","geometry":{"type":"Point","coordinates":[8.13,35.6]},"properties":{"lat":35.6,"lon":8.13,"fecha":"2022-06-08","temp_mean":24.1,"temp_max":32.6,"temp_min":14.9,"humidity_mean":29.0,"wind_speed_max":16.6,"wind_gusts_max":46.4,"precipitation":0.0,"soil_temp":26.13,"elevacion_centro":1185.64,"cloud_cover":67.0,"NDVI":0.28}},{"type":"Feature","geometry":{"type":"Point","coordinates":[33.84,52.7]},"properties":{"lat":52.7,"lon":33.84,"fecha":"2022-06-10","temp_mean":22.2,"temp_max":27.8,"temp_min":13.6,"humidity_mean":57.0,"wind_speed_max":10.0,"wind_gusts_max":17.6,"precipitation":0.0,"soil_temp":20.07,"elevacion_centro":165.14,"cloud_cover":19.0,"NDVI":0.35}},{"type":"Feature","geometry":{"type":"Point","coordinates":[-1.73,38.45]},"properties":{"lat":38.45,"lon":-1.73,"fecha":"2022-06-10","temp_mean":25.4,"temp_max":32.8,"temp_min":18.9,"humidity_mean":53.0,"wind_speed_max":18.0,"wind_gusts_max":38.9,"precipitation":0.0,"soil_temp":25.72,"elevacion_centro":484.73,"cloud_cover":14.0,"NDVI":0.28}},{"type":"Feature","geometry":{"type":"Point","coordinates":[6.11,35.95]},"properties":{"lat":35.95,"lon":6.11,"fecha":"2022-06-10","temp_mean":18.2,"temp_max":24.5,"temp_min":13.2,"humidity_mean":59.0,"wind_speed_max":21.3,"wind_gusts_max":49.7,"precipitation":0.0,"soil_temp":21.84,"elevacion_centro":926.29,"cloud_cover":2.0,"NDVI":0.29}},{"type":"Feature","geometry":{"type":"Point","coordinates":[9.2,36.49]},"properties":{"lat":36.49,"lon":9.2,"fecha":"2022-06-10","temp_mean":20.0,"temp_max":24.8,"temp_min":16.5,"humidity_mean":64.0,"wind_speed_max":31.0,"wind_gusts_max":69.8,"precipitation":1.2,"soil_temp":23.38,"elevacion_centro":520.42,"cloud_cover":26.0,"NDVI":0.43}},{"type":"Feature","geometry":{"type":"Point","coordinates":[-4.87,37.09]},"properties":{"lat":37.09,"lon":-4.87,"fecha":"2022-06-11","temp_mean":24.7,"temp_max":30.2,"temp_min":20.0,"humidity_mean":38.0,"wind_speed_max":32.2,"wind_gusts_max":65.9,"precipitation":0.0,"soil_temp":26.74,"elevacion_centro":489.75,"cloud_cover":22.0,"NDVI":0.29}},{"type":"Feature","geometry":{"type":"Point","coordinates":[15.89,41.61]},"properties":{"lat":41.61,"lon":15.89,"fecha":"2022-06-12","temp_mean":24.7,"temp_max":28.6,"temp_min":21.1,"humidity_mean":54.0,"wind_speed_max":30.3,"wind_gusts_max":55.4,"precipitation":0.0,"soil_temp":24.73,"elevacion_centro":3.26,"cloud_cover":6.0,"NDVI":0.23}},{"type":"Feature","geometry":{"type":"Point","coordinates":[-6.22,36.78]},"properties":{"lat":36.78,"lon":-6.22,"fecha":"2022-06-12","temp_mean":30.8,"temp_max":37.3,"temp_min":24.5,"humidity_mean":21.0,"wind_speed_max":27.8,"wind_gusts_max":52.2,"precipitation":0.0,"soil_temp":31.88,"elevacion_centro":56.87,"cloud_cover":26.0,"NDVI":0.21}},{"type":"Feature","geometry":{"type":"Point","coordinates":[13.69,37.66]},"properties":{"lat":37.66,"lon":13.69,"fecha":"2022-06-14","temp_mean":24.1,"temp_max":30.8,"temp_min":17.1,"humidity_mean":40.0,"wind_speed_max":18.5,"wind_gusts_max":43.6,"precipitation":0.0,"soil_temp":25.74,"elevacion_centro":384.34,"cloud_cover":0.0,"NDVI":0.35}},{"type":"Feature","geometry":{"type":"Point","coordinates":[1.0,41.94]},"properties":{"lat":41.94,"lon":1.0,"fecha":"2022-06-15","temp_mean":29.4,"temp_max":37.9,"temp_min":22.8,"humidity_mean":28.0,"wind_speed_max":18.4,"wind_gusts_max":51.8,"precipitation":0.1,"soil_temp":27.46,"elevacion_centro":733.92,"cloud_cover":45.0,"NDVI":0.38}},{"type":"Feature","geometry":{"type":"Point","coordinates":[23.73,43.58]},"properties":{"lat":43.58,"lon":23.73,"fecha":"2022-06-16","temp_mean":21.1,"temp_max":27.6,"temp_min":13.6,"humidity_mean":65.0,"wind_speed_max":10.0,"wind_gusts_max":21.2,"precipitation":0.0,"soil_temp":22.86,"elevacion_centro":113.31,"cloud_cover":12.0,"NDVI":0.56}},{"type":"Feature","geometry":{"type":"Point","coordinates":[-6.12,41.85]},"properties":{"lat":41.85,"lon":-6.12,"fecha":"2022-06-17","temp_mean":27.7,"temp_max":36.5,"temp_min":18.6,"humidity_mean":29.0,"wind_speed_max":23.8,"wind_gusts_max":56.2,"precipitation":0.2,"soil_temp":24.05,"elevacion_centro":910.89,"cloud_cover":93.0,"NDVI":0.37}},{"type":"Feature","geometry":{"type":"Point","coordinates":[-4.12,39.85]},"properties":{"lat":39.85,"lon":-4.12,"fecha":"2022-06-17","temp_mean":31.3,"temp_max":40.8,"temp_min":22.3,"humidity_mean":26.0,"wind_speed_max":18.1,"wind_gusts_max":38.5,"precipitation":0.0,"soil_temp":30.56,"elevacion_centro":530.04,"cloud_cover":80.0,"NDVI":0.31}},{"type":"Feature","geometry":{"type":"Point","coordinates":[-0.56,39.94]},"properties":{"lat":39.94,"lon":-0.56,"fecha":"2022-06-17","temp_mean":27.0,"temp_max":34.7,"temp_min":20.1,"humidity_mean":32.0,"wind_speed_max":14.9,"wind_gusts_max":34.6,"precipitation":0.0,"soil_temp":28.24,"elevacion_centro":585.1,"cloud_cover":35.0,"NDVI":0.26}},{"type":"Feature","geometry":{"type":"Point","coordinates":[0.24,41.26]},"properties":{"lat":41.26,"lon":0.24,"fecha":"2022-06-17","temp_mean":30.3,"temp_max":40.0,"temp_min":22.0,"humidity_mean":38.0,"wind_speed_max":20.1,"wind_gusts_max":44.6,"precipitation":0.0,"soil_temp":31.69,"elevacion_centro":203.56,"cloud_cover":72.0,"NDVI":0.24}},{"type":"Feature","geometry":{"type":"Point","coordinates":[-6.38,41.94]},"properties":{"lat":41.94,"lon":-6.38,"fecha":"2022-06-18","temp_mean":23.4,"temp_max":29.0,"temp_min":16.4,"humidity_mean":43.0,"wind_speed_max":27.4,"wind_gusts_max":55.8,"precipitation":1.8,"soil_temp":23.61,"elevacion_centro":868.12,"cloud_cover":56.0,"NDVI":0.34}},{"type":"Feature","geometry":{"type":"Point","coordinates":[2.8,47.19]},"properties":{"lat":47.19,"lon":2.8,"fecha":"2022-06-18","temp_mean":27.4,"temp_max":35.5,"temp_min":17.5,"humidity_mean":45.0,"wind_speed_max":18.4,"wind_gusts_max":35.3,"precipitation":0.0,"soil_temp":26.08,"elevacion_centro":185.83,"cloud_cover":12.0,"NDVI":0.68}},{"type":"Feature","geometry":{"type":"Point","coordinates":[-6.31,41.2]},"properties":{"lat":41.2,"lon":-6.31,"fecha":"2022-06-18","temp_mean":24.6,"temp_max":30.2,"temp_min":16.3,"humidity_mean":39.0,"wind_speed_max":24.5,"wind_gusts_max":60.5,"precipitation":0.4,"soil_temp":25.37,"elevacion_centro":735.7,"cloud_cover":58.0,"NDVI":0.48}},{"type":"Feature","geometry":{"type":"Point","coordinates":[-3.37,42.3]},"properties":{"lat":42.3,"lon":-3.37,"fecha":"2022-06-18","temp_mean":25.5,"temp_max":32.3,"temp_min":19.0,"humidity_mean":35.0,"wind_speed_max":28.8,"wind_gusts_max":68.4,"precipitation":0.9,"soil_temp":28.48,"elevacion_centro":1143.53,"cloud_cover":50.0,"NDVI":0.72}},{"type":"Feature","geometry":{"type":"Point","coordinates":[-1.77,42.69]},"properties":{"lat":42.69,"lon":-1.77,"fecha":"2022-06-18","temp_mean":30.8,"temp_max":39.7,"temp_min":20.2,"humidity_mean":34.0,"wind_speed_max":23.7,"wind_gusts_max":52.2,"precipitation":0.0,"soil_temp":29.39,"elevacion_centro":444.71,"cloud_cover":34.0,"NDVI":0.22}},{"type":"Feature","geometry":{"type":"Point","coordinates":[1.8,41.32]},"properties":{"lat":41.32,"lon":1.8,"fecha":"2022-06-18","temp_mean":26.2,"temp_max":31.2,"temp_min":21.8,"humidity_mean":51.0,"wind_speed_max":17.9,"wind_gusts_max":36.0,"precipitation":0.0,"soil_temp":28.52,"elevacion_centro":258.57,"cloud_cover":6.0,"NDVI":0.41}},{"type":"Feature","geometry":{"type":"Point","coordinates":[6.29,43.72]},"properties":{"lat":43.72,"lon":6.29,"fecha":"2022-06-18","temp_mean":24.1,"temp_max":28.9,"temp_min":18.2,"humidity_mean":57.0,"wind_speed_max":17.3,"wind_gusts_max":43.9,"precipitation":0.0,"soil_temp":29.37,"elevacion_centro":914.5,"cloud_cover":43.0,"NDVI":0.53}},{"type":"Feature","geometry":{"type":"Point","coordinates":[-1.56,42.19]},"properties":{"lat":42.19,"lon":-1.56,"fecha":"2022-06-18","temp_mean":32.9,"temp_max":40.6,"temp_min":25.3,"humidity_mean":20.0,"wind_speed_max":38.3,"wind_gusts_max":69.1,"precipitation":0.0,"soil_temp":31.97,"elevacion_centro":480.92,"cloud_cover":31.0,"NDVI":0.29}},{"type":"Feature","geometry":{"type":"Point","coordinates":[-1.86,42.74]},"properties":{"lat":42.74,"lon":-1.86,"fecha":"2022-06-19","temp_mean":25.9,"temp_max":32.3,"temp_min":18.5,"humidity_mean":39.0,"wind_speed_max":30.6,"wind_gusts_max":64.1,"precipitation":0.0,"soil_temp":26.97,"elevacion_centro":517.75,"cloud_cover":23.0,"NDVI":0.42}},{"type":"Feature","geometry":{"type":"Point","coordinates":[1.29,42.08]},"properties":{"lat":42.08,"lon":1.29,"fecha":"2022-06-19","temp_mean":24.2,"temp_max":30.2,"temp_min":19.3,"humidity_mean":39.0,"wind_speed_max":23.4,"wind_gusts_max":59.4,"precipitation":0.0,"soil_temp":25.19,"elevacion_centro":772.27,"cloud_cover":2.0,"NDVI":0.22}},{"type":"Feature","geometry":{"type":"Point","coordinates":[-1.66,42.23]},"properties":{"lat":42.23,"lon":-1.66,"fecha":"2022-06-19","temp_mean":29.7,"temp_max":34.8,"temp_min":24.0,"humidity_mean":28.0,"wind_speed_max":30.1,"wind_gusts_max":55.1,"precipitation":0.0,"soil_temp":27.08,"elevacion_centro":351.67,"cloud_cover":24.0,"NDVI":0.32}},{"type":"Feature","geometry":{"type":"Point","coordinates":[5.31,46.93]},"properties":{"lat":46.93,"lon":5.31,"fecha":"2022-06-19","temp_mean":29.1,"temp_max":34.0,"temp_min":24.4,"humidity_mean":38.0,"wind_speed_max":30.3,"wind_gusts_max":58.0,"precipitation":0.0,"soil_temp":24.42,"elevacion_centro":182.94,"cloud_cover":5.0,"NDVI":0.35}},{"type":"Feature","geometry":{"type":"Point","coordinates":[-1.56,42.54]},"properties":{"lat":42.54,"lon":-1.56,"fecha":"2022-06-19","temp_mean":26.7,"temp_max":32.3,"temp_min":18.9,"humidity_mean":32.0,"wind_speed_max":33.6,"wind_gusts_max":65.9,"precipitation":0.6,"soil_temp":25.6,"elevacion_centro":650.4,"cloud_cover":14.0,"NDVI":0.31}},{"type":"Feature","geometry":{"type":"Point","coordinates":[-2.15,42.59]},"properties":{"lat":42.59,"lon":-2.15,"fecha":"2022-06-19","temp_mean":25.8,"temp_max":31.9,"temp_min":18.0,"humidity_mean":37.0,"wind_speed_max":23.1,"wind_gusts_max":51.5,"precipitation":0.0,"soil_temp":26.97,"elevacion_centro":573.64,"cloud_cover":33.0,"NDVI":0.43}},{"type":"Feature","geometry":{"type":"Point","coordinates":[-1.39,40.98]},"properties":{"lat":40.98,"lon":-1.39,"fecha":"2022-06-20","temp_mean":23.7,"temp_max":30.8,"temp_min":15.2,"humidity_mean":33.0,"wind_speed_max":25.7,"wind_gusts_max":55.1,"precipitation":0.0,"soil_temp":25.06,"elevacion_centro":980.75,"cloud_cover":36.0,"NDVI":0.67}},{"type":"Feature","geometry":{"type":"Point","coordinates":[13.87,37.63]},"properties":{"lat":37.63,"lon":13.87,"fecha":"2022-06-20","temp_mean":22.8,"temp_max":30.5,"temp_min":15.2,"humidity_mean":51.0,"wind_speed_max":18.2,"wind_gusts_max":40.7,"precipitation":0.0,"soil_temp":26.79,"elevacion_centro":580.88,"cloud_cover":0.0,"NDVI":0.57}},{"type":"Feature","geometry":{"type":"Point","coordinates":[28.11,36.86]},"properties":{"lat":36.86,"lon":28.11,"fecha":"2022-06-22","temp_mean":27.1,"temp_max":32.6,"temp_min":19.9,"humidity_mean":49.0,"wind_speed_max":28.6,"wind_gusts_max":68.4,"precipitation":0.0,"soil_temp":28.88,"elevacion_centro":202.74,"cloud_cover":2.0,"NDVI":0.36}},{"type":"Feature","geometry":{"type":"Point","coordinates":[-2.42,39.56]},"properties":{"lat":39.56,"lon":-2.42,"fecha":"2022-06-22","temp_mean":19.2,"temp_max":23.8,"temp_min":13.6,"humidity_mean":38.0,"wind_speed_max":19.8,"wind_gusts_max":42.8,"precipitation":0.0,"soil_temp":22.16,"elevacion_centro":798.93,"cloud_cover":8.0,"NDVI":0.15}},{"type":"Feature","geometry":{"type":"Point","coordinates":[10.2,36.53]},"properties":{"lat":36.53,"lon":10.2,"fecha":"2022-06-22","temp_mean":27.8,"temp_max":37.1,"temp_min":21.0,"humidity_mean":31.0,"wind_speed_max":16.1,"wind_gusts_max":36.4,"precipitation":0.0,"soil_temp":32.11,"elevacion_centro":421.06,"cloud_cover":14.0,"NDVI":0.27}},{"type":"Feature","geometry":{"type":"Point","coordinates":[33.81,35.36]},"properties":{"lat":35.36,"lon":33.81,"fecha":"2022-06-22","temp_mean":24.5,"temp_max":29.7,"temp_min":19.3,"humidity_mean":47.0,"wind_speed_max":17.2,"wind_gusts_max":40.7,"precipitation":0.0,"soil_temp":35.71,"elevacion_centro":536.89,"cloud_cover":0.0,"NDVI":0.4}},{"type":"Feature","geometry":{"type":"Point","coordinates":[3.09,39.71]},"properties":{"lat":39.71,"lon":3.09,"fecha":"2022-06-23","temp_mean":25.4,"temp_max":30.5,"temp_min":22.0,"humidity_mean":63.0,"wind_speed_max":32.7,"wind_gusts_max":54.4,"precipitation":4.3,"soil_temp":28.96,"elevacion_centro":51.97,"cloud_cover":31.0,"NDVI":0.28}},{"type":"Feature","geometry":{"type":"Point","coordinates":[15.67,38.08]},"properties":{"lat":38.08,"lon":15.67,"fecha":"2022-06-23","temp_mean":32.8,"temp_max":37.2,"temp_min":28.2,"humidity_mean":21.0,"wind_speed_max":29.5,"wind_gusts_max":72.4,"precipitation":0.0,"soil_temp":30.96,"elevacion_centro":107.0,"cloud_cover":33.0,"NDVI":0.46}},{"type":"Feature","geometry":{"type":"Point","coordinates":[13.3,51.42]},"properties":{"lat":51.42,"lon":13.3,"fecha":"2022-06-24","temp_mean":22.8,"temp_max":29.5,"temp_min":17.5,"humidity_mean":62.0,"wind_speed_max":16.9,"wind_gusts_max":34.6,"precipitation":2.8,"soil_temp":23.04,"elevacion_centro":93.42,"cloud_cover":58.0,"NDVI":0.54}},{"type":"Feature","geometry":{"type":"Point","coordinates":[-1.28,40.87]},"properties":{"lat":40.87,"lon":-1.28,"fecha":"2022-06-24","temp_mean":18.5,"temp_max":24.9,"temp_min":11.4,"humidity_mean":43.0,"wind_speed_max":19.4,"wind_gusts_max":43.2,"precipitation":0.0,"soil_temp":21.31,"elevacion_centro":948.71,"cloud_cover":21.0,"NDVI":0.38}},{"type":"Feature","geometry":{"type":"Point","coordinates":[5.74,35.3]},"properties":{"lat":35.3,"lon":5.74,"fecha":"2022-06-24","temp_mean":30.2,"temp_max":37.3,"temp_min":21.8,"humidity_mean":23.0,"wind_speed_max":22.8,"wind_gusts_max":49.3,"precipitation":0.0,"soil_temp":30.56,"elevacion_centro":785.09,"cloud_cover":11.0,"NDVI":0.11}},{"type":"Feature","geometry":{"type":"Point","coordinates":[8.68,39.75]},"properties":{"lat":39.75,"lon":8.68,"fecha":"2022-06-25","temp_mean":28.1,"temp_max":34.2,"temp_min":22.2,"humidity_mean":49.0,"wind_speed_max":22.8,"wind_gusts_max":47.5,"precipitation":2.5,"soil_temp":29.84,"elevacion_centro":55.05,"cloud_cover":34.0,"NDVI":0.21}},{"type":"Feature","geometry":{"type":"Point","coordinates":[18.57,66.23]},"properties":{"lat":66.23,"lon":18.57,"fecha":"2022-06-27","temp_mean":21.8,"temp_max":26.5,"temp_min":16.4,"humidity_mean":63.0,"wind_speed_max":14.9,"wind_gusts_max":31.3,"precipitation":0.0,"soil_temp":19.7,"elevacion_centro":405.76,"cloud_cover":15.0,"NDVI":0.43}},{"type":"Feature","geometry":{"type":"Point","coordinates":[13.94,37.73]},"properties":{"lat":37.73,"lon":13.94,"fecha":"2022-06-27","temp_mean":29.0,"temp_max":35.2,"temp_min":22.8,"humidity_mean":20.0,"wind_speed_max":14.1,"wind_gusts_max":32.8,"precipitation":0.0,"soil_temp":30.83,"elevacion_centro":935.51,"cloud_cover":2.0,"NDVI":0.44}},{"type":"Feature","geometry":{"type":"Point","coordinates":[6.77,36.42]},"properties":{"lat":36.42,"lon":6.77,"fecha":"2022-06-27","temp_mean":29.6,"temp_max":39.2,"temp_min":21.5,"humidity_mean":32.0,"wind_speed_max":22.7,"wind_gusts_max":50.4,"precipitation":0.1,"soil_temp":33.0,"elevacion_centro":962.89,"cloud_cover":72.0,"NDVI":0.47}},{"type":"Feature","geometry":{"type":"Point","coordinates":[5.24,36.42]},"properties":{"lat":36.42,"lon":5.24,"fecha":"2022-06-27","temp_mean":28.0,"temp_max":39.8,"temp_min":18.5,"humidity_mean":44.0,"wind_speed_max":13.4,"wind_gusts_max":43.6,"precipitation":0.0,"soil_temp":27.47,"elevacion_centro":660.0,"cloud_cover":52.0,"NDVI":0.18}},{"type":"Feature","geometry":{"type":"Point","coordinates":[12.53,41.67]},"properties":{"lat":41.67,"lon":12.53,"fecha":"2022-06-27","temp_mean":29.5,"temp_max":34.7,"temp_min":24.9,"humidity_mean":43.0,"wind_speed_max":29.8,"wind_gusts_max":51.5,"precipitation":0.0,"soil_temp":32.47,"elevacion_centro":71.05,"cloud_cover":34.0,"NDVI":0.29}},{"type":"Feature","geometry":{"type":"Point","coordinates":[2.89,42.85]},"properties":{"lat":42.85,"lon":2.89,"fecha":"2022-06-28","temp_mean":23.4,"temp_max":28.6,"temp_min":18.2,"humidity_mean":46.0,"wind_speed_max":29.7,"wind_gusts_max":54.4,"precipitation":0.0,"soil_temp":24.8,"elevacion_centro":179.37,"cloud_cover":17.0,"NDVI":0.27}},{"type":"Feature","geometry":{"type":"Point","coordinates":[23.55,67.35]},"properties":{"lat":67.35,"lon":23.55,"fecha":"2022-06-28","temp_mean":23.0,"temp_max":27.0,"temp_min":18.6,"humidity_mean":58.0,"wind_speed_max":15.3,"wind_gusts_max":38.5,"precipitation":0.1,"soil_temp":18.83,"elevacion_centro":189.13,"cloud_cover":16.0,"NDVI":0.29}},{"type":"Feature","geometry":{"type":"Point","coordinates":[0.14,40.75]},"properties":{"lat":40.75,"lon":0.14,"fecha":"2022-06-29","temp_mean":19.6,"temp_max":23.5,"temp_min":16.0,"humidity_mean":65.0,"wind_speed_max":26.1,"wind_gusts_max":60.8,"precipitation":0.0,"soil_temp":23.46,"elevacion_centro":1073.63,"cloud_cover":9.0,"NDVI":0.56}},{"type":"Feature","geometry":{"type":"Point","coordinates":[-6.23,37.13]},"properties":{"lat":37.13,"lon":-6.23,"fecha":"2022-06-29","temp_mean":26.2,"temp_max":34.3,"temp_min":18.8,"humidity_mean":39.0,"wind_speed_max":19.2,"wind_gusts_max":43.2,"precipitation":0.0,"soil_temp":28.28,"elevacion_centro":3.82,"cloud_cover":0.0,"NDVI":0.23}},{"type":"Feature","geometry":{"type":"Point","coordinates":[4.76,44.19]},"properties":{"lat":44.19,"lon":4.76,"fecha":"2022-07-01","temp_mean":20.5,"temp_max":25.8,"temp_min":15.0,"humidity_mean":52.0,"wind_speed_max":33.3,"wind_gusts_max":63.7,"precipitation":1.4,"soil_temp":24.02,"elevacion_centro":96.5,"cloud_cover":11.0,"NDVI":0.46}},{"type":"Feature","geometry":{"type":"Point","coordinates":[-9.32,38.76]},"properties":{"lat":38.76,"lon":-9.32,"fecha":"2022-07-01","temp_mean":18.6,"temp_max":23.6,"temp_min":14.6,"humidity_mean":73.0,"wind_speed_max":28.5,"wind_gusts_max":57.2,"precipitation":0.0,"soil_temp":21.2,"elevacion_centro":128.34,"cloud_cover":15.0,"NDVI":0.46}},{"type":"Feature","geometry":{"type":"Point","coordinates":[22.22,65.56]},"properties":{"lat":65.56,"lon":22.22,"fecha":"2022-07-01","temp_mean":21.5,"temp_max":25.8,"temp_min":16.8,"humidity_mean":67.0,"wind_speed_max":11.3,"wind_gusts_max":28.4,"precipitation":0.1,"soil_temp":21.87,"elevacion_centro":3.53,"cloud_cover":79.0,"NDVI":-0.01}},{"type":"Feature","geometry":{"type":"Point","coordinates":[3.03,41.83]},"properties":{"lat":41.83,"lon":3.03,"fecha":"2022-07-01","temp_mean":21.5,"temp_max":25.7,"temp_min":17.8,"humidity_mean":49.0,"wind_speed_max":18.2,"wind_gusts_max":43.2,"precipitation":0.0,"soil_temp":26.34,"elevacion_centro":199.4,"cloud_cover":19.0,"NDVI":0.36}},{"type":"Feature","geometry":{"type":"Point","coordinates":[14.38,37.43]},"properties":{"lat":37.43,"lon":14.38,"fecha":"2022-07-02","temp_mean":29.5,"temp_max":38.2,"temp_min":22.8,"humidity_mean":31.0,"wind_speed_max":18.7,"wind_gusts_max":46.1,"precipitation":0.0,"soil_temp":33.38,"elevacion_centro":826.31,"cloud_cover":8.0,"NDVI":0.36}},{"type":"Feature","geometry":{"type":"Point","coordinates":[-7.19,40.59]},"properties":{"lat":40.59,"lon":-7.19,"fecha":"2022-07-02","temp_mean":24.5,"temp_max":33.0,"temp_min":15.4,"humidity_mean":45.0,"wind_speed_max":15.3,"wind_gusts_max":32.0,"precipitation":0.0,"soil_temp":24.01,"elevacion_centro":853.16,"cloud_cover":39.0,"NDVI":0.29}},{"type":"Feature","geometry":{"type":"Point","coordinates":[18.52,42.43]},"properties":{"lat":42.43,"lon":18.52,"fecha":"2022-07-03","temp_mean":28.9,"temp_max":32.2,"temp_min":24.9,"humidity_mean":50.0,"wind_speed_max":13.3,"wind_gusts_max":33.5,"precipitation":0.2,"soil_temp":28.51,"elevacion_centro":282.5,"cloud_cover":13.0,"NDVI":0.67}},{"type":"Feature","geometry":{"type":"Point","coordinates":[11.96,49.5]},"properties":{"lat":49.5,"lon":11.96,"fecha":"2022-07-03","temp_mean":20.8,"temp_max":28.7,"temp_min":11.6,"humidity_mean":58.0,"wind_speed_max":11.9,"wind_gusts_max":29.9,"precipitation":0.0,"soil_temp":21.58,"elevacion_centro":462.68,"cloud_cover":11.0,"NDVI":0.19}},{"type":"Feature","geometry":{"type":"Point","coordinates":[16.9,39.18]},"properties":{"lat":39.18,"lon":16.9,"fecha":"2022-07-03","temp_mean":32.2,"temp_max":37.4,"temp_min":26.1,"humidity_mean":38.0,"wind_speed_max":23.1,"wind_gusts_max":49.7,"precipitation":0.0,"soil_temp":32.31,"elevacion_centro":63.69,"cloud_cover":3.0,"NDVI":0.33}},{"type":"Feature","geometry":{"type":"Point","coordinates":[8.48,36.29]},"properties":{"lat":36.29,"lon":8.48,"fecha":"2022-07-03","temp_mean":30.7,"temp_max":37.5,"temp_min":24.6,"humidity_mean":34.0,"wind_speed_max":13.8,"wind_gusts_max":33.5,"precipitation":0.2,"soil_temp":33.25,"elevacion_centro":777.15,"cloud_cover":43.0,"NDVI":0.27}},{"type":"Feature","geometry":{"type":"Point","coordinates":[17.06,39.22]},"properties":{"lat":39.22,"lon":17.06,"fecha":"2022-07-04","temp_mean":31.1,"temp_max":35.7,"temp_min":25.8,"humidity_mean":42.0,"wind_speed_max":17.1,"wind_gusts_max":39.6,"precipitation":0.0,"soil_temp":32.19,"elevacion_centro":128.93,"cloud_cover":5.0,"NDVI":0.24}},{"type":"Feature","geometry":{"type":"Point","coordinates":[-3.5,40.75]},"properties":{"lat":40.75,"lon":-3.5,"fecha":"2022-07-04","temp_mean":26.1,"temp_max":32.9,"temp_min":18.5,"humidity_mean":39.0,"wind_speed_max":14.2,"wind_gusts_max":31.7,"precipitation":0.0,"soil_temp":24.64,"elevacion_centro":668.6,"cloud_cover":1.0,"NDVI":0.31}},{"type":"Feature","geometry":{"type":"Point","coordinates":[15.55,41.13]},"properties":{"lat":41.13,"lon":15.55,"fecha":"2022-07-04","temp_mean":30.1,"temp_max":36.6,"temp_min":22.6,"humidity_mean":32.0,"wind_speed_max":20.9,"wind_gusts_max":45.0,"precipitation":0.0,"soil_temp":29.92,"elevacion_centro":257.69,"cloud_cover":1.0,"NDVI":0.15}},{"type":"Feature","geometry":{"type":"Point","coordinates":[15.86,40.97]},"properties":{"lat":40.97,"lon":15.86,"fecha":"2022-07-04","temp_mean":29.6,"temp_max":35.9,"temp_min":23.2,"humidity_mean":33.0,"wind_speed_max":22.2,"wind_gusts_max":43.2,"precipitation":0.0,"soil_temp":29.92,"elevacion_centro":380.26,"cloud_cover":1.0,"NDVI":0.17}},{"type":"Feature","geometry":{"type":"Point","coordinates":[-4.34,40.01]},"properties":{"lat":40.01,"lon":-4.34,"fecha":"2022-07-04","temp_mean":27.4,"temp_max":34.5,"temp_min":20.0,"humidity_mean":31.0,"wind_speed_max":12.5,"wind_gusts_max":29.2,"precipitation":0.0,"soil_temp":29.23,"elevacion_centro":567.52,"cloud_cover":0.0,"NDVI":0.23}},{"type":"Feature","geometry":{"type":"Point","coordinates":[-1.42,39.43]},"properties":{"lat":39.43,"lon":-1.42,"fecha":"2022-07-04","temp_mean":28.0,"temp_max":37.5,"temp_min":18.0,"humidity_mean":42.0,"wind_speed_max":23.0,"wind_gusts_max":51.1,"precipitation":0.0,"soil_temp":27.9,"elevacion_centro":602.45,"cloud_cover":12.0,"NDVI":0.26}},{"type":"Feature","geometry":{"type":"Point","coordinates":[-5.66,38.46]},"properties":{"lat":38.46,"lon":-5.66,"fecha":"2022-07-04","temp_mean":25.5,"temp_max":33.3,"temp_min":16.1,"humidity_mean":35.0,"wind_speed_max":12.9,"wind_gusts_max":25.2,"precipitation":0.0,"soil_temp":29.35,"elevacion_centro":645.14,"cloud_cover":0.0,"NDVI":0.4}},{"type":"Feature","geometry":{"type":"Point","coordinates":[22.73,67.34]},"properties":{"lat":67.34,"lon":22.73,"fecha":"2022-07-04","temp_mean":20.5,"temp_max":24.2,"temp_min":15.1,"humidity_mean":50.0,"wind_speed_max":16.4,"wind_gusts_max":39.6,"precipitation":0.0,"soil_temp":18.17,"elevacion_centro":206.65,"cloud_cover":57.0,"NDVI":0.34}},{"type":"Feature","geometry":{"type":"Point","coordinates":[-3.01,40.24]},"properties":{"lat":40.24,"lon":-3.01,"fecha":"2022-07-05","temp_mean":27.5,"temp_max":34.5,"temp_min":17.5,"humidity_mean":30.0,"wind_speed_max":20.1,"wind_gusts_max":40.3,"precipitation":0.0,"soil_temp":28.24,"elevacion_centro":622.27,"cloud_cover":9.0,"NDVI":0.21}},{"type":"Feature","geometry":{"type":"Point","coordinates":[-2.77,40.66]},"properties":{"lat":40.66,"lon":-2.77,"fecha":"2022-07-05","temp_mean":26.5,"temp_max":34.0,"temp_min":17.0,"humidity_mean":31.0,"wind_speed_max":23.3,"wind_gusts_max":45.0,"precipitation":0.0,"soil_temp":26.61,"elevacion_centro":1043.79,"cloud_cover":7.0,"NDVI":0.27}},{"type":"Feature","geometry":{"type":"Point","coordinates":[23.24,38.13]},"properties":{"lat":38.13,"lon":23.24,"fecha":"2022-07-05","temp_mean":24.3,"temp_max":29.4,"temp_min":18.4,"humidity_mean":35.0,"wind_speed_max":22.3,"wind_gusts_max":67.0,"precipitation":0.0,"soil_temp":28.43,"elevacion_centro":427.48,"cloud_cover":0.0,"NDVI":0.51}},{"type":"Feature","geometry":{"type":"Point","coordinates":[26.49,42.37]},"properties":{"lat":42.37,"lon":26.49,"fecha":"2022-07-05","temp_mean":23.8,"temp_max":30.7,"temp_min":17.1,"humidity_mean":55.0,"wind_speed_max":19.4,"wind_gusts_max":37.1,"precipitation":0.0,"soil_temp":25.15,"elevacion_centro":156.15,"cloud_cover":3.0,"NDVI":0.24}},{"type":"Feature","geometry":{"type":"Point","coordinates":[26.94,44.57]},"properties":{"lat":44.57,"lon":26.94,"fecha":"2022-07-05","temp_mean":27.9,"temp_max":33.6,"temp_min":20.6,"humidity_mean":43.0,"wind_speed_max":16.0,"wind_gusts_max":29.9,"precipitation":0.0,"soil_temp":28.72,"elevacion_centro":75.52,"cloud_cover":31.0,"NDVI":0.19}},{"type":"Feature","geometry":{"type":"Point","coordinates":[15.12,37.04]},"properties":{"lat":37.04,"lon":15.12,"fecha":"2022-07-06","temp_mean":31.2,"temp_max":37.7,"temp_min":25.4,"humidity_mean":35.0,"wind_speed_max":15.6,"wind_gusts_max":34.9,"precipitation":0.0,"soil_temp":34.29,"elevacion_centro":224.23,"cloud_cover":3.0,"NDVI":0.4}},{"type":"Feature","geometry":{"type":"Point","coordinates":[27.98,44.82]},"properties":{"lat":44.82,"lon":27.98,"fecha":"2022-07-06","temp_mean":27.7,"temp_max":33.8,"temp_min":19.8,"humidity_mean":43.0,"wind_speed_max":15.2,"wind_gusts_max":27.0,"precipitation":0.0,"soil_temp":28.96,"elevacion_centro":3.22,"cloud_cover":18.0,"NDVI":0.66}},{"type":"Feature","geometry":{"type":"Point","coordinates":[-7.29,40.41]},"properties":{"lat":40.41,"lon":-7.29,"fecha":"2022-07-07","temp_mean":25.7,"temp_max":33.3,"temp_min":17.5,"humidity_mean":35.0,"wind_speed_max":25.0,"wind_gusts_max":47.9,"precipitation":0.0,"soil_temp":24.5,"elevacion_centro":572.06,"cloud_cover":0.0,"NDVI":0.34}},{"type":"Feature","geometry":{"type":"Point","coordinates":[-8.33,40.64]},"properties":{"lat":40.64,"lon":-8.33,"fecha":"2022-07-07","temp_mean":26.2,"temp_max":32.9,"temp_min":20.0,"humidity_mean":47.0,"wind_speed_max":26.2,"wind_gusts_max":58.0,"precipitation":0.0,"soil_temp":25.79,"elevacion_centro":253.33,"cloud_cover":0.0,"NDVI":0.44}},{"type":"Feature","geometry":{"type":"Point","coordinates":[-7.36,41.2]},"properties":{"lat":41.2,"lon":-7.36,"fecha":"2022-07-08","temp_mean":25.4,"temp_max":34.3,"temp_min":15.0,"humidity_mean":31.0,"wind_speed_max":11.8,"wind_gusts_max":32.8,"precipitation":0.0,"soil_temp":24.78,"elevacion_centro":642.25,"cloud_cover":0.0,"NDVI":0.37}},{"type":"Feature","geometry":{"type":"Point","coordinates":[-8.46,39.79]},"properties":{"lat":39.79,"lon":-8.46,"fecha":"2022-07-08","temp_mean":29.6,"temp_max":37.5,"temp_min":22.4,"humidity_mean":28.0,"wind_speed_max":20.7,"wind_gusts_max":41.0,"precipitation":0.0,"soil_temp":25.68,"elevacion_centro":119.9,"cloud_cover":0.0,"NDVI":0.27}},{"type":"Feature","geometry":{"type":"Point","coordinates":[-8.47,39.9]},"properties":{"lat":39.9,"lon":-8.47,"fecha":"2022-07-08","temp_mean":28.5,"temp_max":36.2,"temp_min":20.7,"humidity_mean":33.0,"wind_speed_max":18.5,"wind_gusts_max":37.1,"precipitation":0.0,"soil_temp":25.68,"elevacion_centro":188.89,"cloud_cover":0.0,"NDVI":0.65}},{"type":"Feature","geometry":{"type":"Point","coordinates":[-8.48,39.74]},"properties":{"lat":39.74,"lon":-8.48,"fecha":"2022-07-08","temp_mean":29.6,"temp_max":37.5,"temp_min":22.4,"humidity_mean":28.0,"wind_speed_max":20.7,"wind_gusts_max":41.0,"precipitation":0.0,"soil_temp":27.42,"elevacion_centro":181.53,"cloud_cover":0.0,"NDVI":0.44}},{"type":"Feature","geometry":{"type":"Point","coordinates":[-1.17,42.54]},"properties":{"lat":42.54,"lon":-1.17,"fecha":"2022-07-08","temp_mean":21.6,"temp_max":29.6,"temp_min":14.5,"humidity_mean":61.0,"wind_speed_max":16.9,"wind_gusts_max":38.9,"precipitation":0.0,"soil_temp":20.66,"elevacion_centro":517.49,"cloud_cover":3.0,"NDVI":0.23}},{"type":"Feature","geometry":{"type":"Point","coordinates":[-9.24,38.82]},"properties":{"lat":38.82,"lon":-9.24,"fecha":"2022-07-10","temp_mean":26.0,"temp_max":33.3,"temp_min":19.3,"humidity_mean":38.0,"wind_speed_max":26.9,"wind_gusts_max":52.6,"precipitation":0.0,"soil_temp":25.58,"elevacion_centro":270.08,"cloud_cover":0.0,"NDVI":0.39}},{"type":"Feature","geometry":{"type":"Point","coordinates":[8.78,40.33]},"properties":{"lat":40.33,"lon":8.78,"fecha":"2022-07-10","temp_mean":23.9,"temp_max":30.0,"temp_min":16.8,"humidity_mean":47.0,"wind_speed_max":19.9,"wind_gusts_max":46.4,"precipitation":0.0,"soil_temp":27.42,"elevacion_centro":656.73,"cloud_cover":0.0,"NDVI":0.18}},{"type":"Feature","geometry":{"type":"Point","coordinates":[-6.13,37.72]},"properties":{"lat":37.72,"lon":-6.13,"fecha":"2022-07-10","temp_mean":31.7,"temp_max":39.7,"temp_min":23.4,"humidity_mean":28.0,"wind_speed_max":20.6,"wind_gusts_max":39.6,"precipitation":0.0,"soil_temp":34.07,"elevacion_centro":300.55,"cloud_cover":2.0,"NDVI":0.38}},{"type":"Feature","geometry":{"type":"Point","coordinates":[-1.93,42.13]},"properties":{"lat":42.13,"lon":-1.93,"fecha":"2022-07-10","temp_mean":24.9,"temp_max":33.1,"temp_min":16.8,"humidity_mean":38.0,"wind_speed_max":16.5,"wind_gusts_max":40.7,"precipitation":0.0,"soil_temp":24.09,"elevacion_centro":781.86,"cloud_cover":1.0,"NDVI":0.47}},{"type":"Feature","geometry":{"type":"Point","coordinates":[-2.23,40.2]},"properties":{"lat":40.2,"lon":-2.23,"fecha":"2022-07-11","temp_mean":27.1,"temp_max":34.8,"temp_min":19.8,"humidity_mean":31.0,"wind_speed_max":19.0,"wind_gusts_max":37.8,"precipitation":0.0,"soil_temp":29.32,"elevacion_centro":1050.61,"cloud_cover":21.0,"NDVI":0.24}},{"type":"Feature","geometry":{"type":"Point","coordinates":[-6.92,40.98]},"properties":{"lat":40.98,"lon":-6.92,"fecha":"2022-07-11","temp_mean":28.5,"temp_max":38.8,"temp_min":19.5,"humidity_mean":41.0,"wind_speed_max":10.9,"wind_gusts_max":49.0,"precipitation":0.6,"soil_temp":29.57,"elevacion_centro":567.23,"cloud_cover":23.0,"NDVI":0.19}},{"type":"Feature","geometry":{"type":"Point","coordinates":[-5.79,40.32]},"properties":{"lat":40.32,"lon":-5.79,"fecha":"2022-07-12","temp_mean":24.6,"temp_max":29.1,"temp_min":21.8,"humidity_mean":33.0,"wind_speed_max":9.0,"wind_gusts_max":36.0,"precipitation":2.5,"soil_temp":28.99,"elevacion_centro":1598.03,"cloud_cover":33.0,"NDVI":0.3}},{"type":"Feature","geometry":{"type":"Point","coordinates":[8.98,39.67]},"properties":{"lat":39.67,"lon":8.98,"fecha":"2022-07-12","temp_mean":27.0,"temp_max":33.7,"temp_min":20.5,"humidity_mean":48.0,"wind_speed_max":14.8,"wind_gusts_max":36.0,"precipitation":0.0,"soil_temp":30.6,"elevacion_centro":142.64,"cloud_cover":0.0,"NDVI":0.25}},{"type":"Feature","geometry":{"type":"Point","coordinates":[12.82,37.81]},"properties":{"lat":37.81,"lon":12.82,"fecha":"2022-07-12","temp_mean":26.1,"temp_max":31.5,"temp_min":21.0,"humidity_mean":51.0,"wind_speed_max":15.9,"wind_gusts_max":39.6,"precipitation":0.0,"soil_temp":28.98,"elevacion_centro":214.65,"cloud_cover":4.0,"NDVI":0.27}},{"type":"Feature","geometry":{"type":"Point","coordinates":[15.79,43.8]},"properties":{"lat":43.8,"lon":15.79,"fecha":"2022-07-13","temp_mean":25.5,"temp_max":31.9,"temp_min":20.1,"humidity_mean":39.0,"wind_speed_max":21.1,"wind_gusts_max":44.6,"precipitation":0.0,"soil_temp":26.19,"elevacion_centro":47.74,"cloud_cover":1.0,"NDVI":0.4}},{"type":"Feature","geometry":{"type":"Point","coordinates":[-8.9,38.56]},"properties":{"lat":38.56,"lon":-8.9,"fecha":"2022-07-13","temp_mean":29.3,"temp_max":38.8,"temp_min":20.7,"humidity_mean":41.0,"wind_speed_max":20.3,"wind_gusts_max":43.6,"precipitation":0.0,"soil_temp":29.03,"elevacion_centro":184.82,"cloud_cover":75.0,"NDVI":0.5}},{"type":"Feature","geometry":{"type":"Point","coordinates":[-6.5,38.5]},"properties":{"lat":38.5,"lon":-6.5,"fecha":"2022-07-13","temp_mean":34.7,"temp_max":42.2,"temp_min":26.0,"humidity_mean":17.0,"wind_speed_max":17.2,"wind_gusts_max":41.0,"precipitation":0.0,"soil_temp":33.62,"elevacion_centro":337.77,"cloud_cover":55.0,"NDVI":0.18}},{"type":"Feature","geometry":{"type":"Point","coordinates":[-6.09,36.67]},"properties":{"lat":36.67,"lon":-6.09,"fecha":"2022-07-13","temp_mean":32.5,"temp_max":38.8,"temp_min":27.5,"humidity_mean":23.0,"wind_speed_max":29.4,"wind_gusts_max":56.2,"precipitation":0.0,"soil_temp":30.98,"elevacion_centro":7.67,"cloud_cover":14.0,"NDVI":0.63}},{"type":"Feature","geometry":{"type":"Point","coordinates":[-6.33,40.18]},"properties":{"lat":40.18,"lon":-6.33,"fecha":"2022-07-13","temp_mean":33.3,"temp_max":40.1,"temp_min":25.1,"humidity_mean":18.0,"wind_speed_max":10.3,"wind_gusts_max":25.9,"precipitation":0.0,"soil_temp":34.49,"elevacion_centro":526.04,"cloud_cover":60.0,"NDVI":0.34}},{"type":"Feature","geometry":{"type":"Point","coordinates":[-1.21,44.55]},"properties":{"lat":44.55,"lon":-1.21,"fecha":"2022-07-13","temp_mean":25.8,"temp_max":33.3,"temp_min":17.7,"humidity_mean":55.0,"wind_speed_max":12.1,"wind_gusts_max":28.1,"precipitation":0.0,"soil_temp":29.01,"elevacion_centro":40.18,"cloud_cover":21.0,"NDVI":0.63}},{"type":"Feature","geometry":{"type":"Point","coordinates":[-8.09,37.08]},"properties":{"lat":37.08,"lon":-8.09,"fecha":"2022-07-13","temp_mean":29.0,"temp_max":34.2,"temp_min":25.3,"humidity_mean":41.0,"wind_speed_max":31.6,"wind_gusts_max":58.3,"precipitation":0.0,"soil_temp":27.66,"elevacion_centro":29.04,"cloud_cover":52.0,"NDVI":0.34}},{"type":"Feature","geometry":{"type":"Point","coordinates":[26.46,38.25]},"properties":{"lat":38.25,"lon":26.46,"fecha":"2022-07-13","temp_mean":24.7,"temp_max":29.0,"temp_min":21.0,"humidity_mean":42.0,"wind_speed_max":30.5,"wind_gusts_max":61.6,"precipitation":0.0,"soil_temp":30.35,"elevacion_centro":131.53,"cloud_cover":2.0,"NDVI":0.09}},{"type":"Feature","geometry":{"type":"Point","coordinates":[15.33,44.22]},"properties":{"lat":44.22,"lon":15.33,"fecha":"2022-07-13","temp_mean":23.2,"temp_max":28.6,"temp_min":16.3,"humidity_mean":55.0,"wind_speed_max":23.6,"wind_gusts_max":51.5,"precipitation":0.0,"soil_temp":26.19,"elevacion_centro":119.02,"cloud_cover":1.0,"NDVI":0.38}},{"type":"Feature","geometry":{"type":"Point","coordinates":[-8.0,37.05]},"properties":{"lat":37.05,"lon":-8.0,"fecha":"2022-07-13","temp_mean":29.8,"temp_max":35.2,"temp_min":25.4,"humidity_mean":34.0,"wind_speed_max":27.6,"wind_gusts_max":58.7,"precipitation":0.0,"soil_temp":27.66,"elevacion_centro":-2.19,"cloud_cover":45.0,"NDVI":0.24}},{"type":"Feature","geometry":{"type":"Point","coordinates":[27.57,36.71]},"properties":{"lat":36.71,"lon":27.57,"fecha":"2022-07-13","temp_mean":23.1,"temp_max":26.0,"temp_min":20.5,"humidity_mean":55.0,"wind_speed_max":30.0,"wind_gusts_max":87.1,"precipitation":0.0,"soil_temp":30.89,"elevacion_centro":303.35,"cloud_cover":0.0,"NDVI":0.35}},{"type":"Feature","geometry":{"type":"Point","coordinates":[20.97,52.44]},"properties":{"lat":52.44,"lon":20.97,"fecha":"2022-07-14","temp_mean":20.0,"temp_max":23.9,"temp_min":15.8,"humidity_mean":62.0,"wind_speed_max":19.6,"wind_gusts_max":40.0,"precipitation":0.0,"soil_temp":19.77,"elevacion_centro":78.54,"cloud_cover":51.0,"NDVI":0.53}},{"type":"Feature","geometry":{"type":"Point","coordinates":[-6.16,40.45]},"properties":{"lat":40.45,"lon":-6.16,"fecha":"2022-07-14","temp_mean":31.4,"temp_max":37.2,"temp_min":23.9,"humidity_mean":22.0,"wind_speed_max":17.9,"wind_gusts_max":43.2,"precipitation":0.0,"soil_temp":31.13,"elevacion_centro":923.08,"cloud_cover":17.0,"NDVI":0.46}},{"type":"Feature","geometry":{"type":"Point","coordinates":[-7.79,40.44]},"properties":{"lat":40.44,"lon":-7.79,"fecha":"2022-07-14","temp_mean":31.5,"temp_max":40.2,"temp_min":24.3,"humidity_mean":32.0,"wind_speed_max":16.9,"wind_gusts_max":39.2,"precipitation":0.0,"soil_temp":29.54,"elevacion_centro":359.12,"cloud_cover":53.0,"NDVI":0.25}},{"type":"Feature","geometry":{"type":"Point","coordinates":[-7.62,40.61]},"properties":{"lat":40.61,"lon":-7.62,"fecha":"2022-07-14","temp_mean":32.6,"temp_max":40.4,"temp_min":26.2,"humidity_mean":25.0,"wind_speed_max":25.8,"wind_gusts_max":51.8,"precipitation":0.0,"soil_temp":29.54,"elevacion_centro":555.01,"cloud_cover":56.0,"NDVI":0.53}},{"type":"Feature","geometry":{"type":"Point","coordinates":[-5.74,35.11]},"properties":{"lat":35.11,"lon":-5.74,"fecha":"2022-07-14","temp_mean":31.8,"temp_max":41.5,"temp_min":22.5,"humidity_mean":19.0,"wind_speed_max":17.1,"wind_gusts_max":40.7,"precipitation":0.0,"soil_temp":34.84,"elevacion_centro":484.06,"cloud_cover":0.0,"NDVI":0.42}},{"type":"Feature","geometry":{"type":"Point","coordinates":[-5.71,35.41]},"properties":{"lat":35.41,"lon":-5.71,"fecha":"2022-07-14","temp_mean":28.6,"temp_max":36.3,"temp_min":21.5,"humidity_mean":30.0,"wind_speed_max":22.3,"wind_gusts_max":60.8,"precipitation":0.0,"soil_temp":29.51,"elevacion_centro":474.06,"cloud_cover":0.0,"NDVI":0.49}},{"type":"Feature","geometry":{"type":"Point","coordinates":[24.28,43.93]},"properties":{"lat":43.93,"lon":24.28,"fecha":"2022-07-14","temp_mean":24.6,"temp_max":32.1,"temp_min":15.4,"humidity_mean":40.0,"wind_speed_max":18.7,"wind_gusts_max":34.6,"precipitation":0.0,"soil_temp":25.99,"elevacion_centro":111.6,"cloud_cover":7.0,"NDVI":0.19}},{"type":"Feature","geometry":{"type":"Point","coordinates":[-5.64,35.04]},"properties":{"lat":35.04,"lon":-5.64,"fecha":"2022-07-14","temp_mean":31.8,"temp_max":42.3,"temp_min":23.2,"humidity_mean":24.0,"wind_speed_max":19.2,"wind_gusts_max":48.6,"precipitation":0.0,"soil_temp":34.84,"elevacion_centro":185.86,"cloud_cover":0.0,"NDVI":0.48}},{"type":"Feature","geometry":{"type":"Point","coordinates":[-2.86,41.06]},"properties":{"lat":41.06,"lon":-2.86,"fecha":"2022-07-14","temp_mean":30.1,"temp_max":38.1,"temp_min":19.5,"humidity_mean":16.0,"wind_speed_max":23.5,"wind_gusts_max":46.4,"precipitation":0.0,"soil_temp":29.69,"elevacion_centro":1014.87,"cloud_cover":2.0,"NDVI":0.23}},{"type":"Feature","geometry":{"type":"Point","coordinates":[21.66,46.68]},"properties":{"lat":46.68,"lon":21.66,"fecha":"2022-07-14","temp_mean":24.8,"temp_max":32.0,"temp_min":15.1,"humidity_mean":46.0,"wind_speed_max":15.8,"wind_gusts_max":31.0,"precipitation":0.0,"soil_temp":24.76,"elevacion_centro":96.54,"cloud_cover":50.0,"NDVI":0.26}},{"type":"Feature","geometry":{"type":"Point","coordinates":[-6.16,35.17]},"properties":{"lat":35.17,"lon":-6.16,"fecha":"2022-07-14","temp_mean":30.1,"temp_max":39.2,"temp_min":22.2,"humidity_mean":55.0,"wind_speed_max":22.2,"wind_gusts_max":36.7,"precipitation":0.0,"soil_temp":36.7,"elevacion_centro":35.34,"cloud_cover":0.0,"NDVI":0.11}},{"type":"Feature","geometry":{"type":"Point","coordinates":[-6.05,35.29]},"properties":{"lat":35.29,"lon":-6.05,"fecha":"2022-07-14","temp_mean":31.3,"temp_max":41.9,"temp_min":21.6,"humidity_mean":37.0,"wind_speed_max":21.4,"wind_gusts_max":47.2,"precipitation":0.0,"soil_temp":32.5,"elevacion_centro":201.71,"cloud_cover":0.0,"NDVI":0.58}},{"type":"Feature","geometry":{"type":"Point","coordinates":[-4.62,36.63]},"properties":{"lat":36.63,"lon":-4.62,"fecha":"2022-07-15","temp_mean":24.4,"temp_max":29.3,"temp_min":17.8,"humidity_mean":47.0,"wind_speed_max":13.3,"wind_gusts_max":42.1,"precipitation":0.0,"soil_temp":30.86,"elevacion_centro":543.27,"cloud_cover":0.0,"NDVI":0.35}},{"type":"Feature","geometry":{"type":"Point","coordinates":[-6.47,42.82]},"properties":{"lat":42.82,"lon":-6.47,"fecha":"2022-07-15","temp_mean":27.8,"temp_max":35.0,"temp_min":19.8,"humidity_mean":30.0,"wind_speed_max":16.2,"wind_gusts_max":38.2,"precipitation":0.0,"soil_temp":24.2,"elevacion_centro":994.23,"cloud_cover":74.0,"NDVI":0.52}},{"type":"Feature","geometry":{"type":"Point","coordinates":[-5.48,40.24]},"properties":{"lat":40.24,"lon":-5.48,"fecha":"2022-07-15","temp_mean":24.1,"temp_max":27.6,"temp_min":19.2,"humidity_mean":25.0,"wind_speed_max":12.6,"wind_gusts_max":64.1,"precipitation":0.0,"soil_temp":34.6,"elevacion_centro":1845.95,"cloud_cover":14.0,"NDVI":0.27}},{"type":"Feature","geometry":{"type":"Point","coordinates":[-7.28,42.58]},"properties":{"lat":42.58,"lon":-7.28,"fecha":"2022-07-15","temp_mean":27.7,"temp_max":34.5,"temp_min":22.4,"humidity_mean":33.0,"wind_speed_max":19.5,"wind_gusts_max":41.4,"precipitation":0.0,"soil_temp":27.81,"elevacion_centro":883.64,"cloud_cover":76.0,"NDVI":0.46}},{"type":"Feature","geometry":{"type":"Point","coordinates":[-3.11,42.55]},"properties":{"lat":42.55,"lon":-3.11,"fecha":"2022-07-15","temp_mean":26.3,"temp_max":36.5,"temp_min":15.9,"humidity_mean":40.0,"wind_speed_max":19.2,"wind_gusts_max":38.2,"precipitation":0.0,"soil_temp":25.81,"elevacion_centro":759.86,"cloud_cover":14.0,"NDVI":0.37}},{"type":"Feature","geometry":{"type":"Point","coordinates":[-7.16,42.52]},"properties":{"lat":42.52,"lon":-7.16,"fecha":"2022-07-15","temp_mean":27.4,"temp_max":34.1,"temp_min":21.8,"humidity_mean":35.0,"wind_speed_max":16.9,"wind_gusts_max":49.7,"precipitation":0.0,"soil_temp":26.6,"elevacion_centro":947.73,"cloud_cover":75.0,"NDVI":0.47}},{"type":"Feature","geometry":{"type":"Point","coordinates":[-3.85,41.06]},"properties":{"lat":41.06,"lon":-3.85,"fecha":"2022-07-15","temp_mean":27.5,"temp_max":33.3,"temp_min":19.6,"humidity_mean":21.0,"wind_speed_max":17.4,"wind_gusts_max":40.0,"precipitation":0.0,"soil_temp":28.78,"elevacion_centro":1224.95,"cloud_cover":7.0,"NDVI":0.42}},{"type":"Feature","geometry":{"type":"Point","coordinates":[-7.92,41.22]},"properties":{"lat":41.22,"lon":-7.92,"fecha":"2022-07-15","temp_mean":25.0,"temp_max":33.3,"temp_min":17.9,"humidity_mean":41.0,"wind_speed_max":15.9,"wind_gusts_max":48.6,"precipitation":0.0,"soil_temp":27.73,"elevacion_centro":1011.86,"cloud_cover":50.0,"NDVI":0.42}},{"type":"Feature","geometry":{"type":"Point","coordinates":[-6.19,41.23]},"properties":{"lat":41.23,"lon":-6.19,"fecha":"2022-07-15","temp_mean":30.2,"temp_max":37.2,"temp_min":23.1,"humidity_mean":29.0,"wind_speed_max":22.7,"wind_gusts_max":41.8,"precipitation":0.0,"soil_temp":31.46,"elevacion_centro":783.35,"cloud_cover":36.0,"NDVI":0.29}},{"type":"Feature","geometry":{"type":"Point","coordinates":[-7.35,42.17]},"properties":{"lat":42.17,"lon":-7.35,"fecha":"2022-07-15","temp_mean":24.1,"temp_max":28.8,"temp_min":19.7,"humidity_mean":36.0,"wind_speed_max":21.7,"wind_gusts_max":57.2,"precipitation":0.1,"soil_temp":28.06,"elevacion_centro":1522.42,"cloud_cover":56.0,"NDVI":0.43}},{"type":"Feature","geometry":{"type":"Point","coordinates":[-8.02,41.11]},"properties":{"lat":41.11,"lon":-8.02,"fecha":"2022-07-15","temp_mean":28.5,"temp_max":35.3,"temp_min":23.1,"humidity_mean":50.0,"wind_speed_max":14.4,"wind_gusts_max":33.8,"precipitation":0.0,"soil_temp":27.73,"elevacion_centro":119.19,"cloud_cover":51.0,"NDVI":0.66}},{"type":"Feature","geometry":{"type":"Point","coordinates":[-5.76,39.7]},"properties":{"lat":39.7,"lon":-5.76,"fecha":"2022-07-15","temp_mean":34.1,"temp_max":41.7,"temp_min":25.9,"humidity_mean":19.0,"wind_speed_max":16.6,"wind_gusts_max":35.3,"precipitation":0.0,"soil_temp":34.51,"elevacion_centro":502.28,"cloud_cover":14.0,"NDVI":0.28}},{"type":"Feature","geometry":{"type":"Point","coordinates":[18.96,42.92]},"properties":{"lat":42.92,"lon":18.96,"fecha":"2022-07-15","temp_mean":20.4,"temp_max":28.3,"temp_min":10.5,"humidity_mean":49.0,"wind_speed_max":14.8,"wind_gusts_max":38.5,"precipitation":0.0,"soil_temp":19.32,"elevacion_centro":1122.55,"cloud_cover":3.0,"NDVI":0.74}},{"type":"Feature","geometry":{"type":"Point","coordinates":[4.75,43.86]},"properties":{"lat":43.86,"lon":4.75,"fecha":"2022-07-15","temp_mean":30.8,"temp_max":38.7,"temp_min":21.1,"humidity_mean":44.0,"wind_speed_max":29.2,"wind_gusts_max":50.8,"precipitation":0.0,"soil_temp":31.0,"elevacion_centro":68.35,"cloud_cover":5.0,"NDVI":0.36}},{"type":"Feature","geometry":{"type":"Point","coordinates":[-7.59,41.84]},"properties":{"lat":41.84,"lon":-7.59,"fecha":"2022-07-16","temp_mean":27.3,"temp_max":34.9,"temp_min":19.6,"humidity_mean":46.0,"wind_speed_max":16.3,"wind_gusts_max":46.4,"precipitation":0.1,"soil_temp":27.24,"elevacion_centro":837.61,"cloud_cover":69.0,"NDVI":0.34}},{"type":"Feature","geometry":{"type":"Point","coordinates":[0.73,48.8]},"properties":{"lat":48.8,"lon":0.73,"fecha":"2022-07-16","temp_mean":20.8,"temp_max":27.2,"temp_min":11.9,"humidity_mean":47.0,"wind_speed_max":15.1,"wind_gusts_max":27.7,"precipitation":0.0,"soil_temp":20.91,"elevacion_centro":209.02,"cloud_cover":37.0,"NDVI":0.23}},{"type":"Feature","geometry":{"type":"Point","coordinates":[7.72,36.91]},"properties":{"lat":36.91,"lon":7.72,"fecha":"2022-07-16","temp_mean":25.8,"temp_max":29.9,"temp_min":21.5,"humidity_mean":68.0,"wind_speed_max":11.9,"wind_gusts_max":37.1,"precipitation":0.0,"soil_temp":30.16,"elevacion_centro":87.81,"cloud_cover":0.0,"NDVI":0.42}},{"type":"Feature","geometry":{"type":"Point","coordinates":[13.51,53.01]},"properties":{"lat":53.01,"lon":13.51,"fecha":"2022-07-16","temp_mean":16.1,"temp_max":19.8,"temp_min":13.1,"humidity_mean":60.0,"wind_speed_max":29.3,"wind_gusts_max":58.0,"precipitation":2.5,"soil_temp":17.67,"elevacion_centro":60.53,"cloud_cover":55.0,"NDVI":0.11}},{"type":"Feature","geometry":{"type":"Point","coordinates":[8.95,39.73]},"properties":{"lat":39.73,"lon":8.95,"fecha":"2022-07-16","temp_mean":27.5,"temp_max":34.1,"temp_min":20.8,"humidity_mean":55.0,"wind_speed_max":14.3,"wind_gusts_max":35.6,"precipitation":0.0,"soil_temp":31.65,"elevacion_centro":329.09,"cloud_cover":0.0,"NDVI":0.34}},{"type":"Feature","geometry":{"type":"Point","coordinates":[-8.25,41.16]},"properties":{"lat":41.16,"lon":-8.25,"fecha":"2022-07-16","temp_mean":24.4,"temp_max":31.4,"temp_min":16.9,"humidity_mean":58.0,"wind_speed_max":14.1,"wind_gusts_max":32.4,"precipitation":0.0,"soil_temp":26.65,"elevacion_centro":355.57,"cloud_cover":68.0,"NDVI":0.6}},{"type":"Feature","geometry":{"type":"Point","coordinates":[28.32,39.63]},"properties":{"lat":39.63,"lon":28.32,"fecha":"2022-07-17","temp_mean":22.7,"temp_max":28.9,"temp_min":15.4,"humidity_mean":60.0,"wind_speed_max":20.7,"wind_gusts_max":51.8,"precipitation":0.0,"soil_temp":23.2,"elevacion_centro":501.45,"cloud_cover":1.0,"NDVI":0.38}},{"type":"Feature","geometry":{"type":"Point","coordinates":[-7.1,40.73]},"properties":{"lat":40.73,"lon":-7.1,"fecha":"2022-07-17","temp_mean":29.9,"temp_max":39.1,"temp_min":20.1,"humidity_mean":38.0,"wind_speed_max":24.4,"wind_gusts_max":56.5,"precipitation":0.0,"soil_temp":29.88,"elevacion_centro":639.58,"cloud_cover":14.0,"NDVI":0.3}},{"type":"Feature","geometry":{"type":"Point","coordinates":[-6.9,42.87]},"properties":{"lat":42.87,"lon":-6.9,"fecha":"2022-07-17","temp_mean":27.9,"temp_max":34.2,"temp_min":21.6,"humidity_mean":37.0,"wind_speed_max":14.3,"wind_gusts_max":34.9,"precipitation":0.0,"soil_temp":27.89,"elevacion_centro":863.15,"cloud_cover":66.0,"NDVI":0.59}},{"type":"Feature","geometry":{"type":"Point","coordinates":[-7.96,42.84]},"properties":{"lat":42.84,"lon":-7.96,"fecha":"2022-07-17","temp_mean":25.5,"temp_max":33.3,"temp_min":20.0,"humidity_mean":64.0,"wind_speed_max":19.1,"wind_gusts_max":41.8,"precipitation":0.0,"soil_temp":27.26,"elevacion_centro":440.21,"cloud_cover":50.0,"NDVI":0.51}},{"type":"Feature","geometry":{"type":"Point","coordinates":[1.9,41.69]},"properties":{"lat":41.69,"lon":1.9,"fecha":"2022-07-17","temp_mean":29.4,"temp_max":35.0,"temp_min":23.4,"humidity_mean":31.0,"wind_speed_max":17.4,"wind_gusts_max":43.2,"precipitation":0.0,"soil_temp":29.23,"elevacion_centro":293.71,"cloud_cover":3.0,"NDVI":0.44}},{"type":"Feature","geometry":{"type":"Point","coordinates":[-7.98,41.46]},"properties":{"lat":41.46,"lon":-7.98,"fecha":"2022-07-17","temp_mean":24.3,"temp_max":31.8,"temp_min":17.7,"humidity_mean":61.0,"wind_speed_max":15.6,"wind_gusts_max":40.0,"precipitation":0.0,"soil_temp":26.95,"elevacion_centro":589.27,"cloud_cover":23.0,"NDVI":0.61}},{"type":"Feature","geometry":{"type":"Point","coordinates":[-2.95,41.33]},"properties":{"lat":41.33,"lon":-2.95,"fecha":"2022-07-17","temp_mean":27.0,"temp_max":33.5,"temp_min":21.0,"humidity_mean":31.0,"wind_speed_max":17.7,"wind_gusts_max":42.1,"precipitation":0.3,"soil_temp":30.33,"elevacion_centro":1200.23,"cloud_cover":18.0,"NDVI":0.18}},{"type":"Feature","geometry":{"type":"Point","coordinates":[20.04,45.06]},"properties":{"lat":45.06,"lon":20.04,"fecha":"2022-07-17","temp_mean":22.5,"temp_max":26.8,"temp_min":17.5,"humidity_mean":41.0,"wind_speed_max":16.7,"wind_gusts_max":32.4,"precipitation":0.0,"soil_temp":24.88,"elevacion_centro":126.9,"cloud_cover":26.0,"NDVI":0.22}},{"type":"Feature","geometry":{"type":"Point","coordinates":[-6.61,42.45]},"properties":{"lat":42.45,"lon":-6.61,"fecha":"2022-07-18","temp_mean":21.6,"temp_max":27.4,"temp_min":13.5,"humidity_mean":40.0,"wind_speed_max":15.2,"wind_gusts_max":62.6,"precipitation":0.0,"soil_temp":24.76,"elevacion_centro":1484.33,"cloud_cover":12.0,"NDVI":0.65}},{"type":"Feature","geometry":{"type":"Point","coordinates":[-6.96,42.76]},"properties":{"lat":42.76,"lon":-6.96,"fecha":"2022-07-18","temp_mean":23.2,"temp_max":28.1,"temp_min":15.0,"humidity_mean":47.0,"wind_speed_max":17.9,"wind_gusts_max":56.5,"precipitation":1.2,"soil_temp":25.81,"elevacion_centro":1170.38,"cloud_cover":35.0,"NDVI":0.56}},{"type":"Feature","geometry":{"type":"Point","coordinates":[-0.11,47.33]},"properties":{"lat":47.33,"lon":-0.11,"fecha":"2022-07-18","temp_mean":30.6,"temp_max":39.2,"temp_min":21.2,"humidity_mean":32.0,"wind_speed_max":22.8,"wind_gusts_max":40.3,"precipitation":0.0,"soil_temp":29.43,"elevacion_centro":26.57,"cloud_cover":0.0,"NDVI":0.69}},{"type":"Feature","geometry":{"type":"Point","coordinates":[-6.01,41.95]},"properties":{"lat":41.95,"lon":-6.01,"fecha":"2022-07-18","temp_mean":28.2,"temp_max":35.7,"temp_min":20.0,"humidity_mean":28.0,"wind_speed_max":25.6,"wind_gusts_max":52.2,"precipitation":0.1,"soil_temp":28.16,"elevacion_centro":793.7,"cloud_cover":11.0,"NDVI":0.38}},{"type":"Feature","geometry":{"type":"Point","coordinates":[-3.95,48.34]},"properties":{"lat":48.34,"lon":-3.95,"fecha":"2022-07-18","temp_mean":29.2,"temp_max":37.8,"temp_min":21.1,"humidity_mean":35.0,"wind_speed_max":21.8,"wind_gusts_max":46.1,"precipitation":0.0,"soil_temp":27.01,"elevacion_centro":298.6,"cloud_cover":10.0,"NDVI":0.73}},{"type":"Feature","geometry":{"type":"Point","coordinates":[-6.98,42.82]},"properties":{"lat":42.82,"lon":-6.98,"fecha":"2022-07-18","temp_mean":23.3,"temp_max":29.2,"temp_min":15.6,"humidity_mean":49.0,"wind_speed_max":18.0,"wind_gusts_max":44.6,"precipitation":1.5,"soil_temp":25.81,"elevacion_centro":1041.55,"cloud_cover":39.0,"NDVI":0.73}},{"type":"Feature","geometry":{"type":"Point","coordinates":[-1.12,49.14]},"properties":{"lat":49.14,"lon":-1.12,"fecha":"2022-07-18","temp_mean":29.6,"temp_max":38.3,"temp_min":20.2,"humidity_mean":33.0,"wind_speed_max":15.6,"wind_gusts_max":31.0,"precipitation":0.0,"soil_temp":27.43,"elevacion_centro":97.3,"cloud_cover":21.0,"NDVI":0.48}},{"type":"Feature","geometry":{"type":"Point","coordinates":[-4.48,40.49]},"properties":{"lat":40.49,"lon":-4.48,"fecha":"2022-07-18","temp_mean":27.4,"temp_max":33.1,"temp_min":21.1,"humidity_mean":24.0,"wind_speed_max":23.6,"wind_gusts_max":50.8,"precipitation":0.0,"soil_temp":29.86,"elevacion_centro":1213.56,"cloud_cover":8.0,"NDVI":0.59}},{"type":"Feature","geometry":{"type":"Point","coordinates":[13.04,41.52]},"properties":{"lat":41.52,"lon":13.04,"fecha":"2022-07-18","temp_mean":28.8,"temp_max":32.2,"temp_min":26.2,"humidity_mean":37.0,"wind_speed_max":11.7,"wind_gusts_max":42.5,"precipitation":0.0,"soil_temp":31.95,"elevacion_centro":574.06,"cloud_cover":23.0,"NDVI":0.38}},{"type":"Feature","geometry":{"type":"Point","coordinates":[-7.16,42.59]},"properties":{"lat":42.59,"lon":-7.16,"fecha":"2022-07-18","temp_mean":23.3,"temp_max":28.8,"temp_min":15.3,"humidity_mean":47.0,"wind_speed_max":19.8,"wind_gusts_max":60.5,"precipitation":0.0,"soil_temp":24.76,"elevacion_centro":1037.4,"cloud_cover":22.0,"NDVI":0.53}},{"type":"Feature","geometry":{"type":"Point","coordinates":[-7.5,41.47]},"properties":{"lat":41.47,"lon":-7.5,"fecha":"2022-07-18","temp_mean":23.1,"temp_max":30.7,"temp_min":15.8,"humidity_mean":51.0,"wind_speed_max":23.4,"wind_gusts_max":50.0,"precipitation":0.0,"soil_temp":27.27,"elevacion_centro":689.6,"cloud_cover":13.0,"NDVI":0.54}},{"type":"Feature","geometry":{"type":"Point","coordinates":[-0.51,42.57]},"properties":{"lat":42.57,"lon":-0.51,"fecha":"2022-07-18","temp_mean":30.2,"temp_max":36.8,"temp_min":22.2,"humidity_mean":28.0,"wind_speed_max":15.2,"wind_gusts_max":40.0,"precipitation":0.0,"soil_temp":26.69,"elevacion_centro":848.89,"cloud_cover":3.0,"NDVI":0.18}},{"type":"Feature","geometry":{"type":"Point","coordinates":[-7.27,40.56]},"properties":{"lat":40.56,"lon":-7.27,"fecha":"2022-07-18","temp_mean":22.5,"temp_max":28.6,"temp_min":15.1,"humidity_mean":49.0,"wind_speed_max":28.9,"wind_gusts_max":55.8,"precipitation":0.0,"soil_temp":26.4,"elevacion_centro":955.0,"cloud_cover":9.0,"NDVI":0.45}},{"type":"Feature","geometry":{"type":"Point","coordinates":[-1.86,41.39]},"properties":{"lat":41.39,"lon":-1.86,"fecha":"2022-07-19","temp_mean":30.2,"temp_max":36.8,"temp_min":21.6,"humidity_mean":22.0,"wind_speed_max":20.8,"wind_gusts_max":47.2,"precipitation":0.0,"soil_temp":28.53,"elevacion_centro":828.27,"cloud_cover":4.0,"NDVI":0.14}},{"type":"Feature","geometry":{"type":"Point","coordinates":[-5.92,41.89]},"properties":{"lat":41.89,"lon":-5.92,"fecha":"2022-07-19","temp_mean":22.2,"temp_max":28.5,"temp_min":15.6,"humidity_mean":47.0,"wind_speed_max":18.8,"wind_gusts_max":43.9,"precipitation":0.0,"soil_temp":25.57,"elevacion_centro":826.19,"cloud_cover":3.0,"NDVI":0.4}},{"type":"Feature","geometry":{"type":"Point","coordinates":[0.27,47.93]},"properties":{"lat":47.93,"lon":0.27,"fecha":"2022-07-19","temp_mean":27.9,"temp_max":33.3,"temp_min":21.3,"humidity_mean":42.0,"wind_speed_max":32.3,"wind_gusts_max":60.8,"precipitation":0.0,"soil_temp":27.81,"elevacion_centro":53.42,"cloud_cover":23.0,"NDVI":0.6}},{"type":"Feature","geometry":{"type":"Point","coordinates":[25.14,43.4]},"properties":{"lat":43.4,"lon":25.14,"fecha":"2022-07-19","temp_mean":23.1,"temp_max":29.6,"temp_min":14.4,"humidity_mean":43.0,"wind_speed_max":12.3,"wind_gusts_max":26.6,"precipitation":0.0,"soil_temp":26.11,"elevacion_centro":56.94,"cloud_cover":4.0,"NDVI":0.53}},{"type":"Feature","geometry":{"type":"Point","coordinates":[-0.15,49.03]},"properties":{"lat":49.03,"lon":-0.15,"fecha":"2022-07-19","temp_mean":28.3,"temp_max":36.5,"temp_min":21.1,"humidity_mean":45.0,"wind_speed_max":25.5,"wind_gusts_max":51.5,"precipitation":0.1,"soil_temp":27.54,"elevacion_centro":69.18,"cloud_cover":22.0,"NDVI":0.21}},{"type":"Feature","geometry":{"type":"Point","coordinates":[-0.99,51.79]},"properties":{"lat":51.79,"lon":-0.99,"fecha":"2022-07-19","temp_mean":29.2,"temp_max":37.2,"temp_min":22.8,"humidity_mean":38.0,"wind_speed_max":25.5,"wind_gusts_max":47.9,"precipitation":0.0,"soil_temp":24.85,"elevacion_centro":104.11,"cloud_cover":40.0,"NDVI":0.57}},{"type":"Feature","geometry":{"type":"Point","coordinates":[-0.25,51.86]},"properties":{"lat":51.86,"lon":-0.25,"fecha":"2022-07-19","temp_mean":29.2,"temp_max":37.7,"temp_min":22.2,"humidity_mean":37.0,"wind_speed_max":25.9,"wind_gusts_max":51.8,"precipitation":0.1,"soil_temp":24.11,"elevacion_centro":116.16,"cloud_cover":39.0,"NDVI":0.44}},{"type":"Feature","geometry":{"type":"Point","coordinates":[-6.85,42.42]},"properties":{"lat":42.42,"lon":-6.85,"fecha":"2022-07-19","temp_mean":20.6,"temp_max":27.0,"temp_min":15.4,"humidity_mean":61.0,"wind_speed_max":17.3,"wind_gusts_max":52.6,"precipitation":0.0,"soil_temp":20.08,"elevacion_centro":532.04,"cloud_cover":33.0,"NDVI":0.46}},{"type":"Feature","geometry":{"type":"Point","coordinates":[10.35,43.88]},"properties":{"lat":43.88,"lon":10.35,"fecha":"2022-07-19","temp_mean":30.5,"temp_max":35.7,"temp_min":23.8,"humidity_mean":31.0,"wind_speed_max":13.6,"wind_gusts_max":33.1,"precipitation":0.0,"soil_temp":28.25,"elevacion_centro":196.58,"cloud_cover":4.0,"NDVI":0.69}},{"type":"Feature","geometry":{"type":"Point","coordinates":[22.79,44.47]},"properties":{"lat":44.47,"lon":22.79,"fecha":"2022-07-19","temp_mean":22.9,"temp_max":29.0,"temp_min":14.2,"humidity_mean":52.0,"wind_speed_max":9.2,"wind_gusts_max":21.6,"precipitation":0.0,"soil_temp":23.36,"elevacion_centro":99.46,"cloud_cover":10.0,"NDVI":0.25}},{"type":"Feature","geometry":{"type":"Point","coordinates":[-6.91,42.47]},"properties":{"lat":42.47,"lon":-6.91,"fecha":"2022-07-19","temp_mean":20.1,"temp_max":26.3,"temp_min":14.4,"humidity_mean":58.0,"wind_speed_max":20.2,"wind_gusts_max":43.9,"precipitation":0.1,"soil_temp":20.08,"elevacion_centro":624.96,"cloud_cover":29.0,"NDVI":0.71}},{"type":"Feature","geometry":{"type":"Point","coordinates":[0.45,52.88]},"properties":{"lat":52.88,"lon":0.45,"fecha":"2022-07-19","temp_mean":30.0,"temp_max":37.1,"temp_min":21.9,"humidity_mean":34.0,"wind_speed_max":27.9,"wind_gusts_max":51.1,"precipitation":0.0,"soil_temp":21.96,"elevacion_centro":3.06,"cloud_cover":38.0,"NDVI":0.62}},{"type":"Feature","geometry":{"type":"Point","coordinates":[-3.39,40.88]},"properties":{"lat":40.88,"lon":-3.39,"fecha":"2022-07-19","temp_mean":26.6,"temp_max":31.9,"temp_min":20.8,"humidity_mean":27.0,"wind_speed_max":20.8,"wind_gusts_max":47.5,"precipitation":0.0,"soil_temp":28.21,"elevacion_centro":835.2,"cloud_cover":0.0,"NDVI":0.24}},{"type":"Feature","geometry":{"type":"Point","coordinates":[23.24,38.07]},"properties":{"lat":38.07,"lon":23.24,"fecha":"2022-07-20","temp_mean":23.6,"temp_max":27.5,"temp_min":20.4,"humidity_mean":46.0,"wind_speed_max":20.9,"wind_gusts_max":54.4,"precipitation":0.0,"soil_temp":26.62,"elevacion_centro":295.76,"cloud_cover":0.0,"NDVI":0.13}},{"type":"Feature","geometry":{"type":"Point","coordinates":[20.01,44.78]},"properties":{"lat":44.78,"lon":20.01,"fecha":"2022-07-20","temp_mean":24.6,"temp_max":31.7,"temp_min":16.3,"humidity_mean":54.0,"wind_speed_max":9.9,"wind_gusts_max":18.7,"precipitation":0.0,"soil_temp":26.86,"elevacion_centro":77.76,"cloud_cover":1.0,"NDVI":0.23}},{"type":"Feature","geometry":{"type":"Point","coordinates":[13.63,45.84]},"properties":{"lat":45.84,"lon":13.63,"fecha":"2022-07-20","temp_mean":26.9,"temp_max":35.0,"temp_min":20.4,"humidity_mean":39.0,"wind_speed_max":16.1,"wind_gusts_max":43.9,"precipitation":0.0,"soil_temp":24.54,"elevacion_centro":231.53,"cloud_cover":9.0,"NDVI":0.67}},{"type":"Feature","geometry":{"type":"Point","coordinates":[9.14,39.36]},"properties":{"lat":39.36,"lon":9.14,"fecha":"2022-07-20","temp_mean":28.6,"temp_max":33.8,"temp_min":23.0,"humidity_mean":44.0,"wind_speed_max":19.2,"wind_gusts_max":43.2,"precipitation":0.0,"soil_temp":30.45,"elevacion_centro":131.68,"cloud_cover":0.0,"NDVI":0.39}},{"type":"Feature","geometry":{"type":"Point","coordinates":[25.19,43.71]},"properties":{"lat":43.71,"lon":25.19,"fecha":"2022-07-20","temp_mean":26.0,"temp_max":32.5,"temp_min":18.2,"humidity_mean":44.0,"wind_speed_max":13.3,"wind_gusts_max":28.1,"precipitation":0.0,"soil_temp":27.3,"elevacion_centro":23.23,"cloud_cover":13.0,"NDVI":0.42}},{"type":"Feature","geometry":{"type":"Point","coordinates":[11.2,52.41]},"properties":{"lat":52.41,"lon":11.2,"fecha":"2022-07-20","temp_mean":30.3,"temp_max":37.7,"temp_min":20.5,"humidity_mean":30.0,"wind_speed_max":16.3,"wind_gusts_max":35.3,"precipitation":0.0,"soil_temp":25.08,"elevacion_centro":63.12,"cloud_cover":33.0,"NDVI":0.53}},{"type":"Feature","geometry":{"type":"Point","coordinates":[23.88,38.03]},"properties":{"lat":38.03,"lon":23.88,"fecha":"2022-07-20","temp_mean":23.3,"temp_max":26.6,"temp_min":20.2,"humidity_mean":46.0,"wind_speed_max":24.8,"wind_gusts_max":74.9,"precipitation":0.0,"soil_temp":26.38,"elevacion_centro":335.48,"cloud_cover":2.0,"NDVI":0.35}},{"type":"Feature","geometry":{"type":"Point","coordinates":[20.94,47.56]},"properties":{"lat":47.56,"lon":20.94,"fecha":"2022-07-20","temp_mean":27.6,"temp_max":33.8,"temp_min":19.2,"humidity_mean":39.0,"wind_speed_max":13.5,"wind_gusts_max":23.4,"precipitation":0.0,"soil_temp":29.11,"elevacion_centro":89.29,"cloud_cover":0.0,"NDVI":0.33}},{"type":"Feature","geometry":{"type":"Point","coordinates":[16.75,40.49]},"properties":{"lat":40.49,"lon":16.75,"fecha":"2022-07-21","temp_mean":29.9,"temp_max":36.3,"temp_min":22.8,"humidity_mean":31.0,"wind_speed_max":19.3,"wind_gusts_max":44.3,"precipitation":0.0,"soil_temp":30.83,"elevacion_centro":86.41,"cloud_cover":1.0,"NDVI":0.19}},{"type":"Feature","geometry":{"type":"Point","coordinates":[15.03,53.11]},"properties":{"lat":53.11,"lon":15.03,"fecha":"2022-07-21","temp_mean":25.9,"temp_max":32.0,"temp_min":20.4,"humidity_mean":54.0,"wind_speed_max":17.9,"wind_gusts_max":40.7,"precipitation":1.2,"soil_temp":25.55,"elevacion_centro":72.84,"cloud_cover":65.0,"NDVI":0.6}},{"type":"Feature","geometry":{"type":"Point","coordinates":[26.88,38.05]},"properties":{"lat":38.05,"lon":26.88,"fecha":"2022-07-22","temp_mean":30.8,"temp_max":36.0,"temp_min":26.0,"humidity_mean":27.0,"wind_speed_max":32.7,"wind_gusts_max":62.6,"precipitation":0.0,"soil_temp":31.7,"elevacion_centro":44.08,"cloud_cover":0.0,"NDVI":0.51}},{"type":"Feature","geometry":{"type":"Point","coordinates":[15.39,41.6]},"properties":{"lat":41.6,"lon":15.39,"fecha":"2022-07-22","temp_mean":31.2,"temp_max":39.5,"temp_min":21.4,"humidity_mean":33.0,"wind_speed_max":15.2,"wind_gusts_max":32.8,"precipitation":0.0,"soil_temp":32.44,"elevacion_centro":58.68,"cloud_cover":7.0,"NDVI":0.13}},{"type":"Feature","geometry":{"type":"Point","coordinates":[-3.7,40.8]},"properties":{"lat":40.8,"lon":-3.7,"fecha":"2022-07-22","temp_mean":28.4,"temp_max":34.9,"temp_min":21.4,"humidity_mean":27.0,"wind_speed_max":20.2,"wind_gusts_max":48.2,"precipitation":0.0,"soil_temp":26.39,"elevacion_centro":864.52,"cloud_cover":40.0,"NDVI":0.17}},{"type":"Feature","geometry":{"type":"Point","coordinates":[17.53,43.6]},"properties":{"lat":43.6,"lon":17.53,"fecha":"2022-07-23","temp_mean":20.7,"temp_max":24.4,"temp_min":16.0,"humidity_mean":41.0,"wind_speed_max":14.3,"wind_gusts_max":36.4,"precipitation":0.0,"soil_temp":28.3,"elevacion_centro":1805.77,"cloud_cover":2.0,"NDVI":0.22}},{"type":"Feature","geometry":{"type":"Point","coordinates":[-3.17,40.78]},"properties":{"lat":40.78,"lon":-3.17,"fecha":"2022-07-23","temp_mean":28.4,"temp_max":37.1,"temp_min":19.1,"humidity_mean":30.0,"wind_speed_max":18.6,"wind_gusts_max":40.0,"precipitation":0.0,"soil_temp":27.18,"elevacion_centro":718.12,"cloud_cover":0.0,"NDVI":0.16}},{"type":"Feature","geometry":{"type":"Point","coordinates":[16.84,43.76]},"properties":{"lat":43.76,"lon":16.84,"fecha":"2022-07-23","temp_mean":21.3,"temp_max":28.9,"temp_min":11.7,"humidity_mean":50.0,"wind_speed_max":11.5,"wind_gusts_max":38.2,"precipitation":0.0,"soil_temp":24.61,"elevacion_centro":1283.34,"cloud_cover":0.0,"NDVI":0.75}},{"type":"Feature","geometry":{"type":"Point","coordinates":[26.23,39.03]},"properties":{"lat":39.03,"lon":26.23,"fecha":"2022-07-23","temp_mean":28.9,"temp_max":33.8,"temp_min":23.8,"humidity_mean":37.0,"wind_speed_max":22.8,"wind_gusts_max":46.1,"precipitation":0.0,"soil_temp":28.52,"elevacion_centro":92.31,"cloud_cover":0.0,"NDVI":0.19}},{"type":"Feature","geometry":{"type":"Point","coordinates":[13.25,41.41]},"properties":{"lat":41.41,"lon":13.25,"fecha":"2022-07-23","temp_mean":26.1,"temp_max":32.6,"temp_min":20.1,"humidity_mean":59.0,"wind_speed_max":14.0,"wind_gusts_max":37.1,"precipitation":0.0,"soil_temp":31.52,"elevacion_centro":448.85,"cloud_cover":2.0,"NDVI":0.32}},{"type":"Feature","geometry":{"type":"Point","coordinates":[-0.73,51.16]},"properties":{"lat":51.16,"lon":-0.73,"fecha":"2022-07-24","temp_mean":19.1,"temp_max":22.8,"temp_min":16.4,"humidity_mean":75.0,"wind_speed_max":25.9,"wind_gusts_max":55.4,"precipitation":2.9,"soil_temp":21.4,"elevacion_centro":82.31,"cloud_cover":62.0,"NDVI":0.55}},{"type":"Feature","geometry":{"type":"Point","coordinates":[9.65,36.03]},"properties":{"lat":36.03,"lon":9.65,"fecha":"2022-07-24","temp_mean":27.4,"temp_max":34.5,"temp_min":19.3,"humidity_mean":32.0,"wind_speed_max":11.2,"wind_gusts_max":32.4,"precipitation":0.0,"soil_temp":31.37,"elevacion_centro":652.87,"cloud_cover":0.0,"NDVI":0.27}},{"type":"Feature","geometry":{"type":"Point","coordinates":[-3.51,41.98]},"properties":{"lat":41.98,"lon":-3.51,"fecha":"2022-07-24","temp_mean":28.1,"temp_max":35.5,"temp_min":20.0,"humidity_mean":27.0,"wind_speed_max":27.5,"wind_gusts_max":51.5,"precipitation":0.0,"soil_temp":26.16,"elevacion_centro":940.95,"cloud_cover":17.0,"NDVI":0.34}},{"type":"Feature","geometry":{"type":"Point","coordinates":[7.77,36.61]},"properties":{"lat":36.61,"lon":7.77,"fecha":"2022-07-24","temp_mean":30.9,"temp_max":39.5,"temp_min":23.9,"humidity_mean":43.0,"wind_speed_max":19.7,"wind_gusts_max":47.2,"precipitation":0.0,"soil_temp":31.74,"elevacion_centro":106.71,"cloud_cover":0.0,"NDVI":0.49}},{"type":"Feature","geometry":{"type":"Point","coordinates":[11.37,42.87]},"properties":{"lat":42.87,"lon":11.37,"fecha":"2022-07-24","temp_mean":29.5,"temp_max":36.0,"temp_min":23.8,"humidity_mean":44.0,"wind_speed_max":15.1,"wind_gusts_max":33.1,"precipitation":0.0,"soil_temp":30.88,"elevacion_centro":190.92,"cloud_cover":8.0,"NDVI":0.15}},{"type":"Feature","geometry":{"type":"Point","coordinates":[15.99,41.16]},"properties":{"lat":41.16,"lon":15.99,"fecha":"2022-07-25","temp_mean":30.9,"temp_max":38.1,"temp_min":25.0,"humidity_mean":48.0,"wind_speed_max":18.3,"wind_gusts_max":38.5,"precipitation":0.0,"soil_temp":32.94,"elevacion_centro":135.5,"cloud_cover":8.0,"NDVI":0.21}},{"type":"Feature","geometry":{"type":"Point","coordinates":[-3.12,40.86]},"properties":{"lat":40.86,"lon":-3.12,"fecha":"2022-07-25","temp_mean":29.1,"temp_max":36.5,"temp_min":20.1,"humidity_mean":21.0,"wind_speed_max":21.3,"wind_gusts_max":44.3,"precipitation":0.0,"soil_temp":27.97,"elevacion_centro":800.36,"cloud_cover":9.0,"NDVI":0.17}},{"type":"Feature","geometry":{"type":"Point","coordinates":[-7.48,41.18]},"properties":{"lat":41.18,"lon":-7.48,"fecha":"2022-07-25","temp_mean":23.9,"temp_max":32.6,"temp_min":14.5,"humidity_mean":47.0,"wind_speed_max":18.4,"wind_gusts_max":44.6,"precipitation":0.0,"soil_temp":26.21,"elevacion_centro":532.8,"cloud_cover":7.0,"NDVI":0.29}},{"type":"Feature","geometry":{"type":"Point","coordinates":[-5.55,35.34]},"properties":{"lat":35.34,"lon":-5.55,"fecha":"2022-07-25","temp_mean":30.9,"temp_max":37.6,"temp_min":23.8,"humidity_mean":21.0,"wind_speed_max":15.3,"wind_gusts_max":47.2,"precipitation":0.0,"soil_temp":31.74,"elevacion_centro":862.07,"cloud_cover":28.0,"NDVI":0.69}},{"type":"Feature","geometry":{"type":"Point","coordinates":[-4.62,38.87]},"properties":{"lat":38.87,"lon":-4.62,"fecha":"2022-07-25","temp_mean":31.4,"temp_max":37.7,"temp_min":25.0,"humidity_mean":16.0,"wind_speed_max":25.5,"wind_gusts_max":51.1,"precipitation":0.0,"soil_temp":32.7,"elevacion_centro":657.05,"cloud_cover":19.0,"NDVI":0.32}},{"type":"Feature","geometry":{"type":"Point","coordinates":[19.78,41.47]},"properties":{"lat":41.47,"lon":19.78,"fecha":"2022-07-25","temp_mean":29.2,"temp_max":36.3,"temp_min":22.8,"humidity_mean":48.0,"wind_speed_max":15.6,"wind_gusts_max":37.8,"precipitation":0.0,"soil_temp":29.51,"elevacion_centro":177.14,"cloud_cover":4.0,"NDVI":0.54}},{"type":"Feature","geometry":{"type":"Point","coordinates":[15.95,51.19]},"properties":{"lat":51.19,"lon":15.95,"fecha":"2022-07-25","temp_mean":25.1,"temp_max":31.9,"temp_min":16.5,"humidity_mean":44.0,"wind_speed_max":15.7,"wind_gusts_max":32.0,"precipitation":0.2,"soil_temp":23.94,"elevacion_centro":203.07,"cloud_cover":62.0,"NDVI":0.4}},{"type":"Feature","geometry":{"type":"Point","coordinates":[14.26,50.88]},"properties":{"lat":50.88,"lon":14.26,"fecha":"2022-07-25","temp_mean":24.2,"temp_max":30.7,"temp_min":16.0,"humidity_mean":51.0,"wind_speed_max":16.2,"wind_gusts_max":36.7,"precipitation":0.0,"soil_temp":24.05,"elevacion_centro":226.77,"cloud_cover":53.0,"NDVI":0.63}},{"type":"Feature","geometry":{"type":"Point","coordinates":[-8.32,37.41]},"properties":{"lat":37.41,"lon":-8.32,"fecha":"2022-07-25","temp_mean":29.0,"temp_max":38.7,"temp_min":21.0,"humidity_mean":35.0,"wind_speed_max":20.6,"wind_gusts_max":42.1,"precipitation":0.0,"soil_temp":32.13,"elevacion_centro":216.55,"cloud_cover":8.0,"NDVI":0.25}},{"type":"Feature","geometry":{"type":"Point","coordinates":[16.17,50.99]},"properties":{"lat":50.99,"lon":16.17,"fecha":"2022-07-25","temp_mean":24.5,"temp_max":31.3,"temp_min":14.8,"humidity_mean":45.0,"wind_speed_max":16.7,"wind_gusts_max":33.1,"precipitation":0.0,"soil_temp":23.94,"elevacion_centro":229.52,"cloud_cover":51.0,"NDVI":0.44}},{"type":"Feature","geometry":{"type":"Point","coordinates":[-1.42,42.35]},"properties":{"lat":42.35,"lon":-1.42,"fecha":"2022-07-25","temp_mean":23.6,"temp_max":29.8,"temp_min":18.5,"humidity_mean":55.0,"wind_speed_max":31.1,"wind_gusts_max":59.8,"precipitation":0.0,"soil_temp":24.33,"elevacion_centro":377.41,"cloud_cover":16.0,"NDVI":0.26}},{"type":"Feature","geometry":{"type":"Point","coordinates":[13.18,51.56]},"properties":{"lat":51.56,"lon":13.18,"fecha":"2022-07-25","temp_mean":27.2,"temp_max":35.0,"temp_min":18.0,"humidity_mean":44.0,"wind_speed_max":17.7,"wind_gusts_max":38.5,"precipitation":0.0,"soil_temp":25.57,"elevacion_centro":87.32,"cloud_cover":59.0,"NDVI":0.42}},{"type":"Feature","geometry":{"type":"Point","coordinates":[-8.28,40.3]},"properties":{"lat":40.3,"lon":-8.28,"fecha":"2022-07-25","temp_mean":22.4,"temp_max":32.2,"temp_min":15.2,"humidity_mean":67.0,"wind_speed_max":24.8,"wind_gusts_max":48.2,"precipitation":0.0,"soil_temp":23.87,"elevacion_centro":155.99,"cloud_cover":21.0,"NDVI":0.71}},{"type":"Feature","geometry":{"type":"Point","coordinates":[8.77,40.42]},"properties":{"lat":40.42,"lon":8.77,"fecha":"2022-07-25","temp_mean":28.2,"temp_max":34.2,"temp_min":22.0,"humidity_mean":34.0,"wind_speed_max":16.8,"wind_gusts_max":36.7,"precipitation":0.0,"soil_temp":29.69,"elevacion_centro":475.27,"cloud_cover":0.0,"NDVI":0.25}},{"type":"Feature","geometry":{"type":"Point","coordinates":[-5.8,35.28]},"properties":{"lat":35.28,"lon":-5.8,"fecha":"2022-07-25","temp_mean":35.0,"temp_max":42.8,"temp_min":28.0,"humidity_mean":19.0,"wind_speed_max":21.6,"wind_gusts_max":49.7,"precipitation":0.0,"soil_temp":31.74,"elevacion_centro":285.29,"cloud_cover":32.0,"NDVI":0.25}},{"type":"Feature","geometry":{"type":"Point","coordinates":[26.18,41.06]},"properties":{"lat":41.06,"lon":26.18,"fecha":"2022-07-26","temp_mean":26.6,"temp_max":33.2,"temp_min":20.4,"humidity_mean":46.0,"wind_speed_max":15.5,"wind_gusts_max":30.2,"precipitation":0.0,"soil_temp":30.21,"elevacion_centro":230.06,"cloud_cover":0.0,"NDVI":0.66}},{"type":"Feature","geometry":{"type":"Point","coordinates":[22.66,44.66]},"properties":{"lat":44.66,"lon":22.66,"fecha":"2022-07-26","temp_mean":26.7,"temp_max":33.8,"temp_min":18.2,"humidity_mean":51.0,"wind_speed_max":7.9,"wind_gusts_max":21.6,"precipitation":0.0,"soil_temp":28.48,"elevacion_centro":95.37,"cloud_cover":2.0,"NDVI":0.31}},{"type":"Feature","geometry":{"type":"Point","coordinates":[6.41,43.81]},"properties":{"lat":43.81,"lon":6.41,"fecha":"2022-07-26","temp_mean":21.8,"temp_max":28.4,"temp_min":14.5,"humidity_mean":45.0,"wind_speed_max":14.4,"wind_gusts_max":43.6,"precipitation":0.0,"soil_temp":27.96,"elevacion_centro":1206.73,"cloud_cover":0.0,"NDVI":0.28}},{"type":"Feature","geometry":{"type":"Point","coordinates":[3.6,43.61]},"properties":{"lat":43.61,"lon":3.6,"fecha":"2022-07-26","temp_mean":25.9,"temp_max":31.7,"temp_min":20.8,"humidity_mean":40.0,"wind_speed_max":21.8,"wind_gusts_max":51.5,"precipitation":0.0,"soil_temp":30.16,"elevacion_centro":248.89,"cloud_cover":2.0,"NDVI":0.5}},{"type":"Feature","geometry":{"type":"Point","coordinates":[-5.49,35.29]},"properties":{"lat":35.29,"lon":-5.49,"fecha":"2022-07-26","temp_mean":27.6,"temp_max":33.5,"temp_min":22.3,"humidity_mean":20.0,"wind_speed_max":15.5,"wind_gusts_max":53.6,"precipitation":0.0,"soil_temp":30.78,"elevacion_centro":1027.84,"cloud_cover":0.0,"NDVI":0.43}},{"type":"Feature","geometry":{"type":"Point","coordinates":[-5.42,35.24]},"properties":{"lat":35.24,"lon":-5.42,"fecha":"2022-07-27","temp_mean":19.6,"temp_max":26.7,"temp_min":12.4,"humidity_mean":43.0,"wind_speed_max":11.0,"wind_gusts_max":37.8,"precipitation":0.0,"soil_temp":30.74,"elevacion_centro":1278.93,"cloud_cover":0.0,"NDVI":0.55}},{"type":"Feature","geometry":{"type":"Point","coordinates":[14.38,37.74]},"properties":{"lat":37.74,"lon":14.38,"fecha":"2022-07-27","temp_mean":28.7,"temp_max":35.3,"temp_min":22.4,"humidity_mean":30.0,"wind_speed_max":15.6,"wind_gusts_max":33.8,"precipitation":0.0,"soil_temp":33.26,"elevacion_centro":743.02,"cloud_cover":2.0,"NDVI":0.38}},{"type":"Feature","geometry":{"type":"Point","coordinates":[4.42,44.58]},"properties":{"lat":44.58,"lon":4.42,"fecha":"2022-07-27","temp_mean":23.9,"temp_max":29.7,"temp_min":18.5,"humidity_mean":40.0,"wind_speed_max":21.3,"wind_gusts_max":46.4,"precipitation":0.0,"soil_temp":24.54,"elevacion_centro":324.81,"cloud_cover":0.0,"NDVI":0.33}},{"type":"Feature","geometry":{"type":"Point","coordinates":[-7.17,41.7]},"properties":{"lat":41.7,"lon":-7.17,"fecha":"2022-07-28","temp_mean":24.2,"temp_max":31.2,"temp_min":17.5,"humidity_mean":48.0,"wind_speed_max":26.0,"wind_gusts_max":52.6,"precipitation":0.0,"soil_temp":28.03,"elevacion_centro":493.18,"cloud_cover":16.0,"NDVI":0.45}},{"type":"Feature","geometry":{"type":"Point","coordinates":[-5.36,40.55]},"properties":{"lat":40.55,"lon":-5.36,"fecha":"2022-07-29","temp_mean":23.8,"temp_max":30.0,"temp_min":15.2,"humidity_mean":39.0,"wind_speed_max":15.0,"wind_gusts_max":34.2,"precipitation":0.0,"soil_temp":27.13,"elevacion_centro":1279.27,"cloud_cover":1.0,"NDVI":0.36}},{"type":"Feature","geometry":{"type":"Point","coordinates":[-4.9,39.58]},"properties":{"lat":39.58,"lon":-4.9,"fecha":"2022-07-29","temp_mean":27.0,"temp_max":33.4,"temp_min":19.3,"humidity_mean":30.0,"wind_speed_max":17.4,"wind_gusts_max":43.9,"precipitation":0.0,"soil_temp":30.74,"elevacion_centro":978.66,"cloud_cover":0.0,"NDVI":0.57}},{"type":"Feature","geometry":{"type":"Point","coordinates":[22.66,38.41]},"properties":{"lat":38.41,"lon":22.66,"fecha":"2022-07-29","temp_mean":27.9,"temp_max":33.5,"temp_min":22.9,"humidity_mean":37.0,"wind_speed_max":18.1,"wind_gusts_max":51.5,"precipitation":0.0,"soil_temp":29.8,"elevacion_centro":275.61,"cloud_cover":1.0,"NDVI":0.4}},{"type":"Feature","geometry":{"type":"Point","coordinates":[14.26,37.32]},"properties":{"lat":37.32,"lon":14.26,"fecha":"2022-07-30","temp_mean":29.8,"temp_max":38.4,"temp_min":20.9,"humidity_mean":38.0,"wind_speed_max":19.5,"wind_gusts_max":40.0,"precipitation":0.0,"soil_temp":33.08,"elevacion_centro":486.21,"cloud_cover":3.0,"NDVI":0.31}},{"type":"Feature","geometry":{"type":"Point","coordinates":[10.34,36.47]},"properties":{"lat":36.47,"lon":10.34,"fecha":"2022-07-30","temp_mean":30.4,"temp_max":38.8,"temp_min":23.6,"humidity_mean":53.0,"wind_speed_max":19.8,"wind_gusts_max":47.2,"precipitation":0.0,"soil_temp":34.99,"elevacion_centro":281.65,"cloud_cover":3.0,"NDVI":0.48}},{"type":"Feature","geometry":{"type":"Point","coordinates":[16.26,39.77]},"properties":{"lat":39.77,"lon":16.26,"fecha":"2022-07-30","temp_mean":30.0,"temp_max":37.7,"temp_min":22.2,"humidity_mean":42.0,"wind_speed_max":21.7,"wind_gusts_max":51.1,"precipitation":0.0,"soil_temp":30.88,"elevacion_centro":250.09,"cloud_cover":5.0,"NDVI":0.14}},{"type":"Feature","geometry":{"type":"Point","coordinates":[20.2,39.96]},"properties":{"lat":39.96,"lon":20.2,"fecha":"2022-07-30","temp_mean":23.6,"temp_max":30.6,"temp_min":16.2,"humidity_mean":50.0,"wind_speed_max":12.2,"wind_gusts_max":41.8,"precipitation":0.0,"soil_temp":31.15,"elevacion_centro":874.96,"cloud_cover":0.0,"NDVI":0.34}},{"type":"Feature","geometry":{"type":"Point","coordinates":[5.92,43.36]},"properties":{"lat":43.36,"lon":5.92,"fecha":"2022-07-31","temp_mean":27.3,"temp_max":33.3,"temp_min":20.0,"humidity_mean":36.0,"wind_speed_max":17.4,"wind_gusts_max":43.9,"precipitation":0.0,"soil_temp":28.76,"elevacion_centro":375.85,"cloud_cover":0.0,"NDVI":0.12}},{"type":"Feature","geometry":{"type":"Point","coordinates":[18.02,42.71]},"properties":{"lat":42.71,"lon":18.02,"fecha":"2022-07-31","temp_mean":25.6,"temp_max":30.4,"temp_min":19.5,"humidity_mean":53.0,"wind_speed_max":21.3,"wind_gusts_max":47.9,"precipitation":0.8,"soil_temp":29.68,"elevacion_centro":271.15,"cloud_cover":11.0,"NDVI":0.48}},{"type":"Feature","geometry":{"type":"Point","coordinates":[4.16,43.73]},"properties":{"lat":43.73,"lon":4.16,"fecha":"2022-07-31","temp_mean":29.7,"temp_max":36.8,"temp_min":22.5,"humidity_mean":31.0,"wind_speed_max":20.2,"wind_gusts_max":40.0,"precipitation":0.0,"soil_temp":30.62,"elevacion_centro":24.47,"cloud_cover":1.0,"NDVI":0.25}},{"type":"Feature","geometry":{"type":"Point","coordinates":[-5.46,36.12]},"properties":{"lat":36.12,"lon":-5.46,"fecha":"2022-07-31","temp_mean":24.4,"temp_max":26.7,"temp_min":22.5,"humidity_mean":93.0,"wind_speed_max":21.0,"wind_gusts_max":51.5,"precipitation":0.5,"soil_temp":28.14,"elevacion_centro":10.89,"cloud_cover":70.0,"NDVI":0.06}},{"type":"Feature","geometry":{"type":"Point","coordinates":[25.79,42.25]},"properties":{"lat":42.25,"lon":25.79,"fecha":"2022-07-31","temp_mean":27.5,"temp_max":33.4,"temp_min":22.4,"humidity_mean":49.0,"wind_speed_max":18.5,"wind_gusts_max":39.2,"precipitation":0.7,"soil_temp":29.64,"elevacion_centro":153.42,"cloud_cover":27.0,"NDVI":0.18}},{"type":"Feature","geometry":{"type":"Point","coordinates":[8.16,48.94]},"properties":{"lat":48.94,"lon":8.16,"fecha":"2022-08-01","temp_mean":23.5,"temp_max":28.6,"temp_min":19.0,"humidity_mean":59.0,"wind_speed_max":14.0,"wind_gusts_max":31.0,"precipitation":0.4,"soil_temp":25.5,"elevacion_centro":111.98,"cloud_cover":70.0,"NDVI":0.66}},{"type":"Feature","geometry":{"type":"Point","coordinates":[-7.99,41.29]},"properties":{"lat":41.29,"lon":-7.99,"fecha":"2022-08-01","temp_mean":28.9,"temp_max":37.0,"temp_min":22.1,"humidity_mean":47.0,"wind_speed_max":16.9,"wind_gusts_max":42.1,"precipitation":0.0,"soil_temp":28.61,"elevacion_centro":354.16,"cloud_cover":4.0,"NDVI":0.61}},{"type":"Feature","geometry":{"type":"Point","coordinates":[9.23,42.6]},"properties":{"lat":42.6,"lon":9.23,"fecha":"2022-08-01","temp_mean":24.8,"temp_max":31.5,"temp_min":17.3,"humidity_mean":43.0,"wind_speed_max":9.0,"wind_gusts_max":33.8,"precipitation":0.0,"soil_temp":36.99,"elevacion_centro":789.83,"cloud_cover":1.0,"NDVI":0.42}},{"type":"Feature","geometry":{"type":"Point","coordinates":[-8.05,41.42]},"properties":{"lat":41.42,"lon":-8.05,"fecha":"2022-08-01","temp_mean":27.0,"temp_max":34.5,"temp_min":19.7,"humidity_mean":45.0,"wind_speed_max":13.9,"wind_gusts_max":34.9,"precipitation":0.0,"soil_temp":28.61,"elevacion_centro":719.76,"cloud_cover":2.0,"NDVI":0.5}},{"type":"Feature","geometry":{"type":"Point","coordinates":[21.44,45.99]},"properties":{"lat":45.99,"lon":21.44,"fecha":"2022-08-02","temp_mean":23.2,"temp_max":29.2,"temp_min":15.6,"humidity_mean":57.0,"wind_speed_max":17.6,"wind_gusts_max":39.6,"precipitation":0.0,"soil_temp":25.93,"elevacion_centro":178.93,"cloud_cover":17.0,"NDVI":0.12}},{"type":"Feature","geometry":{"type":"Point","coordinates":[11.46,42.65]},"properties":{"lat":42.65,"lon":11.46,"fecha":"2022-08-02","temp_mean":28.5,"temp_max":35.0,"temp_min":21.1,"humidity_mean":46.0,"wind_speed_max":15.9,"wind_gusts_max":33.5,"precipitation":0.0,"soil_temp":30.66,"elevacion_centro":121.26,"cloud_cover":36.0,"NDVI":0.17}},{"type":"Feature","geometry":{"type":"Point","coordinates":[19.13,45.28]},"properties":{"lat":45.28,"lon":19.13,"fecha":"2022-08-02","temp_mean":25.5,"temp_max":31.2,"temp_min":18.3,"humidity_mean":54.0,"wind_speed_max":17.7,"wind_gusts_max":33.5,"precipitation":0.0,"soil_temp":28.3,"elevacion_centro":114.89,"cloud_cover":31.0,"NDVI":0.18}},{"type":"Feature","geometry":{"type":"Point","coordinates":[13.47,41.31]},"properties":{"lat":41.31,"lon":13.47,"fecha":"2022-08-02","temp_mean":27.9,"temp_max":31.2,"temp_min":23.9,"humidity_mean":50.0,"wind_speed_max":15.5,"wind_gusts_max":39.2,"precipitation":0.0,"soil_temp":29.8,"elevacion_centro":280.05,"cloud_cover":21.0,"NDVI":0.49}},{"type":"Feature","geometry":{"type":"Point","coordinates":[26.53,44.15]},"properties":{"lat":44.15,"lon":26.53,"fecha":"2022-08-03","temp_mean":25.0,"temp_max":30.9,"temp_min":20.0,"humidity_mean":57.0,"wind_speed_max":12.2,"wind_gusts_max":25.9,"precipitation":0.1,"soil_temp":28.08,"elevacion_centro":56.23,"cloud_cover":26.0,"NDVI":0.17}},{"type":"Feature","geometry":{"type":"Point","coordinates":[25.47,44.54]},"properties":{"lat":44.54,"lon":25.47,"fecha":"2022-08-03","temp_mean":24.1,"temp_max":29.3,"temp_min":19.5,"humidity_mean":59.0,"wind_speed_max":15.1,"wind_gusts_max":26.3,"precipitation":0.1,"soil_temp":28.2,"elevacion_centro":131.08,"cloud_cover":27.0,"NDVI":0.25}},{"type":"Feature","geometry":{"type":"Point","coordinates":[15.29,53.01]},"properties":{"lat":53.01,"lon":15.29,"fecha":"2022-08-03","temp_mean":24.2,"temp_max":30.4,"temp_min":15.6,"humidity_mean":54.0,"wind_speed_max":13.8,"wind_gusts_max":23.0,"precipitation":7.5,"soil_temp":24.4,"elevacion_centro":98.78,"cloud_cover":50.0,"NDVI":0.41}},{"type":"Feature","geometry":{"type":"Point","coordinates":[19.52,41.96]},"properties":{"lat":41.96,"lon":19.52,"fecha":"2022-08-03","temp_mean":29.3,"temp_max":35.7,"temp_min":22.9,"humidity_mean":33.0,"wind_speed_max":16.4,"wind_gusts_max":37.1,"precipitation":0.0,"soil_temp":30.78,"elevacion_centro":96.9,"cloud_cover":10.0,"NDVI":0.56}},{"type":"Feature","geometry":{"type":"Point","coordinates":[13.31,37.95]},"properties":{"lat":37.95,"lon":13.31,"fecha":"2022-08-03","temp_mean":25.2,"temp_max":31.4,"temp_min":19.2,"humidity_mean":48.0,"wind_speed_max":19.5,"wind_gusts_max":41.8,"precipitation":0.0,"soil_temp":31.55,"elevacion_centro":740.0,"cloud_cover":3.0,"NDVI":0.21}},{"type":"Feature","geometry":{"type":"Point","coordinates":[15.53,53.14]},"properties":{"lat":53.14,"lon":15.53,"fecha":"2022-08-03","temp_mean":24.0,"temp_max":29.6,"temp_min":16.4,"humidity_mean":54.0,"wind_speed_max":13.7,"wind_gusts_max":24.5,"precipitation":0.0,"soil_temp":23.81,"elevacion_centro":89.45,"cloud_cover":52.0,"NDVI":0.27}},{"type":"Feature","geometry":{"type":"Point","coordinates":[-8.34,42.09]},"properties":{"lat":42.09,"lon":-8.34,"fecha":"2022-08-03","temp_mean":25.7,"temp_max":31.3,"temp_min":19.4,"humidity_mean":74.0,"wind_speed_max":12.9,"wind_gusts_max":33.8,"precipitation":0.0,"soil_temp":25.59,"elevacion_centro":50.56,"cloud_cover":3.0,"NDVI":0.71}},{"type":"Feature","geometry":{"type":"Point","coordinates":[12.42,41.97]},"properties":{"lat":41.97,"lon":12.42,"fecha":"2022-08-03","temp_mean":28.8,"temp_max":35.5,"temp_min":22.5,"humidity_mean":52.0,"wind_speed_max":20.0,"wind_gusts_max":43.6,"precipitation":0.0,"soil_temp":32.61,"elevacion_centro":96.73,"cloud_cover":9.0,"NDVI":0.54}},{"type":"Feature","geometry":{"type":"Point","coordinates":[21.71,36.88]},"properties":{"lat":36.88,"lon":21.71,"fecha":"2022-08-03","temp_mean":27.6,"temp_max":30.9,"temp_min":22.8,"humidity_mean":59.0,"wind_speed_max":27.3,"wind_gusts_max":49.3,"precipitation":0.0,"soil_temp":31.68,"elevacion_centro":142.41,"cloud_cover":13.0,"NDVI":0.39}},{"type":"Feature","geometry":{"type":"Point","coordinates":[-7.42,41.93]},"properties":{"lat":41.93,"lon":-7.42,"fecha":"2022-08-03","temp_mean":27.8,"temp_max":36.7,"temp_min":20.1,"humidity_mean":53.0,"wind_speed_max":24.9,"wind_gusts_max":61.2,"precipitation":0.0,"soil_temp":28.21,"elevacion_centro":406.11,"cloud_cover":12.0,"NDVI":0.53}},{"type":"Feature","geometry":{"type":"Point","coordinates":[-8.12,41.53]},"properties":{"lat":41.53,"lon":-8.12,"fecha":"2022-08-04","temp_mean":22.2,"temp_max":27.8,"temp_min":15.4,"humidity_mean":68.0,"wind_speed_max":14.0,"wind_gusts_max":34.2,"precipitation":0.0,"soil_temp":24.76,"elevacion_centro":774.69,"cloud_cover":34.0,"NDVI":0.51}},{"type":"Feature","geometry":{"type":"Point","coordinates":[-8.08,41.48]},"properties":{"lat":41.48,"lon":-8.08,"fecha":"2022-08-04","temp_mean":22.7,"temp_max":28.3,"temp_min":15.1,"humidity_mean":66.0,"wind_speed_max":13.7,"wind_gusts_max":32.4,"precipitation":0.0,"soil_temp":24.76,"elevacion_centro":698.94,"cloud_cover":32.0,"NDVI":0.74}},{"type":"Feature","geometry":{"type":"Point","coordinates":[12.84,42.18]},"properties":{"lat":42.18,"lon":12.84,"fecha":"2022-08-04","temp_mean":26.2,"temp_max":33.2,"temp_min":18.9,"humidity_mean":47.0,"wind_speed_max":14.4,"wind_gusts_max":40.3,"precipitation":0.0,"soil_temp":27.74,"elevacion_centro":480.05,"cloud_cover":6.0,"NDVI":0.57}},{"type":"Feature","geometry":{"type":"Point","coordinates":[17.06,39.08]},"properties":{"lat":39.08,"lon":17.06,"fecha":"2022-08-04","temp_mean":29.7,"temp_max":36.2,"temp_min":23.1,"humidity_mean":41.0,"wind_speed_max":15.5,"wind_gusts_max":37.8,"precipitation":0.0,"soil_temp":30.19,"elevacion_centro":41.91,"cloud_cover":2.0,"NDVI":0.15}},{"type":"Feature","geometry":{"type":"Point","coordinates":[-8.44,41.13]},"properties":{"lat":41.13,"lon":-8.44,"fecha":"2022-08-04","temp_mean":22.0,"temp_max":27.0,"temp_min":17.9,"humidity_mean":76.0,"wind_speed_max":14.0,"wind_gusts_max":33.1,"precipitation":0.0,"soil_temp":23.39,"elevacion_centro":108.38,"cloud_cover":57.0,"NDVI":0.38}},{"type":"Feature","geometry":{"type":"Point","coordinates":[9.15,36.74]},"properties":{"lat":36.74,"lon":9.15,"fecha":"2022-08-04","temp_mean":28.0,"temp_max":35.4,"temp_min":20.7,"humidity_mean":48.0,"wind_speed_max":18.4,"wind_gusts_max":38.2,"precipitation":0.0,"soil_temp":31.87,"elevacion_centro":500.33,"cloud_cover":2.0,"NDVI":0.33}},{"type":"Feature","geometry":{"type":"Point","coordinates":[-8.93,42.68]},"properties":{"lat":42.68,"lon":-8.93,"fecha":"2022-08-05","temp_mean":19.3,"temp_max":25.5,"temp_min":15.6,"humidity_mean":64.0,"wind_speed_max":32.8,"wind_gusts_max":87.5,"precipitation":0.0,"soil_temp":24.28,"elevacion_centro":564.47,"cloud_cover":60.0,"NDVI":0.47}},{"type":"Feature","geometry":{"type":"Point","coordinates":[9.57,37.27]},"properties":{"lat":37.27,"lon":9.57,"fecha":"2022-08-05","temp_mean":29.1,"temp_max":36.2,"temp_min":24.6,"humidity_mean":57.0,"wind_speed_max":20.0,"wind_gusts_max":43.2,"precipitation":0.0,"soil_temp":33.76,"elevacion_centro":188.24,"cloud_cover":8.0,"NDVI":0.44}},{"type":"Feature","geometry":{"type":"Point","coordinates":[19.96,45.02]},"properties":{"lat":45.02,"lon":19.96,"fecha":"2022-08-05","temp_mean":27.2,"temp_max":33.2,"temp_min":20.9,"humidity_mean":46.0,"wind_speed_max":8.3,"wind_gusts_max":15.1,"precipitation":0.0,"soil_temp":29.2,"elevacion_centro":114.91,"cloud_cover":2.0,"NDVI":0.15}},{"type":"Feature","geometry":{"type":"Point","coordinates":[13.49,37.4]},"properties":{"lat":37.4,"lon":13.49,"fecha":"2022-08-06","temp_mean":27.9,"temp_max":33.9,"temp_min":20.8,"humidity_mean":33.0,"wind_speed_max":22.9,"wind_gusts_max":49.0,"precipitation":0.0,"soil_temp":30.73,"elevacion_centro":239.81,"cloud_cover":0.0,"NDVI":0.14}},{"type":"Feature","geometry":{"type":"Point","coordinates":[12.74,37.87]},"properties":{"lat":37.87,"lon":12.74,"fecha":"2022-08-06","temp_mean":29.3,"temp_max":34.8,"temp_min":24.2,"humidity_mean":26.0,"wind_speed_max":20.5,"wind_gusts_max":47.9,"precipitation":0.0,"soil_temp":36.87,"elevacion_centro":244.28,"cloud_cover":0.0,"NDVI":0.13}},{"type":"Feature","geometry":{"type":"Point","coordinates":[-5.96,41.5]},"properties":{"lat":41.5,"lon":-5.96,"fecha":"2022-08-06","temp_mean":25.4,"temp_max":34.2,"temp_min":16.4,"humidity_mean":45.0,"wind_speed_max":17.4,"wind_gusts_max":34.2,"precipitation":0.0,"soil_temp":28.75,"elevacion_centro":764.26,"cloud_cover":14.0,"NDVI":0.15}},{"type":"Feature","geometry":{"type":"Point","coordinates":[-4.97,40.24]},"properties":{"lat":40.24,"lon":-4.97,"fecha":"2022-08-06","temp_mean":22.5,"temp_max":27.4,"temp_min":16.7,"humidity_mean":33.0,"wind_speed_max":13.0,"wind_gusts_max":37.8,"precipitation":0.0,"soil_temp":31.88,"elevacion_centro":1456.5,"cloud_cover":0.0,"NDVI":0.6}},{"type":"Feature","geometry":{"type":"Point","coordinates":[24.17,40.28]},"properties":{"lat":40.28,"lon":24.17,"fecha":"2022-08-06","temp_mean":26.8,"temp_max":30.7,"temp_min":22.7,"humidity_mean":59.0,"wind_speed_max":15.1,"wind_gusts_max":34.2,"precipitation":0.0,"soil_temp":35.74,"elevacion_centro":193.55,"cloud_cover":7.0,"NDVI":0.73}},{"type":"Feature","geometry":{"type":"Point","coordinates":[-1.0,53.38]},"properties":{"lat":53.38,"lon":-1.0,"fecha":"2022-08-06","temp_mean":15.4,"temp_max":19.9,"temp_min":9.8,"humidity_mean":65.0,"wind_speed_max":15.5,"wind_gusts_max":30.6,"precipitation":0.0,"soil_temp":15.33,"elevacion_centro":10.09,"cloud_cover":58.0,"NDVI":0.16}},{"type":"Feature","geometry":{"type":"Point","coordinates":[-2.44,41.13]},"properties":{"lat":41.13,"lon":-2.44,"fecha":"2022-08-06","temp_mean":24.6,"temp_max":32.5,"temp_min":15.9,"humidity_mean":43.0,"wind_speed_max":17.0,"wind_gusts_max":32.8,"precipitation":0.0,"soil_temp":27.1,"elevacion_centro":1086.64,"cloud_cover":29.0,"NDVI":0.25}},{"type":"Feature","geometry":{"type":"Point","coordinates":[16.28,41.09]},"properties":{"lat":41.09,"lon":16.28,"fecha":"2022-08-06","temp_mean":27.7,"temp_max":32.8,"temp_min":23.2,"humidity_mean":45.0,"wind_speed_max":14.5,"wind_gusts_max":28.8,"precipitation":0.0,"soil_temp":31.43,"elevacion_centro":423.4,"cloud_cover":5.0,"NDVI":0.22}},{"type":"Feature","geometry":{"type":"Point","coordinates":[12.75,41.87]},"properties":{"lat":41.87,"lon":12.75,"fecha":"2022-08-07","temp_mean":29.9,"temp_max":35.7,"temp_min":24.3,"humidity_mean":48.0,"wind_speed_max":12.9,"wind_gusts_max":34.2,"precipitation":0.1,"soil_temp":32.43,"elevacion_centro":140.85,"cloud_cover":28.0,"NDVI":0.64}},{"type":"Feature","geometry":{"type":"Point","coordinates":[19.61,42.11]},"properties":{"lat":42.11,"lon":19.61,"fecha":"2022-08-07","temp_mean":30.3,"temp_max":35.9,"temp_min":24.2,"humidity_mean":34.0,"wind_speed_max":14.1,"wind_gusts_max":36.4,"precipitation":0.0,"soil_temp":32.14,"elevacion_centro":146.53,"cloud_cover":13.0,"NDVI":0.72}},{"type":"Feature","geometry":{"type":"Point","coordinates":[19.87,41.86]},"properties":{"lat":41.86,"lon":19.87,"fecha":"2022-08-07","temp_mean":28.3,"temp_max":33.9,"temp_min":22.3,"humidity_mean":39.0,"wind_speed_max":18.9,"wind_gusts_max":46.8,"precipitation":0.0,"soil_temp":27.84,"elevacion_centro":354.97,"cloud_cover":18.0,"NDVI":0.65}},{"type":"Feature","geometry":{"type":"Point","coordinates":[16.81,39.47]},"properties":{"lat":39.47,"lon":16.81,"fecha":"2022-08-07","temp_mean":28.4,"temp_max":32.9,"temp_min":24.2,"humidity_mean":35.0,"wind_speed_max":19.8,"wind_gusts_max":46.4,"precipitation":0.0,"soil_temp":31.14,"elevacion_centro":543.99,"cloud_cover":11.0,"NDVI":0.68}},{"type":"Feature","geometry":{"type":"Point","coordinates":[14.48,37.32]},"properties":{"lat":37.32,"lon":14.48,"fecha":"2022-08-07","temp_mean":28.0,"temp_max":33.5,"temp_min":22.3,"humidity_mean":39.0,"wind_speed_max":9.7,"wind_gusts_max":25.6,"precipitation":0.0,"soil_temp":31.68,"elevacion_centro":371.34,"cloud_cover":18.0,"NDVI":0.12}},{"type":"Feature","geometry":{"type":"Point","coordinates":[14.49,37.05]},"properties":{"lat":37.05,"lon":14.49,"fecha":"2022-08-07","temp_mean":27.3,"temp_max":34.4,"temp_min":21.4,"humidity_mean":52.0,"wind_speed_max":16.6,"wind_gusts_max":39.2,"precipitation":0.0,"soil_temp":32.89,"elevacion_centro":211.91,"cloud_cover":15.0,"NDVI":0.24}},{"type":"Feature","geometry":{"type":"Point","coordinates":[5.95,36.53]},"properties":{"lat":36.53,"lon":5.95,"fecha":"2022-08-07","temp_mean":26.5,"temp_max":34.9,"temp_min":17.5,"humidity_mean":39.0,"wind_speed_max":11.1,"wind_gusts_max":31.3,"precipitation":0.0,"soil_temp":29.94,"elevacion_centro":578.5,"cloud_cover":4.0,"NDVI":0.21}},{"type":"Feature","geometry":{"type":"Point","coordinates":[8.15,44.06]},"properties":{"lat":44.06,"lon":8.15,"fecha":"2022-08-08","temp_mean":27.8,"temp_max":31.6,"temp_min":23.9,"humidity_mean":49.0,"wind_speed_max":22.9,"wind_gusts_max":50.4,"precipitation":0.0,"soil_temp":25.39,"elevacion_centro":92.79,"cloud_cover":10.0,"NDVI":0.44}},{"type":"Feature","geometry":{"type":"Point","coordinates":[0.89,47.74]},"properties":{"lat":47.74,"lon":0.89,"fecha":"2022-08-08","temp_mean":23.0,"temp_max":29.4,"temp_min":15.8,"humidity_mean":39.0,"wind_speed_max":20.6,"wind_gusts_max":41.0,"precipitation":0.0,"soil_temp":24.43,"elevacion_centro":138.02,"cloud_cover":0.0,"NDVI":0.15}},{"type":"Feature","geometry":{"type":"Point","coordinates":[16.88,39.38]},"properties":{"lat":39.38,"lon":16.88,"fecha":"2022-08-08","temp_mean":27.7,"temp_max":31.0,"temp_min":24.4,"humidity_mean":49.0,"wind_speed_max":17.7,"wind_gusts_max":38.5,"precipitation":0.7,"soil_temp":30.69,"elevacion_centro":465.99,"cloud_cover":28.0,"NDVI":0.6}},{"type":"Feature","geometry":{"type":"Point","coordinates":[-0.06,47.61]},"properties":{"lat":47.61,"lon":-0.06,"fecha":"2022-08-08","temp_mean":22.7,"temp_max":29.2,"temp_min":15.8,"humidity_mean":42.0,"wind_speed_max":17.8,"wind_gusts_max":38.9,"precipitation":0.0,"soil_temp":24.57,"elevacion_centro":84.23,"cloud_cover":0.0,"NDVI":0.69}},{"type":"Feature","geometry":{"type":"Point","coordinates":[19.51,42.16]},"properties":{"lat":42.16,"lon":19.51,"fecha":"2022-08-08","temp_mean":30.0,"temp_max":36.0,"temp_min":24.7,"humidity_mean":39.0,"wind_speed_max":12.7,"wind_gusts_max":32.4,"precipitation":0.0,"soil_temp":32.33,"elevacion_centro":83.85,"cloud_cover":9.0,"NDVI":0.26}},{"type":"Feature","geometry":{"type":"Point","coordinates":[-4.87,42.98]},"properties":{"lat":42.98,"lon":-4.87,"fecha":"2022-08-08","temp_mean":16.5,"temp_max":21.8,"temp_min":12.5,"humidity_mean":74.0,"wind_speed_max":14.0,"wind_gusts_max":41.0,"precipitation":2.8,"soil_temp":20.04,"elevacion_centro":1735.67,"cloud_cover":44.0,"NDVI":0.38}},{"type":"Feature","geometry":{"type":"Point","coordinates":[22.4,39.2]},"properties":{"lat":39.2,"lon":22.4,"fecha":"2022-08-09","temp_mean":24.9,"temp_max":30.1,"temp_min":18.9,"humidity_mean":29.0,"wind_speed_max":24.1,"wind_gusts_max":58.0,"precipitation":0.0,"soil_temp":28.09,"elevacion_centro":769.71,"cloud_cover":2.0,"NDVI":0.55}},{"type":"Feature","geometry":{"type":"Point","coordinates":[-0.55,47.32]},"properties":{"lat":47.32,"lon":-0.55,"fecha":"2022-08-09","temp_mean":25.2,"temp_max":32.0,"temp_min":17.9,"humidity_mean":41.0,"wind_speed_max":20.7,"wind_gusts_max":39.6,"precipitation":0.0,"soil_temp":24.97,"elevacion_centro":96.16,"cloud_cover":5.0,"NDVI":0.8}},{"type":"Feature","geometry":{"type":"Point","coordinates":[23.9,43.17]},"properties":{"lat":43.17,"lon":23.9,"fecha":"2022-08-09","temp_mean":27.0,"temp_max":32.9,"temp_min":20.9,"humidity_mean":47.0,"wind_speed_max":17.2,"wind_gusts_max":38.5,"precipitation":0.0,"soil_temp":23.97,"elevacion_centro":156.3,"cloud_cover":19.0,"NDVI":0.24}},{"type":"Feature","geometry":{"type":"Point","coordinates":[25.35,42.43]},"properties":{"lat":42.43,"lon":25.35,"fecha":"2022-08-09","temp_mean":26.1,"temp_max":31.8,"temp_min":20.5,"humidity_mean":37.0,"wind_speed_max":24.4,"wind_gusts_max":52.6,"precipitation":0.0,"soil_temp":27.66,"elevacion_centro":369.34,"cloud_cover":19.0,"NDVI":0.75}},{"type":"Feature","geometry":{"type":"Point","coordinates":[-3.67,42.82]},"properties":{"lat":42.82,"lon":-3.67,"fecha":"2022-08-09","temp_mean":21.5,"temp_max":29.1,"temp_min":14.1,"humidity_mean":58.0,"wind_speed_max":21.1,"wind_gusts_max":43.6,"precipitation":0.3,"soil_temp":22.1,"elevacion_centro":1019.83,"cloud_cover":19.0,"NDVI":0.73}},{"type":"Feature","geometry":{"type":"Point","coordinates":[-6.8,42.31]},"properties":{"lat":42.31,"lon":-6.8,"fecha":"2022-08-09","temp_mean":21.9,"temp_max":27.9,"temp_min":16.1,"humidity_mean":45.0,"wind_speed_max":14.0,"wind_gusts_max":36.4,"precipitation":0.0,"soil_temp":24.56,"elevacion_centro":1313.45,"cloud_cover":12.0,"NDVI":0.45}},{"type":"Feature","geometry":{"type":"Point","coordinates":[14.1,51.58]},"properties":{"lat":51.58,"lon":14.1,"fecha":"2022-08-09","temp_mean":21.7,"temp_max":26.4,"temp_min":16.1,"humidity_mean":51.0,"wind_speed_max":10.8,"wind_gusts_max":21.6,"precipitation":0.0,"soil_temp":23.11,"elevacion_centro":111.23,"cloud_cover":43.0,"NDVI":0.14}},{"type":"Feature","geometry":{"type":"Point","coordinates":[5.53,46.31]},"properties":{"lat":46.31,"lon":5.53,"fecha":"2022-08-10","temp_mean":25.2,"temp_max":31.9,"temp_min":17.8,"humidity_mean":36.0,"wind_speed_max":13.0,"wind_gusts_max":26.6,"precipitation":0.0,"soil_temp":24.79,"elevacion_centro":349.88,"cloud_cover":0.0,"NDVI":0.64}},{"type":"Feature","geometry":{"type":"Point","coordinates":[4.62,45.01]},"properties":{"lat":45.01,"lon":4.62,"fecha":"2022-08-10","temp_mean":26.8,"temp_max":34.3,"temp_min":18.9,"humidity_mean":35.0,"wind_speed_max":11.3,"wind_gusts_max":29.2,"precipitation":0.0,"soil_temp":24.58,"elevacion_centro":342.95,"cloud_cover":35.0,"NDVI":0.69}},{"type":"Feature","geometry":{"type":"Point","coordinates":[16.37,46.38]},"properties":{"lat":46.38,"lon":16.37,"fecha":"2022-08-10","temp_mean":22.0,"temp_max":27.2,"temp_min":17.1,"humidity_mean":50.0,"wind_speed_max":17.7,"wind_gusts_max":36.4,"precipitation":0.0,"soil_temp":24.13,"elevacion_centro":170.58,"cloud_cover":30.0,"NDVI":0.31}},{"type":"Feature","geometry":{"type":"Point","coordinates":[-2.2,40.45]},"properties":{"lat":40.45,"lon":-2.2,"fecha":"2022-08-10","temp_mean":26.5,"temp_max":33.1,"temp_min":20.1,"humidity_mean":26.0,"wind_speed_max":19.1,"wind_gusts_max":44.6,"precipitation":0.0,"soil_temp":29.44,"elevacion_centro":1197.98,"cloud_cover":28.0,"NDVI":0.49}},{"type":"Feature","geometry":{"type":"Point","coordinates":[-6.59,40.19]},"properties":{"lat":40.19,"lon":-6.59,"fecha":"2022-08-10","temp_mean":29.7,"temp_max":35.8,"temp_min":22.7,"humidity_mean":35.0,"wind_speed_max":16.5,"wind_gusts_max":38.5,"precipitation":0.0,"soil_temp":32.16,"elevacion_centro":509.19,"cloud_cover":32.0,"NDVI":0.36}},{"type":"Feature","geometry":{"type":"Point","coordinates":[-3.42,51.94]},"properties":{"lat":51.94,"lon":-3.42,"fecha":"2022-08-10","temp_mean":21.5,"temp_max":26.6,"temp_min":13.5,"humidity_mean":58.0,"wind_speed_max":8.8,"wind_gusts_max":18.7,"precipitation":0.0,"soil_temp":18.1,"elevacion_centro":178.66,"cloud_cover":6.0,"NDVI":0.33}},{"type":"Feature","geometry":{"type":"Point","coordinates":[19.53,40.31]},"properties":{"lat":40.31,"lon":19.53,"fecha":"2022-08-11","temp_mean":27.0,"temp_max":30.4,"temp_min":22.4,"humidity_mean":54.0,"wind_speed_max":8.1,"wind_gusts_max":27.0,"precipitation":0.0,"soil_temp":29.35,"elevacion_centro":280.86,"cloud_cover":64.0,"NDVI":0.39}},{"type":"Feature","geometry":{"type":"Point","coordinates":[5.04,36.6]},"properties":{"lat":36.6,"lon":5.04,"fecha":"2022-08-11","temp_mean":26.9,"temp_max":32.8,"temp_min":21.2,"humidity_mean":48.0,"wind_speed_max":14.2,"wind_gusts_max":38.9,"precipitation":0.0,"soil_temp":26.17,"elevacion_centro":246.71,"cloud_cover":0.0,"NDVI":0.67}},{"type":"Feature","geometry":{"type":"Point","coordinates":[20.45,45.15]},"properties":{"lat":45.15,"lon":20.45,"fecha":"2022-08-11","temp_mean":23.2,"temp_max":28.1,"temp_min":18.1,"humidity_mean":49.0,"wind_speed_max":17.4,"wind_gusts_max":30.6,"precipitation":0.0,"soil_temp":25.85,"elevacion_centro":74.31,"cloud_cover":6.0,"NDVI":0.49}},{"type":"Feature","geometry":{"type":"Point","coordinates":[5.64,46.39]},"properties":{"lat":46.39,"lon":5.64,"fecha":"2022-08-11","temp_mean":25.7,"temp_max":32.2,"temp_min":18.8,"humidity_mean":37.0,"wind_speed_max":12.0,"wind_gusts_max":32.4,"precipitation":0.0,"soil_temp":25.47,"elevacion_centro":519.55,"cloud_cover":2.0,"NDVI":0.65}},{"type":"Feature","geometry":{"type":"Point","coordinates":[7.17,36.61]},"properties":{"lat":36.61,"lon":7.17,"fecha":"2022-08-12","temp_mean":27.0,"temp_max":34.5,"temp_min":19.1,"humidity_mean":39.0,"wind_speed_max":13.7,"wind_gusts_max":34.2,"precipitation":0.0,"soil_temp":29.83,"elevacion_centro":528.46,"cloud_cover":0.0,"NDVI":0.35}},{"type":"Feature","geometry":{"type":"Point","coordinates":[-2.27,47.99]},"properties":{"lat":47.99,"lon":-2.27,"fecha":"2022-08-12","temp_mean":27.3,"temp_max":34.0,"temp_min":20.0,"humidity_mean":33.0,"wind_speed_max":18.2,"wind_gusts_max":36.0,"precipitation":0.0,"soil_temp":26.77,"elevacion_centro":146.54,"cloud_cover":0.0,"NDVI":0.68}},{"type":"Feature","geometry":{"type":"Point","coordinates":[6.51,36.98]},"properties":{"lat":36.98,"lon":6.51,"fecha":"2022-08-13","temp_mean":30.7,"temp_max":38.3,"temp_min":22.2,"humidity_mean":28.0,"wind_speed_max":10.8,"wind_gusts_max":30.2,"precipitation":0.0,"soil_temp":32.26,"elevacion_centro":272.33,"cloud_cover":0.0,"NDVI":0.71}},{"type":"Feature","geometry":{"type":"Point","coordinates":[3.18,44.23]},"properties":{"lat":44.23,"lon":3.18,"fecha":"2022-08-13","temp_mean":25.6,"temp_max":33.2,"temp_min":17.5,"humidity_mean":38.0,"wind_speed_max":15.6,"wind_gusts_max":38.2,"precipitation":0.0,"soil_temp":28.35,"elevacion_centro":792.52,"cloud_cover":40.0,"NDVI":0.54}},{"type":"Feature","geometry":{"type":"Point","coordinates":[-1.47,38.44]},"properties":{"lat":38.44,"lon":-1.47,"fecha":"2022-08-13","temp_mean":28.8,"temp_max":37.7,"temp_min":24.1,"humidity_mean":28.0,"wind_speed_max":40.7,"wind_gusts_max":70.9,"precipitation":0.0,"soil_temp":28.97,"elevacion_centro":722.19,"cloud_cover":45.0,"NDVI":0.25}},{"type":"Feature","geometry":{"type":"Point","coordinates":[-1.58,38.35]},"properties":{"lat":38.35,"lon":-1.58,"fecha":"2022-08-13","temp_mean":30.4,"temp_max":40.6,"temp_min":23.8,"humidity_mean":29.0,"wind_speed_max":28.0,"wind_gusts_max":60.8,"precipitation":0.0,"soil_temp":29.32,"elevacion_centro":461.86,"cloud_cover":42.0,"NDVI":0.35}},{"type":"Feature","geometry":{"type":"Point","coordinates":[5.12,36.52]},"properties":{"lat":36.52,"lon":5.12,"fecha":"2022-08-14","temp_mean":25.7,"temp_max":35.2,"temp_min":18.3,"humidity_mean":29.0,"wind_speed_max":14.2,"wind_gusts_max":45.4,"precipitation":0.0,"soil_temp":29.79,"elevacion_centro":1343.6,"cloud_cover":70.0,"NDVI":0.47}},{"type":"Feature","geometry":{"type":"Point","coordinates":[8.26,36.75]},"properties":{"lat":36.75,"lon":8.26,"fecha":"2022-08-14","temp_mean":31.6,"temp_max":39.7,"temp_min":24.3,"humidity_mean":30.0,"wind_speed_max":12.5,"wind_gusts_max":32.0,"precipitation":0.0,"soil_temp":31.23,"elevacion_centro":170.03,"cloud_cover":14.0,"NDVI":0.41}},{"type":"Feature","geometry":{"type":"Point","coordinates":[-0.18,40.14]},"properties":{"lat":40.14,"lon":-0.18,"fecha":"2022-08-14","temp_mean":28.2,"temp_max":33.8,"temp_min":22.7,"humidity_mean":38.0,"wind_speed_max":36.2,"wind_gusts_max":72.4,"precipitation":0.1,"soil_temp":30.2,"elevacion_centro":453.98,"cloud_cover":29.0,"NDVI":0.47}},{"type":"Feature","geometry":{"type":"Point","coordinates":[-1.81,52.78]},"properties":{"lat":52.78,"lon":-1.81,"fecha":"2022-08-14","temp_mean":23.8,"temp_max":30.1,"temp_min":16.5,"humidity_mean":46.0,"wind_speed_max":13.7,"wind_gusts_max":26.6,"precipitation":0.0,"soil_temp":20.15,"elevacion_centro":93.28,"cloud_cover":84.0,"NDVI":0.41}},{"type":"Feature","geometry":{"type":"Point","coordinates":[2.39,36.61]},"properties":{"lat":36.61,"lon":2.39,"fecha":"2022-08-14","temp_mean":30.3,"temp_max":36.6,"temp_min":24.4,"humidity_mean":44.0,"wind_speed_max":16.6,"wind_gusts_max":49.3,"precipitation":0.4,"soil_temp":33.43,"elevacion_centro":322.09,"cloud_cover":56.0,"NDVI":0.63}},{"type":"Feature","geometry":{"type":"Point","coordinates":[0.52,42.27]},"properties":{"lat":42.27,"lon":0.52,"fecha":"2022-08-14","temp_mean":25.0,"temp_max":30.9,"temp_min":20.0,"humidity_mean":34.0,"wind_speed_max":20.0,"wind_gusts_max":47.5,"precipitation":0.0,"soil_temp":20.48,"elevacion_centro":784.76,"cloud_cover":9.0,"NDVI":0.29}},{"type":"Feature","geometry":{"type":"Point","coordinates":[13.88,45.05]},"properties":{"lat":45.05,"lon":13.88,"fecha":"2022-08-14","temp_mean":23.1,"temp_max":28.4,"temp_min":18.2,"humidity_mean":50.0,"wind_speed_max":17.6,"wind_gusts_max":39.6,"precipitation":0.0,"soil_temp":28.47,"elevacion_centro":251.8,"cloud_cover":21.0,"NDVI":0.52}},{"type":"Feature","geometry":{"type":"Point","coordinates":[-1.61,41.85]},"properties":{"lat":41.85,"lon":-1.61,"fecha":"2022-08-14","temp_mean":24.0,"temp_max":32.0,"temp_min":18.3,"humidity_mean":46.0,"wind_speed_max":23.8,"wind_gusts_max":46.1,"precipitation":0.1,"soil_temp":26.21,"elevacion_centro":674.37,"cloud_cover":15.0,"NDVI":0.18}},{"type":"Feature","geometry":{"type":"Point","coordinates":[1.83,36.47]},"properties":{"lat":36.47,"lon":1.83,"fecha":"2022-08-14","temp_mean":32.6,"temp_max":40.8,"temp_min":25.8,"humidity_mean":29.0,"wind_speed_max":21.8,"wind_gusts_max":51.1,"precipitation":0.2,"soil_temp":32.52,"elevacion_centro":697.39,"cloud_cover":63.0,"NDVI":0.41}},{"type":"Feature","geometry":{"type":"Point","coordinates":[4.47,36.5]},"properties":{"lat":36.5,"lon":4.47,"fecha":"2022-08-14","temp_mean":29.3,"temp_max":37.5,"temp_min":20.7,"humidity_mean":26.0,"wind_speed_max":14.5,"wind_gusts_max":58.3,"precipitation":0.0,"soil_temp":32.84,"elevacion_centro":1099.18,"cloud_cover":68.0,"NDVI":0.4}},{"type":"Feature","geometry":{"type":"Point","coordinates":[-0.22,38.78]},"properties":{"lat":38.78,"lon":-0.22,"fecha":"2022-08-14","temp_mean":28.6,"temp_max":34.5,"temp_min":22.0,"humidity_mean":33.0,"wind_speed_max":20.2,"wind_gusts_max":43.6,"precipitation":0.0,"soil_temp":31.42,"elevacion_centro":794.01,"cloud_cover":12.0,"NDVI":0.24}},{"type":"Feature","geometry":{"type":"Point","coordinates":[-7.32,41.95]},"properties":{"lat":41.95,"lon":-7.32,"fecha":"2022-08-14","temp_mean":17.4,"temp_max":23.5,"temp_min":11.9,"humidity_mean":60.0,"wind_speed_max":20.5,"wind_gusts_max":42.1,"precipitation":0.0,"soil_temp":20.97,"elevacion_centro":817.74,"cloud_cover":49.0,"NDVI":0.6}},{"type":"Feature","geometry":{"type":"Point","coordinates":[-1.54,41.87]},"properties":{"lat":41.87,"lon":-1.54,"fecha":"2022-08-14","temp_mean":25.4,"temp_max":33.5,"temp_min":19.1,"humidity_mean":46.0,"wind_speed_max":23.3,"wind_gusts_max":54.0,"precipitation":0.0,"soil_temp":28.99,"elevacion_centro":519.37,"cloud_cover":16.0,"NDVI":0.32}},{"type":"Feature","geometry":{"type":"Point","coordinates":[2.39,42.83]},"properties":{"lat":42.83,"lon":2.39,"fecha":"2022-08-15","temp_mean":22.4,"temp_max":28.0,"temp_min":18.1,"humidity_mean":66.0,"wind_speed_max":20.6,"wind_gusts_max":52.6,"precipitation":0.7,"soil_temp":25.21,"elevacion_centro":409.87,"cloud_cover":46.0,"NDVI":0.68}},{"type":"Feature","geometry":{"type":"Point","coordinates":[9.43,37.13]},"properties":{"lat":37.13,"lon":9.43,"fecha":"2022-08-15","temp_mean":32.0,"temp_max":40.7,"temp_min":27.6,"humidity_mean":38.0,"wind_speed_max":23.8,"wind_gusts_max":50.4,"precipitation":0.0,"soil_temp":32.67,"elevacion_centro":198.5,"cloud_cover":84.0,"NDVI":0.44}},{"type":"Feature","geometry":{"type":"Point","coordinates":[20.89,54.55]},"properties":{"lat":54.55,"lon":20.89,"fecha":"2022-08-15","temp_mean":24.3,"temp_max":30.6,"temp_min":19.2,"humidity_mean":69.0,"wind_speed_max":18.9,"wind_gusts_max":45.0,"precipitation":1.3,"soil_temp":22.12,"elevacion_centro":31.27,"cloud_cover":83.0,"NDVI":0.51}},{"type":"Feature","geometry":{"type":"Point","coordinates":[-0.71,39.88]},"properties":{"lat":39.88,"lon":-0.71,"fecha":"2022-08-16","temp_mean":23.9,"temp_max":30.7,"temp_min":17.7,"humidity_mean":46.0,"wind_speed_max":22.1,"wind_gusts_max":49.7,"precipitation":0.0,"soil_temp":25.57,"elevacion_centro":899.65,"cloud_cover":9.0,"NDVI":0.19}},{"type":"Feature","geometry":{"type":"Point","coordinates":[26.57,41.88]},"properties":{"lat":41.88,"lon":26.57,"fecha":"2022-08-16","temp_mean":26.3,"temp_max":33.0,"temp_min":18.9,"humidity_mean":55.0,"wind_speed_max":12.7,"wind_gusts_max":28.4,"precipitation":0.0,"soil_temp":25.87,"elevacion_centro":131.6,"cloud_cover":26.0,"NDVI":0.51}},{"type":"Feature","geometry":{"type":"Point","coordinates":[5.77,36.64]},"properties":{"lat":36.64,"lon":5.77,"fecha":"2022-08-16","temp_mean":27.8,"temp_max":37.0,"temp_min":22.0,"humidity_mean":36.0,"wind_speed_max":16.6,"wind_gusts_max":59.0,"precipitation":0.2,"soil_temp":29.5,"elevacion_centro":858.81,"cloud_cover":91.0,"NDVI":0.43}},{"type":"Feature","geometry":{"type":"Point","coordinates":[-0.5,35.4]},"properties":{"lat":35.4,"lon":-0.5,"fecha":"2022-08-16","temp_mean":26.2,"temp_max":33.3,"temp_min":22.0,"humidity_mean":42.0,"wind_speed_max":16.0,"wind_gusts_max":41.8,"precipitation":0.4,"soil_temp":30.02,"elevacion_centro":546.49,"cloud_cover":62.0,"NDVI":0.12}},{"type":"Feature","geometry":{"type":"Point","coordinates":[9.06,36.92]},"properties":{"lat":36.92,"lon":9.06,"fecha":"2022-08-17","temp_mean":34.2,"temp_max":42.6,"temp_min":27.6,"humidity_mean":22.0,"wind_speed_max":22.5,"wind_gusts_max":53.6,"precipitation":0.0,"soil_temp":34.87,"elevacion_centro":537.42,"cloud_cover":42.0,"NDVI":0.59}},{"type":"Feature","geometry":{"type":"Point","coordinates":[8.74,36.93]},"properties":{"lat":36.93,"lon":8.74,"fecha":"2022-08-17","temp_mean":35.5,"temp_max":43.6,"temp_min":26.7,"humidity_mean":33.0,"wind_speed_max":27.0,"wind_gusts_max":58.0,"precipitation":0.0,"soil_temp":33.83,"elevacion_centro":55.23,"cloud_cover":32.0,"NDVI":0.23}},{"type":"Feature","geometry":{"type":"Point","coordinates":[10.88,36.96]},"properties":{"lat":36.96,"lon":10.88,"fecha":"2022-08-17","temp_mean":30.9,"temp_max":37.5,"temp_min":26.0,"humidity_mean":62.0,"wind_speed_max":23.9,"wind_gusts_max":51.8,"precipitation":0.0,"soil_temp":35.26,"elevacion_centro":44.78,"cloud_cover":14.0,"NDVI":0.45}},{"type":"Feature","geometry":{"type":"Point","coordinates":[8.55,36.85]},"properties":{"lat":36.85,"lon":8.55,"fecha":"2022-08-17","temp_mean":34.5,"temp_max":44.5,"temp_min":25.9,"humidity_mean":40.0,"wind_speed_max":28.7,"wind_gusts_max":57.6,"precipitation":0.0,"soil_temp":33.83,"elevacion_centro":144.5,"cloud_cover":33.0,"NDVI":0.58}},{"type":"Feature","geometry":{"type":"Point","coordinates":[5.71,36.51]},"properties":{"lat":36.51,"lon":5.71,"fecha":"2022-08-17","temp_mean":28.8,"temp_max":39.7,"temp_min":20.8,"humidity_mean":33.0,"wind_speed_max":22.2,"wind_gusts_max":70.6,"precipitation":0.0,"soil_temp":29.99,"elevacion_centro":875.21,"cloud_cover":36.0,"NDVI":0.31}},{"type":"Feature","geometry":{"type":"Point","coordinates":[7.87,36.6]},"properties":{"lat":36.6,"lon":7.87,"fecha":"2022-08-17","temp_mean":34.5,"temp_max":44.5,"temp_min":24.5,"humidity_mean":29.0,"wind_speed_max":28.4,"wind_gusts_max":63.7,"precipitation":0.0,"soil_temp":32.58,"elevacion_centro":364.52,"cloud_cover":33.0,"NDVI":0.66}},{"type":"Feature","geometry":{"type":"Point","coordinates":[5.58,36.53]},"properties":{"lat":36.53,"lon":5.58,"fecha":"2022-08-17","temp_mean":27.4,"temp_max":31.0,"temp_min":21.3,"humidity_mean":45.0,"wind_speed_max":21.0,"wind_gusts_max":54.0,"precipitation":0.0,"soil_temp":29.99,"elevacion_centro":725.04,"cloud_cover":40.0,"NDVI":0.18}},{"type":"Feature","geometry":{"type":"Point","coordinates":[8.38,36.65]},"properties":{"lat":36.65,"lon":8.38,"fecha":"2022-08-17","temp_mean":34.8,"temp_max":44.1,"temp_min":25.0,"humidity_mean":28.0,"wind_speed_max":22.4,"wind_gusts_max":57.2,"precipitation":0.0,"soil_temp":32.58,"elevacion_centro":277.67,"cloud_cover":43.0,"NDVI":0.53}},{"type":"Feature","geometry":{"type":"Point","coordinates":[7.78,36.4]},"properties":{"lat":36.4,"lon":7.78,"fecha":"2022-08-17","temp_mean":34.8,"temp_max":44.7,"temp_min":24.0,"humidity_mean":27.0,"wind_speed_max":26.0,"wind_gusts_max":70.2,"precipitation":0.0,"soil_temp":34.16,"elevacion_centro":313.76,"cloud_cover":30.0,"NDVI":0.57}},{"type":"Feature","geometry":{"type":"Point","coordinates":[-0.66,39.96]},"properties":{"lat":39.96,"lon":-0.66,"fecha":"2022-08-17","temp_mean":20.2,"temp_max":27.1,"temp_min":15.3,"humidity_mean":44.0,"wind_speed_max":21.8,"wind_gusts_max":41.8,"precipitation":4.1,"soil_temp":25.08,"elevacion_centro":995.99,"cloud_cover":35.0,"NDVI":0.42}},{"type":"Feature","geometry":{"type":"Point","coordinates":[7.75,36.27]},"properties":{"lat":36.27,"lon":7.75,"fecha":"2022-08-17","temp_mean":31.5,"temp_max":39.0,"temp_min":24.9,"humidity_mean":20.0,"wind_speed_max":24.8,"wind_gusts_max":64.1,"precipitation":0.0,"soil_temp":34.16,"elevacion_centro":890.1,"cloud_cover":35.0,"NDVI":0.13}},{"type":"Feature","geometry":{"type":"Point","coordinates":[13.24,38.01]},"properties":{"lat":38.01,"lon":13.24,"fecha":"2022-08-18","temp_mean":29.8,"temp_max":36.3,"temp_min":22.9,"humidity_mean":24.0,"wind_speed_max":23.8,"wind_gusts_max":61.2,"precipitation":0.0,"soil_temp":32.79,"elevacion_centro":932.72,"cloud_cover":29.0,"NDVI":0.45}},{"type":"Feature","geometry":{"type":"Point","coordinates":[-2.36,38.39]},"properties":{"lat":38.39,"lon":-2.36,"fecha":"2022-08-18","temp_mean":23.3,"temp_max":30.4,"temp_min":16.2,"humidity_mean":30.0,"wind_speed_max":10.9,"wind_gusts_max":28.8,"precipitation":0.0,"soil_temp":23.52,"elevacion_centro":791.49,"cloud_cover":0.0,"NDVI":0.39}},{"type":"Feature","geometry":{"type":"Point","coordinates":[19.39,47.11]},"properties":{"lat":47.11,"lon":19.39,"fecha":"2022-08-18","temp_mean":27.6,"temp_max":34.5,"temp_min":18.9,"humidity_mean":53.0,"wind_speed_max":15.7,"wind_gusts_max":29.5,"precipitation":0.0,"soil_temp":30.25,"elevacion_centro":122.57,"cloud_cover":44.0,"NDVI":0.3}},{"type":"Feature","geometry":{"type":"Point","coordinates":[15.09,41.82]},"properties":{"lat":41.82,"lon":15.09,"fecha":"2022-08-18","temp_mean":30.8,"temp_max":41.5,"temp_min":23.4,"humidity_mean":52.0,"wind_speed_max":23.0,"wind_gusts_max":46.1,"precipitation":0.5,"soil_temp":31.32,"elevacion_centro":55.24,"cloud_cover":30.0,"NDVI":0.32}},{"type":"Feature","geometry":{"type":"Point","coordinates":[17.1,38.97]},"properties":{"lat":38.97,"lon":17.1,"fecha":"2022-08-18","temp_mean":28.3,"temp_max":32.2,"temp_min":23.5,"humidity_mean":69.0,"wind_speed_max":17.0,"wind_gusts_max":32.0,"precipitation":0.0,"soil_temp":31.3,"elevacion_centro":165.02,"cloud_cover":0.0,"NDVI":0.17}},{"type":"Feature","geometry":{"type":"Point","coordinates":[14.0,37.21]},"properties":{"lat":37.21,"lon":14.0,"fecha":"2022-08-18","temp_mean":28.9,"temp_max":35.8,"temp_min":23.1,"humidity_mean":46.0,"wind_speed_max":16.4,"wind_gusts_max":34.6,"precipitation":0.0,"soil_temp":30.79,"elevacion_centro":275.81,"cloud_cover":11.0,"NDVI":0.14}},{"type":"Feature","geometry":{"type":"Point","coordinates":[-0.55,44.9]},"properties":{"lat":44.9,"lon":-0.55,"fecha":"2022-08-19","temp_mean":21.1,"temp_max":25.7,"temp_min":16.2,"humidity_mean":76.0,"wind_speed_max":14.8,"wind_gusts_max":31.7,"precipitation":1.0,"soil_temp":23.19,"elevacion_centro":8.38,"cloud_cover":38.0,"NDVI":0.62}},{"type":"Feature","geometry":{"type":"Point","coordinates":[-8.62,39.78]},"properties":{"lat":39.78,"lon":-8.62,"fecha":"2022-08-19","temp_mean":26.0,"temp_max":35.3,"temp_min":16.5,"humidity_mean":37.0,"wind_speed_max":25.7,"wind_gusts_max":49.3,"precipitation":0.0,"soil_temp":23.3,"elevacion_centro":285.2,"cloud_cover":0.0,"NDVI":0.6}},{"type":"Feature","geometry":{"type":"Point","coordinates":[19.79,40.4]},"properties":{"lat":40.4,"lon":19.79,"fecha":"2022-08-19","temp_mean":29.3,"temp_max":36.8,"temp_min":22.6,"humidity_mean":49.0,"wind_speed_max":12.2,"wind_gusts_max":34.6,"precipitation":0.0,"soil_temp":29.3,"elevacion_centro":206.13,"cloud_cover":20.0,"NDVI":0.6}},{"type":"Feature","geometry":{"type":"Point","coordinates":[-7.73,41.38]},"properties":{"lat":41.38,"lon":-7.73,"fecha":"2022-08-21","temp_mean":20.9,"temp_max":26.5,"temp_min":15.3,"humidity_mean":63.0,"wind_speed_max":16.1,"wind_gusts_max":49.0,"precipitation":0.0,"soil_temp":25.81,"elevacion_centro":766.65,"cloud_cover":17.0,"NDVI":0.36}},{"type":"Feature","geometry":{"type":"Point","coordinates":[28.13,60.52]},"properties":{"lat":60.52,"lon":28.13,"fecha":"2022-08-21","temp_mean":20.3,"temp_max":21.9,"temp_min":18.5,"humidity_mean":71.0,"wind_speed_max":24.8,"wind_gusts_max":49.0,"precipitation":0.9,"soil_temp":20.49,"elevacion_centro":9.19,"cloud_cover":45.0,"NDVI":0.09}},{"type":"Feature","geometry":{"type":"Point","coordinates":[-7.26,41.2]},"properties":{"lat":41.2,"lon":-7.26,"fecha":"2022-08-21","temp_mean":23.9,"temp_max":31.9,"temp_min":15.6,"humidity_mean":44.0,"wind_speed_max":15.7,"wind_gusts_max":40.3,"precipitation":0.0,"soil_temp":25.93,"elevacion_centro":755.42,"cloud_cover":18.0,"NDVI":0.19}},{"type":"Feature","geometry":{"type":"Point","coordinates":[32.47,35.03]},"properties":{"lat":35.03,"lon":32.47,"fecha":"2022-08-22","temp_mean":26.1,"temp_max":29.8,"temp_min":23.9,"humidity_mean":78.0,"wind_speed_max":17.6,"wind_gusts_max":42.1,"precipitation":0.0,"soil_temp":33.97,"elevacion_centro":238.05,"cloud_cover":16.0,"NDVI":0.17}},{"type":"Feature","geometry":{"type":"Point","coordinates":[-5.75,35.33]},"properties":{"lat":35.33,"lon":-5.75,"fecha":"2022-08-22","temp_mean":27.1,"temp_max":36.5,"temp_min":18.5,"humidity_mean":38.0,"wind_speed_max":14.3,"wind_gusts_max":36.7,"precipitation":0.0,"soil_temp":28.24,"elevacion_centro":259.18,"cloud_cover":0.0,"NDVI":0.57}},{"type":"Feature","geometry":{"type":"Point","coordinates":[-8.51,42.04]},"properties":{"lat":42.04,"lon":-8.51,"fecha":"2022-08-22","temp_mean":24.5,"temp_max":32.8,"temp_min":17.5,"humidity_mean":65.0,"wind_speed_max":16.3,"wind_gusts_max":33.5,"precipitation":0.0,"soil_temp":24.68,"elevacion_centro":108.53,"cloud_cover":20.0,"NDVI":0.5}},{"type":"Feature","geometry":{"type":"Point","coordinates":[-8.08,42.0]},"properties":{"lat":42.0,"lon":-8.08,"fecha":"2022-08-25","temp_mean":17.1,"temp_max":23.3,"temp_min":12.9,"humidity_mean":79.0,"wind_speed_max":17.4,"wind_gusts_max":42.5,"precipitation":0.3,"soil_temp":23.0,"elevacion_centro":1164.62,"cloud_cover":64.0,"NDVI":0.55}},{"type":"Feature","geometry":{"type":"Point","coordinates":[0.26,42.51]},"properties":{"lat":42.51,"lon":0.26,"fecha":"2022-08-27","temp_mean":13.8,"temp_max":19.0,"temp_min":8.8,"humidity_mean":67.0,"wind_speed_max":10.4,"wind_gusts_max":37.4,"precipitation":1.0,"soil_temp":19.9,"elevacion_centro":1964.27,"cloud_cover":27.0,"NDVI":0.39}},{"type":"Feature","geometry":{"type":"Point","coordinates":[-1.37,38.36]},"properties":{"lat":38.36,"lon":-1.37,"fecha":"2022-08-27","temp_mean":24.0,"temp_max":29.7,"temp_min":18.9,"humidity_mean":63.0,"wind_speed_max":15.8,"wind_gusts_max":36.0,"precipitation":0.3,"soil_temp":27.07,"elevacion_centro":573.99,"cloud_cover":18.0,"NDVI":0.31}},{"type":"Feature","geometry":{"type":"Point","coordinates":[-6.25,42.75]},"properties":{"lat":42.75,"lon":-6.25,"fecha":"2022-08-28","temp_mean":21.0,"temp_max":28.0,"temp_min":15.4,"humidity_mean":47.0,"wind_speed_max":15.9,"wind_gusts_max":39.6,"precipitation":0.2,"soil_temp":23.31,"elevacion_centro":1334.31,"cloud_cover":29.0,"NDVI":0.51}},{"type":"Feature","geometry":{"type":"Point","coordinates":[-7.53,41.82]},"properties":{"lat":41.82,"lon":-7.53,"fecha":"2022-08-29","temp_mean":22.3,"temp_max":30.1,"temp_min":17.4,"humidity_mean":60.0,"wind_speed_max":18.2,"wind_gusts_max":38.9,"precipitation":0.2,"soil_temp":24.56,"elevacion_centro":631.18,"cloud_cover":37.0,"NDVI":0.54}},{"type":"Feature","geometry":{"type":"Point","coordinates":[17.02,39.16]},"properties":{"lat":39.16,"lon":17.02,"fecha":"2022-08-29","temp_mean":25.4,"temp_max":29.9,"temp_min":20.9,"humidity_mean":66.0,"wind_speed_max":14.5,"wind_gusts_max":34.2,"precipitation":5.6,"soil_temp":26.87,"elevacion_centro":57.24,"cloud_cover":38.0,"NDVI":0.2}},{"type":"Feature","geometry":{"type":"Point","coordinates":[-8.1,42.36]},"properties":{"lat":42.36,"lon":-8.1,"fecha":"2022-08-30","temp_mean":19.2,"temp_max":25.5,"temp_min":14.0,"humidity_mean":66.0,"wind_speed_max":15.2,"wind_gusts_max":30.2,"precipitation":0.0,"soil_temp":19.92,"elevacion_centro":361.75,"cloud_cover":6.0,"NDVI":0.17}},{"type":"Feature","geometry":{"type":"Point","coordinates":[29.9,51.47]},"properties":{"lat":51.47,"lon":29.9,"fecha":"2022-09-02","temp_mean":12.9,"temp_max":18.1,"temp_min":6.3,"humidity_mean":58.0,"wind_speed_max":11.2,"wind_gusts_max":26.3,"precipitation":0.0,"soil_temp":16.12,"elevacion_centro":113.18,"cloud_cover":56.0,"NDVI":0.54}},{"type":"Feature","geometry":{"type":"Point","coordinates":[34.97,36.83]},"properties":{"lat":36.83,"lon":34.97,"fecha":"2022-09-04","temp_mean":27.9,"temp_max":32.8,"temp_min":23.2,"humidity_mean":73.0,"wind_speed_max":18.2,"wind_gusts_max":36.4,"precipitation":0.0,"soil_temp":32.51,"elevacion_centro":2.59,"cloud_cover":0.0,"NDVI":0.57}},{"type":"Feature","geometry":{"type":"Point","coordinates":[12.74,38.09]},"properties":{"lat":38.09,"lon":12.74,"fecha":"2022-09-04","temp_mean":27.7,"temp_max":33.5,"temp_min":23.4,"humidity_mean":60.0,"wind_speed_max":14.1,"wind_gusts_max":36.7,"precipitation":0.0,"soil_temp":31.01,"elevacion_centro":294.8,"cloud_cover":26.0,"NDVI":0.27}},{"type":"Feature","geometry":{"type":"Point","coordinates":[-3.44,42.97]},"properties":{"lat":42.97,"lon":-3.44,"fecha":"2022-09-04","temp_mean":18.4,"temp_max":26.9,"temp_min":10.4,"humidity_mean":53.0,"wind_speed_max":19.2,"wind_gusts_max":41.8,"precipitation":0.0,"soil_temp":18.83,"elevacion_centro":686.25,"cloud_cover":46.0,"NDVI":0.65}},{"type":"Feature","geometry":{"type":"Point","coordinates":[-6.22,37.02]},"properties":{"lat":37.02,"lon":-6.22,"fecha":"2022-09-05","temp_mean":23.0,"temp_max":30.0,"temp_min":17.7,"humidity_mean":64.0,"wind_speed_max":20.9,"wind_gusts_max":43.9,"precipitation":0.0,"soil_temp":26.75,"elevacion_centro":2.77,"cloud_cover":3.0,"NDVI":0.06}},{"type":"Feature","geometry":{"type":"Point","coordinates":[34.94,37.85]},"properties":{"lat":37.85,"lon":34.94,"fecha":"2022-09-05","temp_mean":14.6,"temp_max":21.0,"temp_min":8.1,"humidity_mean":52.0,"wind_speed_max":13.8,"wind_gusts_max":39.6,"precipitation":0.0,"soil_temp":21.1,"elevacion_centro":2276.14,"cloud_cover":15.0,"NDVI":0.28}},{"type":"Feature","geometry":{"type":"Point","coordinates":[27.58,43.91]},"properties":{"lat":43.91,"lon":27.58,"fecha":"2022-09-06","temp_mean":17.2,"temp_max":22.8,"temp_min":11.7,"humidity_mean":64.0,"wind_speed_max":11.8,"wind_gusts_max":22.7,"precipitation":0.0,"soil_temp":20.99,"elevacion_centro":201.58,"cloud_cover":28.0,"NDVI":0.2}},{"type":"Feature","geometry":{"type":"Point","coordinates":[4.76,52.21]},"properties":{"lat":52.21,"lon":4.76,"fecha":"2022-09-06","temp_mean":20.5,"temp_max":24.3,"temp_min":17.0,"humidity_mean":80.0,"wind_speed_max":15.3,"wind_gusts_max":31.0,"precipitation":7.5,"soil_temp":21.72,"elevacion_centro":-4.05,"cloud_cover":73.0,"NDVI":0.75}},{"type":"Feature","geometry":{"type":"Point","coordinates":[22.97,36.32]},"properties":{"lat":36.32,"lon":22.97,"fecha":"2022-09-06","temp_mean":24.5,"temp_max":27.8,"temp_min":22.5,"humidity_mean":51.0,"wind_speed_max":28.8,"wind_gusts_max":65.9,"precipitation":0.0,"soil_temp":30.69,"elevacion_centro":129.01,"cloud_cover":2.0,"NDVI":0.62}},{"type":"Feature","geometry":{"type":"Point","coordinates":[5.16,52.71]},"properties":{"lat":52.71,"lon":5.16,"fecha":"2022-09-06","temp_mean":20.9,"temp_max":23.8,"temp_min":18.8,"humidity_mean":77.0,"wind_speed_max":21.0,"wind_gusts_max":37.4,"precipitation":6.5,"soil_temp":21.14,"elevacion_centro":-2.1,"cloud_cover":77.0,"NDVI":0.41}},{"type":"Feature","geometry":{"type":"Point","coordinates":[22.67,53.23]},"properties":{"lat":53.23,"lon":22.67,"fecha":"2022-09-07","temp_mean":11.3,"temp_max":18.4,"temp_min":3.2,"humidity_mean":68.0,"wind_speed_max":8.0,"wind_gusts_max":18.7,"precipitation":0.0,"soil_temp":13.94,"elevacion_centro":100.65,"cloud_cover":23.0,"NDVI":0.6}},{"type":"Feature","geometry":{"type":"Point","coordinates":[9.54,36.75]},"properties":{"lat":36.75,"lon":9.54,"fecha":"2022-09-07","temp_mean":30.7,"temp_max":37.2,"temp_min":25.7,"humidity_mean":41.0,"wind_speed_max":16.1,"wind_gusts_max":36.7,"precipitation":0.0,"soil_temp":30.18,"elevacion_centro":397.55,"cloud_cover":96.0,"NDVI":0.13}},{"type":"Feature","geometry":{"type":"Point","coordinates":[30.22,53.48]},"properties":{"lat":53.48,"lon":30.22,"fecha":"2022-09-07","temp_mean":12.0,"temp_max":16.9,"temp_min":5.8,"humidity_mean":61.0,"wind_speed_max":20.9,"wind_gusts_max":39.2,"precipitation":1.2,"soil_temp":11.87,"elevacion_centro":151.59,"cloud_cover":90.0,"NDVI":0.27}},{"type":"Feature","geometry":{"type":"Point","coordinates":[25.04,43.81]},"properties":{"lat":43.81,"lon":25.04,"fecha":"2022-09-10","temp_mean":22.5,"temp_max":29.8,"temp_min":18.1,"humidity_mean":76.0,"wind_speed_max":25.2,"wind_gusts_max":43.6,"precipitation":3.1,"soil_temp":24.92,"elevacion_centro":94.48,"cloud_cover":61.0,"NDVI":0.16}},{"type":"Feature","geometry":{"type":"Point","coordinates":[15.79,37.98]},"properties":{"lat":37.98,"lon":15.79,"fecha":"2022-09-11","temp_mean":25.0,"temp_max":30.5,"temp_min":21.2,"humidity_mean":56.0,"wind_speed_max":23.6,"wind_gusts_max":52.6,"precipitation":0.0,"soil_temp":32.08,"elevacion_centro":366.37,"cloud_cover":14.0,"NDVI":0.17}},{"type":"Feature","geometry":{"type":"Point","coordinates":[21.98,38.26]},"properties":{"lat":38.26,"lon":21.98,"fecha":"2022-09-11","temp_mean":24.4,"temp_max":29.5,"temp_min":21.4,"humidity_mean":60.0,"wind_speed_max":19.8,"wind_gusts_max":68.0,"precipitation":0.0,"soil_temp":25.65,"elevacion_centro":472.54,"cloud_cover":6.0,"NDVI":0.41}},{"type":"Feature","geometry":{"type":"Point","coordinates":[13.56,37.54]},"properties":{"lat":37.54,"lon":13.56,"fecha":"2022-09-12","temp_mean":23.3,"temp_max":29.8,"temp_min":18.8,"humidity_mean":59.0,"wind_speed_max":14.5,"wind_gusts_max":39.2,"precipitation":0.0,"soil_temp":27.4,"elevacion_centro":481.25,"cloud_cover":2.0,"NDVI":0.1}},{"type":"Feature","geometry":{"type":"Point","coordinates":[21.42,37.64]},"properties":{"lat":37.64,"lon":21.42,"fecha":"2022-09-12","temp_mean":26.0,"temp_max":30.8,"temp_min":22.3,"humidity_mean":57.0,"wind_speed_max":23.1,"wind_gusts_max":45.7,"precipitation":0.0,"soil_temp":30.15,"elevacion_centro":6.0,"cloud_cover":1.0,"NDVI":0.45}},{"type":"Feature","geometry":{"type":"Point","coordinates":[-4.09,43.14]},"properties":{"lat":43.14,"lon":-4.09,"fecha":"2022-09-13","temp_mean":19.4,"temp_max":22.5,"temp_min":16.5,"humidity_mean":58.0,"wind_speed_max":23.1,"wind_gusts_max":60.8,"precipitation":0.3,"soil_temp":18.57,"elevacion_centro":804.03,"cloud_cover":92.0,"NDVI":0.77}},{"type":"Feature","geometry":{"type":"Point","coordinates":[28.39,37.06]},"properties":{"lat":37.06,"lon":28.39,"fecha":"2022-09-13","temp_mean":25.8,"temp_max":31.8,"temp_min":20.4,"humidity_mean":35.0,"wind_speed_max":16.6,"wind_gusts_max":39.6,"precipitation":0.0,"soil_temp":28.23,"elevacion_centro":344.13,"cloud_cover":0.0,"NDVI":0.5}},{"type":"Feature","geometry":{"type":"Point","coordinates":[7.28,36.69]},"properties":{"lat":36.69,"lon":7.28,"fecha":"2022-09-14","temp_mean":33.4,"temp_max":42.4,"temp_min":26.1,"humidity_mean":26.0,"wind_speed_max":18.4,"wind_gusts_max":48.6,"precipitation":0.0,"soil_temp":33.2,"elevacion_centro":298.28,"cloud_cover":31.0,"NDVI":0.37}},{"type":"Feature","geometry":{"type":"Point","coordinates":[6.93,36.63]},"properties":{"lat":36.63,"lon":6.93,"fecha":"2022-09-14","temp_mean":32.8,"temp_max":40.0,"temp_min":27.6,"humidity_mean":26.0,"wind_speed_max":15.7,"wind_gusts_max":35.6,"precipitation":0.0,"soil_temp":32.85,"elevacion_centro":484.13,"cloud_cover":36.0,"NDVI":0.39}},{"type":"Feature","geometry":{"type":"Point","coordinates":[9.32,37.2]},"properties":{"lat":37.2,"lon":9.32,"fecha":"2022-09-14","temp_mean":33.0,"temp_max":40.4,"temp_min":26.1,"humidity_mean":46.0,"wind_speed_max":25.0,"wind_gusts_max":45.0,"precipitation":0.0,"soil_temp":33.08,"elevacion_centro":75.2,"cloud_cover":47.0,"NDVI":0.12}},{"type":"Feature","geometry":{"type":"Point","coordinates":[-1.13,44.78]},"properties":{"lat":44.78,"lon":-1.13,"fecha":"2022-09-18","temp_mean":16.9,"temp_max":23.4,"temp_min":11.4,"humidity_mean":43.0,"wind_speed_max":17.2,"wind_gusts_max":32.4,"precipitation":0.0,"soil_temp":19.95,"elevacion_centro":8.0,"cloud_cover":60.0,"NDVI":0.52}},{"type":"Feature","geometry":{"type":"Point","coordinates":[-8.67,37.53]},"properties":{"lat":37.53,"lon":-8.67,"fecha":"2022-09-18","temp_mean":24.3,"temp_max":30.6,"temp_min":19.8,"humidity_mean":65.0,"wind_speed_max":29.7,"wind_gusts_max":51.1,"precipitation":0.1,"soil_temp":24.32,"elevacion_centro":92.09,"cloud_cover":46.0,"NDVI":0.26}},{"type":"Feature","geometry":{"type":"Point","coordinates":[26.09,44.93]},"properties":{"lat":44.93,"lon":26.09,"fecha":"2022-09-20","temp_mean":12.3,"temp_max":16.8,"temp_min":7.8,"humidity_mean":66.0,"wind_speed_max":9.8,"wind_gusts_max":20.5,"precipitation":0.0,"soil_temp":15.12,"elevacion_centro":134.98,"cloud_cover":28.0,"NDVI":0.31}},{"type":"Feature","geometry":{"type":"Point","coordinates":[26.67,44.18]},"properties":{"lat":44.18,"lon":26.67,"fecha":"2022-09-20","temp_mean":14.3,"temp_max":19.1,"temp_min":9.8,"humidity_mean":59.0,"wind_speed_max":20.2,"wind_gusts_max":39.6,"precipitation":0.0,"soil_temp":17.3,"elevacion_centro":40.42,"cloud_cover":53.0,"NDVI":0.14}},{"type":"Feature","geometry":{"type":"Point","coordinates":[28.34,36.84]},"properties":{"lat":36.84,"lon":28.34,"fecha":"2022-09-21","temp_mean":22.9,"temp_max":29.0,"temp_min":18.4,"humidity_mean":42.0,"wind_speed_max":26.8,"wind_gusts_max":73.1,"precipitation":0.0,"soil_temp":25.11,"elevacion_centro":229.98,"cloud_cover":26.0,"NDVI":0.4}},{"type":"Feature","geometry":{"type":"Point","coordinates":[29.31,36.3]},"properties":{"lat":36.3,"lon":29.31,"fecha":"2022-09-22","temp_mean":23.3,"temp_max":27.4,"temp_min":19.7,"humidity_mean":45.0,"wind_speed_max":25.2,"wind_gusts_max":55.8,"precipitation":0.0,"soil_temp":22.17,"elevacion_centro":5.48,"cloud_cover":10.0,"NDVI":0.49}},{"type":"Feature","geometry":{"type":"Point","coordinates":[-3.61,39.32]},"properties":{"lat":39.32,"lon":-3.61,"fecha":"2022-09-24","temp_mean":19.5,"temp_max":24.3,"temp_min":14.0,"humidity_mean":36.0,"wind_speed_max":19.4,"wind_gusts_max":45.0,"precipitation":0.9,"soil_temp":21.42,"elevacion_centro":949.34,"cloud_cover":72.0,"NDVI":0.38}},{"type":"Feature","geometry":{"type":"Point","coordinates":[29.05,45.11]},"properties":{"lat":45.11,"lon":29.05,"fecha":"2022-09-24","temp_mean":13.1,"temp_max":17.4,"temp_min":9.1,"humidity_mean":63.0,"wind_speed_max":19.1,"wind_gusts_max":36.7,"precipitation":0.1,"soil_temp":15.3,"elevacion_centro":2.02,"cloud_cover":50.0,"NDVI":0.6}},{"type":"Feature","geometry":{"type":"Point","coordinates":[-6.26,37.26]},"properties":{"lat":37.26,"lon":-6.26,"fecha":"2022-09-27","temp_mean":20.9,"temp_max":29.4,"temp_min":13.1,"humidity_mean":56.0,"wind_speed_max":21.0,"wind_gusts_max":41.8,"precipitation":0.0,"soil_temp":23.37,"elevacion_centro":9.8,"cloud_cover":0.0,"NDVI":0.61}},{"type":"Feature","geometry":{"type":"Point","coordinates":[6.98,36.83]},"properties":{"lat":36.83,"lon":6.98,"fecha":"2022-09-29","temp_mean":21.0,"temp_max":28.8,"temp_min":15.7,"humidity_mean":59.0,"wind_speed_max":19.8,"wind_gusts_max":41.8,"precipitation":0.0,"soil_temp":24.06,"elevacion_centro":304.46,"cloud_cover":21.0,"NDVI":0.34}},{"type":"Feature","geometry":{"type":"Point","coordinates":[14.22,37.19]},"properties":{"lat":37.19,"lon":14.22,"fecha":"2022-10-03","temp_mean":21.5,"temp_max":28.6,"temp_min":16.3,"humidity_mean":58.0,"wind_speed_max":16.7,"wind_gusts_max":35.3,"precipitation":0.0,"soil_temp":23.52,"elevacion_centro":323.6,"cloud_cover":9.0,"NDVI":0.12}},{"type":"Feature","geometry":{"type":"Point","coordinates":[9.24,39.51]},"properties":{"lat":39.51,"lon":9.24,"fecha":"2022-10-07","temp_mean":18.0,"temp_max":23.4,"temp_min":12.9,"humidity_mean":74.0,"wind_speed_max":10.3,"wind_gusts_max":24.1,"precipitation":0.0,"soil_temp":20.28,"elevacion_centro":555.45,"cloud_cover":22.0,"NDVI":0.48}},{"type":"Feature","geometry":{"type":"Point","coordinates":[23.06,44.12]},"properties":{"lat":44.12,"lon":23.06,"fecha":"2022-10-16","temp_mean":12.1,"temp_max":18.2,"temp_min":7.4,"humidity_mean":73.0,"wind_speed_max":10.6,"wind_gusts_max":23.0,"precipitation":0.0,"soil_temp":13.37,"elevacion_centro":82.62,"cloud_cover":0.0,"NDVI":0.12}},{"type":"Feature","geometry":{"type":"Point","coordinates":[23.21,43.99]},"properties":{"lat":43.99,"lon":23.21,"fecha":"2022-10-18","temp_mean":10.7,"temp_max":19.0,"temp_min":4.4,"humidity_mean":67.0,"wind_speed_max":11.2,"wind_gusts_max":24.5,"precipitation":0.0,"soil_temp":12.07,"elevacion_centro":59.33,"cloud_cover":1.0,"NDVI":0.22}},{"type":"Feature","geometry":{"type":"Point","coordinates":[25.75,41.87]},"properties":{"lat":41.87,"lon":25.75,"fecha":"2022-10-19","temp_mean":13.0,"temp_max":20.1,"temp_min":5.7,"humidity_mean":61.0,"wind_speed_max":9.5,"wind_gusts_max":22.3,"precipitation":0.0,"soil_temp":13.26,"elevacion_centro":290.85,"cloud_cover":0.0,"NDVI":0.41}},{"type":"Feature","geometry":{"type":"Point","coordinates":[28.14,45.62]},"properties":{"lat":45.62,"lon":28.14,"fecha":"2022-10-19","temp_mean":13.8,"temp_max":20.9,"temp_min":6.9,"humidity_mean":69.0,"wind_speed_max":19.6,"wind_gusts_max":39.2,"precipitation":0.0,"soil_temp":13.05,"elevacion_centro":4.28,"cloud_cover":37.0,"NDVI":0.26}},{"type":"Feature","geometry":{"type":"Point","coordinates":[24.81,41.05]},"properties":{"lat":41.05,"lon":24.81,"fecha":"2022-10-20","temp_mean":14.7,"temp_max":22.1,"temp_min":9.2,"humidity_mean":64.0,"wind_speed_max":11.1,"wind_gusts_max":21.6,"precipitation":0.0,"soil_temp":15.91,"elevacion_centro":39.05,"cloud_cover":3.0,"NDVI":0.28}},{"type":"Feature","geometry":{"type":"Point","coordinates":[6.03,36.6]},"properties":{"lat":36.6,"lon":6.03,"fecha":"2022-10-21","temp_mean":21.8,"temp_max":28.4,"temp_min":16.1,"humidity_mean":36.0,"wind_speed_max":6.8,"wind_gusts_max":20.9,"precipitation":0.0,"soil_temp":22.21,"elevacion_centro":915.84,"cloud_cover":34.0,"NDVI":0.38}},{"type":"Feature","geometry":{"type":"Point","coordinates":[6.3,36.71]},"properties":{"lat":36.71,"lon":6.3,"fecha":"2022-10-22","temp_mean":24.1,"temp_max":32.8,"temp_min":17.4,"humidity_mean":34.0,"wind_speed_max":14.2,"wind_gusts_max":43.2,"precipitation":0.0,"soil_temp":22.77,"elevacion_centro":517.03,"cloud_cover":11.0,"NDVI":0.56}},{"type":"Feature","geometry":{"type":"Point","coordinates":[4.31,36.84]},"properties":{"lat":36.84,"lon":4.31,"fecha":"2022-10-23","temp_mean":23.9,"temp_max":30.8,"temp_min":16.8,"humidity_mean":26.0,"wind_speed_max":16.1,"wind_gusts_max":43.2,"precipitation":0.0,"soil_temp":25.23,"elevacion_centro":621.16,"cloud_cover":1.0,"NDVI":0.53}},{"type":"Feature","geometry":{"type":"Point","coordinates":[-3.18,43.18]},"properties":{"lat":43.18,"lon":-3.18,"fecha":"2022-10-23","temp_mean":18.7,"temp_max":21.6,"temp_min":16.2,"humidity_mean":52.0,"wind_speed_max":40.4,"wind_gusts_max":106.2,"precipitation":0.0,"soil_temp":16.04,"elevacion_centro":461.44,"cloud_cover":75.0,"NDVI":0.37}},{"type":"Feature","geometry":{"type":"Point","coordinates":[3.57,36.77]},"properties":{"lat":36.77,"lon":3.57,"fecha":"2022-10-23","temp_mean":27.6,"temp_max":33.6,"temp_min":23.5,"humidity_mean":23.0,"wind_speed_max":23.9,"wind_gusts_max":51.1,"precipitation":0.0,"soil_temp":24.44,"elevacion_centro":116.47,"cloud_cover":18.0,"NDVI":0.28}},{"type":"Feature","geometry":{"type":"Point","coordinates":[5.03,36.78]},"properties":{"lat":36.78,"lon":5.03,"fecha":"2022-10-24","temp_mean":23.3,"temp_max":31.1,"temp_min":19.7,"humidity_mean":30.0,"wind_speed_max":24.6,"wind_gusts_max":50.8,"precipitation":0.0,"soil_temp":25.3,"elevacion_centro":363.63,"cloud_cover":35.0,"NDVI":0.3}},{"type":"Feature","geometry":{"type":"Point","coordinates":[30.03,38.18]},"properties":{"lat":38.18,"lon":30.03,"fecha":"2022-10-24","temp_mean":14.1,"temp_max":22.6,"temp_min":5.5,"humidity_mean":52.0,"wind_speed_max":8.8,"wind_gusts_max":21.6,"precipitation":0.0,"soil_temp":13.06,"elevacion_centro":819.43,"cloud_cover":1.0,"NDVI":0.57}},{"type":"Feature","geometry":{"type":"Point","coordinates":[24.23,44.05]},"properties":{"lat":44.05,"lon":24.23,"fecha":"2022-10-27","temp_mean":15.4,"temp_max":21.0,"temp_min":9.8,"humidity_mean":60.0,"wind_speed_max":11.1,"wind_gusts_max":21.2,"precipitation":0.0,"soil_temp":15.69,"elevacion_centro":130.0,"cloud_cover":18.0,"NDVI":0.41}},{"type":"Feature","geometry":{"type":"Point","coordinates":[27.23,42.6]},"properties":{"lat":42.6,"lon":27.23,"fecha":"2022-10-27","temp_mean":15.2,"temp_max":21.4,"temp_min":10.2,"humidity_mean":75.0,"wind_speed_max":14.4,"wind_gusts_max":27.0,"precipitation":0.0,"soil_temp":16.55,"elevacion_centro":113.25,"cloud_cover":38.0,"NDVI":0.09}},{"type":"Feature","geometry":{"type":"Point","coordinates":[24.99,43.4]},"properties":{"lat":43.4,"lon":24.99,"fecha":"2022-10-29","temp_mean":13.5,"temp_max":22.1,"temp_min":6.9,"humidity_mean":62.0,"wind_speed_max":9.1,"wind_gusts_max":15.5,"precipitation":0.0,"soil_temp":14.45,"elevacion_centro":126.39,"cloud_cover":9.0,"NDVI":0.21}},{"type":"Feature","geometry":{"type":"Point","coordinates":[26.71,42.58]},"properties":{"lat":42.58,"lon":26.71,"fecha":"2022-11-03","temp_mean":14.1,"temp_max":20.0,"temp_min":9.5,"humidity_mean":65.0,"wind_speed_max":14.7,"wind_gusts_max":28.4,"precipitation":0.2,"soil_temp":15.28,"elevacion_centro":150.81,"cloud_cover":50.0,"NDVI":0.27}},{"type":"Feature","geometry":{"type":"Point","coordinates":[8.81,36.92]},"properties":{"lat":36.92,"lon":8.81,"fecha":"2022-11-03","temp_mean":21.5,"temp_max":28.9,"temp_min":15.0,"humidity_mean":38.0,"wind_speed_max":18.0,"wind_gusts_max":43.9,"precipitation":0.0,"soil_temp":21.5,"elevacion_centro":355.37,"cloud_cover":12.0,"NDVI":0.51}},{"type":"Feature","geometry":{"type":"Point","coordinates":[21.29,37.99]},"properties":{"lat":37.99,"lon":21.29,"fecha":"2022-11-05","temp_mean":18.2,"temp_max":22.3,"temp_min":15.2,"humidity_mean":66.0,"wind_speed_max":34.5,"wind_gusts_max":68.4,"precipitation":20.1,"soil_temp":17.68,"elevacion_centro":1.28,"cloud_cover":74.0,"NDVI":0.43}},{"type":"Feature","geometry":{"type":"Point","coordinates":[32.58,38.7]},"properties":{"lat":38.7,"lon":32.58,"fecha":"2022-11-13","temp_mean":6.2,"temp_max":13.4,"temp_min":0.8,"humidity_mean":58.0,"wind_speed_max":10.5,"wind_gusts_max":22.0,"precipitation":0.0,"soil_temp":6.35,"elevacion_centro":1068.84,"cloud_cover":0.0,"NDVI":0.1}},{"type":"Feature","geometry":{"type":"Point","coordinates":[30.81,38.42]},"properties":{"lat":38.42,"lon":30.81,"fecha":"2022-11-19","temp_mean":12.2,"temp_max":19.1,"temp_min":8.2,"humidity_mean":78.0,"wind_speed_max":20.7,"wind_gusts_max":46.8,"precipitation":0.0,"soil_temp":9.66,"elevacion_centro":997.41,"cloud_cover":43.0,"NDVI":0.18}},{"type":"Feature","geometry":{"type":"Point","coordinates":[-5.35,39.33]},"properties":{"lat":39.33,"lon":-5.35,"fecha":"2022-12-02","temp_mean":7.0,"temp_max":11.2,"temp_min":4.1,"humidity_mean":71.0,"wind_speed_max":16.1,"wind_gusts_max":34.2,"precipitation":0.0,"soil_temp":6.88,"elevacion_centro":614.49,"cloud_cover":2.0,"NDVI":0.5}},{"type":"Feature","geometry":{"type":"Point","coordinates":[15.01,37.75]},"properties":{"lat":37.75,"lon":15.01,"fecha":"2023-01-03","temp_mean":-0.6,"temp_max":1.8,"temp_min":-2.8,"humidity_mean":68.0,"wind_speed_max":3.7,"wind_gusts_max":20.5,"precipitation":0.0,"soil_temp":10.88,"elevacion_centro":2636.06,"cloud_cover":31.0,"NDVI":-0.06}},{"type":"Feature","geometry":{"type":"Point","coordinates":[28.72,44.72]},"properties":{"lat":44.72,"lon":28.72,"fecha":"2023-01-06","temp_mean":6.2,"temp_max":9.8,"temp_min":1.0,"humidity_mean":72.0,"wind_speed_max":18.8,"wind_gusts_max":32.4,"precipitation":0.0,"soil_temp":6.66,"elevacion_centro":2.22,"cloud_cover":62.0,"NDVI":0.28}},{"type":"Feature","geometry":{"type":"Point","coordinates":[24.23,42.21]},"properties":{"lat":42.21,"lon":24.23,"fecha":"2023-01-06","temp_mean":8.0,"temp_max":15.1,"temp_min":1.9,"humidity_mean":60.0,"wind_speed_max":19.5,"wind_gusts_max":41.8,"precipitation":0.0,"soil_temp":3.41,"elevacion_centro":217.94,"cloud_cover":12.0,"NDVI":0.18}},{"type":"Feature","geometry":{"type":"Point","coordinates":[31.18,38.66]},"properties":{"lat":38.66,"lon":31.18,"fecha":"2023-01-07","temp_mean":0.8,"temp_max":5.8,"temp_min":-3.2,"humidity_mean":79.0,"wind_speed_max":11.5,"wind_gusts_max":24.1,"precipitation":0.0,"soil_temp":0.82,"elevacion_centro":963.98,"cloud_cover":1.0,"NDVI":0.18}},{"type":"Feature","geometry":{"type":"Point","coordinates":[18.67,49.68]},"properties":{"lat":49.68,"lon":18.67,"fecha":"2023-01-08","temp_mean":5.7,"temp_max":7.5,"temp_min":3.9,"humidity_mean":89.0,"wind_speed_max":22.4,"wind_gusts_max":47.2,"precipitation":0.0,"soil_temp":3.45,"elevacion_centro":315.34,"cloud_cover":98.0,"NDVI":0.06}},{"type":"Feature","geometry":{"type":"Point","coordinates":[28.81,44.69]},"properties":{"lat":44.69,"lon":28.81,"fecha":"2023-01-21","temp_mean":7.9,"temp_max":10.4,"temp_min":3.6,"humidity_mean":84.0,"wind_speed_max":24.7,"wind_gusts_max":41.8,"precipitation":0.0,"soil_temp":8.65,"elevacion_centro":0.86,"cloud_cover":35.0,"NDVI":0.24}},{"type":"Feature","geometry":{"type":"Point","coordinates":[22.69,44.34]},"properties":{"lat":44.34,"lon":22.69,"fecha":"2023-02-01","temp_mean":4.5,"temp_max":8.9,"temp_min":2.0,"humidity_mean":72.0,"wind_speed_max":20.6,"wind_gusts_max":42.5,"precipitation":1.1,"soil_temp":0.4,"elevacion_centro":55.48,"cloud_cover":85.0,"NDVI":0.28}},{"type":"Feature","geometry":{"type":"Point","coordinates":[-7.98,40.97]},"properties":{"lat":40.97,"lon":-7.98,"fecha":"2023-02-03","temp_mean":2.3,"temp_max":8.8,"temp_min":-1.3,"humidity_mean":63.0,"wind_speed_max":12.0,"wind_gusts_max":32.4,"precipitation":0.0,"soil_temp":5.31,"elevacion_centro":1345.98,"cloud_cover":0.0,"NDVI":0.43}},{"type":"Feature","geometry":{"type":"Point","coordinates":[-8.21,42.07]},"properties":{"lat":42.07,"lon":-8.21,"fecha":"2023-02-06","temp_mean":2.6,"temp_max":9.4,"temp_min":-2.1,"humidity_mean":59.0,"wind_speed_max":15.9,"wind_gusts_max":58.3,"precipitation":0.0,"soil_temp":5.09,"elevacion_centro":1174.72,"cloud_cover":11.0,"NDVI":0.59}},{"type":"Feature","geometry":{"type":"Point","coordinates":[23.36,41.09]},"properties":{"lat":41.09,"lon":23.36,"fecha":"2023-02-06","temp_mean":0.5,"temp_max":4.9,"temp_min":-3.1,"humidity_mean":50.0,"wind_speed_max":20.7,"wind_gusts_max":42.1,"precipitation":0.0,"soil_temp":0.23,"elevacion_centro":20.46,"cloud_cover":20.0,"NDVI":0.26}},{"type":"Feature","geometry":{"type":"Point","coordinates":[-8.16,41.66]},"properties":{"lat":41.66,"lon":-8.16,"fecha":"2023-02-06","temp_mean":8.8,"temp_max":14.1,"temp_min":5.6,"humidity_mean":47.0,"wind_speed_max":22.0,"wind_gusts_max":55.4,"precipitation":0.0,"soil_temp":5.41,"elevacion_centro":604.9,"cloud_cover":5.0,"NDVI":0.62}},{"type":"Feature","geometry":{"type":"Point","coordinates":[26.27,41.71]},"properties":{"lat":41.71,"lon":26.27,"fecha":"2023-02-07","temp_mean":-1.2,"temp_max":2.2,"temp_min":-3.5,"humidity_mean":57.0,"wind_speed_max":23.9,"wind_gusts_max":46.4,"precipitation":0.0,"soil_temp":-0.17,"elevacion_centro":43.42,"cloud_cover":57.0,"NDVI":0.22}},{"type":"Feature","geometry":{"type":"Point","coordinates":[-3.51,51.21]},"properties":{"lat":51.21,"lon":-3.51,"fecha":"2023-02-08","temp_mean":2.9,"temp_max":6.7,"temp_min":-1.6,"humidity_mean":84.0,"wind_speed_max":14.8,"wind_gusts_max":29.9,"precipitation":0.0,"soil_temp":2.67,"elevacion_centro":226.86,"cloud_cover":41.0,"NDVI":0.65}},{"type":"Feature","geometry":{"type":"Point","coordinates":[-8.21,42.23]},"properties":{"lat":42.23,"lon":-8.21,"fecha":"2023-02-09","temp_mean":3.6,"temp_max":10.9,"temp_min":-1.0,"humidity_mean":70.0,"wind_speed_max":11.1,"wind_gusts_max":31.3,"precipitation":0.0,"soil_temp":4.67,"elevacion_centro":681.64,"cloud_cover":1.0,"NDVI":0.57}},{"type":"Feature","geometry":{"type":"Point","coordinates":[26.51,44.23]},"properties":{"lat":44.23,"lon":26.51,"fecha":"2023-02-13","temp_mean":0.1,"temp_max":7.8,"temp_min":-4.1,"humidity_mean":74.0,"wind_speed_max":12.1,"wind_gusts_max":23.8,"precipitation":0.0,"soil_temp":-0.3,"elevacion_centro":35.9,"cloud_cover":35.0,"NDVI":0.26}},{"type":"Feature","geometry":{"type":"Point","coordinates":[-1.38,43.23]},"properties":{"lat":43.23,"lon":-1.38,"fecha":"2023-02-15","temp_mean":8.1,"temp_max":12.4,"temp_min":3.4,"humidity_mean":53.0,"wind_speed_max":22.9,"wind_gusts_max":65.5,"precipitation":0.0,"soil_temp":5.41,"elevacion_centro":803.18,"cloud_cover":28.0,"NDVI":0.01}},{"type":"Feature","geometry":{"type":"Point","coordinates":[-1.3,43.2]},"properties":{"lat":43.2,"lon":-1.3,"fecha":"2023-02-15","temp_mean":8.5,"temp_max":12.8,"temp_min":3.8,"humidity_mean":53.0,"wind_speed_max":22.9,"wind_gusts_max":65.5,"precipitation":0.0,"soil_temp":5.41,"elevacion_centro":727.33,"cloud_cover":28.0,"NDVI":0.38}},{"type":"Feature","geometry":{"type":"Point","coordinates":[-1.6,43.11]},"properties":{"lat":43.11,"lon":-1.6,"fecha":"2023-02-16","temp_mean":9.1,"temp_max":13.1,"temp_min":3.8,"humidity_mean":61.0,"wind_speed_max":8.9,"wind_gusts_max":25.6,"precipitation":0.0,"soil_temp":5.15,"elevacion_centro":470.04,"cloud_cover":8.0,"NDVI":0.49}},{"type":"Feature","geometry":{"type":"Point","coordinates":[6.34,43.85]},"properties":{"lat":43.85,"lon":6.34,"fecha":"2023-02-16","temp_mean":-0.0,"temp_max":7.1,"temp_min":-6.2,"humidity_mean":66.0,"wind_speed_max":8.4,"wind_gusts_max":26.3,"precipitation":0.0,"soil_temp":2.43,"elevacion_centro":1622.36,"cloud_cover":62.0,"NDVI":0.49}},{"type":"Feature","geometry":{"type":"Point","coordinates":[-1.51,43.21]},"properties":{"lat":43.21,"lon":-1.51,"fecha":"2023-02-18","temp_mean":6.8,"temp_max":15.7,"temp_min":-0.8,"humidity_mean":64.0,"wind_speed_max":7.2,"wind_gusts_max":23.4,"precipitation":0.0,"soil_temp":5.83,"elevacion_centro":792.6,"cloud_cover":0.0,"NDVI":0.54}},{"type":"Feature","geometry":{"type":"Point","coordinates":[-3.75,43.14]},"properties":{"lat":43.14,"lon":-3.75,"fecha":"2023-02-18","temp_mean":8.9,"temp_max":16.1,"temp_min":5.1,"humidity_mean":56.0,"wind_speed_max":11.2,"wind_gusts_max":32.0,"precipitation":0.0,"soil_temp":5.58,"elevacion_centro":741.35,"cloud_cover":0.0,"NDVI":0.47}},{"type":"Feature","geometry":{"type":"Point","coordinates":[21.69,40.71]},"properties":{"lat":40.71,"lon":21.69,"fecha":"2023-02-18","temp_mean":7.2,"temp_max":12.9,"temp_min":2.7,"humidity_mean":50.0,"wind_speed_max":4.6,"wind_gusts_max":16.2,"precipitation":0.0,"soil_temp":3.03,"elevacion_centro":572.26,"cloud_cover":36.0,"NDVI":0.27}},{"type":"Feature","geometry":{"type":"Point","coordinates":[-0.74,43.07]},"properties":{"lat":43.07,"lon":-0.74,"fecha":"2023-02-19","temp_mean":8.4,"temp_max":13.9,"temp_min":2.8,"humidity_mean":77.0,"wind_speed_max":6.1,"wind_gusts_max":20.2,"precipitation":0.0,"soil_temp":5.32,"elevacion_centro":430.56,"cloud_cover":30.0,"NDVI":0.61}},{"type":"Feature","geometry":{"type":"Point","coordinates":[22.63,40.63]},"properties":{"lat":40.63,"lon":22.63,"fecha":"2023-02-20","temp_mean":11.5,"temp_max":19.1,"temp_min":4.9,"humidity_mean":55.0,"wind_speed_max":19.5,"wind_gusts_max":38.2,"precipitation":0.0,"soil_temp":8.93,"elevacion_centro":2.6,"cloud_cover":32.0,"NDVI":0.13}},{"type":"Feature","geometry":{"type":"Point","coordinates":[22.65,40.56]},"properties":{"lat":40.56,"lon":22.65,"fecha":"2023-02-20","temp_mean":12.3,"temp_max":18.1,"temp_min":8.1,"humidity_mean":53.0,"wind_speed_max":18.4,"wind_gusts_max":38.5,"precipitation":0.0,"soil_temp":8.93,"elevacion_centro":-0.32,"cloud_cover":29.0,"NDVI":0.25}},{"type":"Feature","geometry":{"type":"Point","coordinates":[22.92,43.84]},"properties":{"lat":43.84,"lon":22.92,"fecha":"2023-02-20","temp_mean":9.8,"temp_max":13.3,"temp_min":7.3,"humidity_mean":55.0,"wind_speed_max":26.7,"wind_gusts_max":50.0,"precipitation":0.0,"soil_temp":7.77,"elevacion_centro":33.86,"cloud_cover":56.0,"NDVI":0.17}},{"type":"Feature","geometry":{"type":"Point","coordinates":[-1.11,43.07]},"properties":{"lat":43.07,"lon":-1.11,"fecha":"2023-02-20","temp_mean":11.6,"temp_max":20.3,"temp_min":4.3,"humidity_mean":64.0,"wind_speed_max":11.2,"wind_gusts_max":42.1,"precipitation":0.0,"soil_temp":8.55,"elevacion_centro":610.7,"cloud_cover":56.0,"NDVI":0.49}},{"type":"Feature","geometry":{"type":"Point","coordinates":[29.55,45.09]},"properties":{"lat":45.09,"lon":29.55,"fecha":"2023-02-20","temp_mean":6.0,"temp_max":8.4,"temp_min":4.1,"humidity_mean":65.0,"wind_speed_max":27.9,"wind_gusts_max":52.9,"precipitation":0.5,"soil_temp":7.59,"elevacion_centro":1.4,"cloud_cover":71.0,"NDVI":0.27}},{"type":"Feature","geometry":{"type":"Point","coordinates":[23.43,43.89]},"properties":{"lat":43.89,"lon":23.43,"fecha":"2023-02-21","temp_mean":13.1,"temp_max":19.2,"temp_min":8.1,"humidity_mean":47.0,"wind_speed_max":31.3,"wind_gusts_max":58.0,"precipitation":0.0,"soil_temp":7.96,"elevacion_centro":30.46,"cloud_cover":58.0,"NDVI":0.26}},{"type":"Feature","geometry":{"type":"Point","coordinates":[29.64,45.31]},"properties":{"lat":45.31,"lon":29.64,"fecha":"2023-02-25","temp_mean":9.3,"temp_max":14.0,"temp_min":4.4,"humidity_mean":78.0,"wind_speed_max":28.0,"wind_gusts_max":46.4,"precipitation":0.0,"soil_temp":7.74,"elevacion_centro":0.2,"cloud_cover":70.0,"NDVI":0.22}},{"type":"Feature","geometry":{"type":"Point","coordinates":[34.5,40.61]},"properties":{"lat":40.61,"lon":34.5,"fecha":"2023-02-25","temp_mean":7.5,"temp_max":16.9,"temp_min":-0.7,"humidity_mean":56.0,"wind_speed_max":15.6,"wind_gusts_max":32.0,"precipitation":0.0,"soil_temp":5.55,"elevacion_centro":511.03,"cloud_cover":23.0,"NDVI":0.2}},{"type":"Feature","geometry":{"type":"Point","coordinates":[25.89,39.27]},"properties":{"lat":39.27,"lon":25.89,"fecha":"2023-02-25","temp_mean":14.2,"temp_max":16.2,"temp_min":12.0,"humidity_mean":75.0,"wind_speed_max":34.9,"wind_gusts_max":67.7,"precipitation":0.0,"soil_temp":12.74,"elevacion_centro":64.36,"cloud_cover":23.0,"NDVI":0.39}},{"type":"Feature","geometry":{"type":"Point","coordinates":[20.36,48.29]},"properties":{"lat":48.29,"lon":20.36,"fecha":"2023-03-02","temp_mean":3.1,"temp_max":10.8,"temp_min":-3.9,"humidity_mean":65.0,"wind_speed_max":8.1,"wind_gusts_max":20.9,"precipitation":0.0,"soil_temp":1.47,"elevacion_centro":152.07,"cloud_cover":30.0,"NDVI":0.14}},{"type":"Feature","geometry":{"type":"Point","coordinates":[-7.84,40.97]},"properties":{"lat":40.97,"lon":-7.84,"fecha":"2023-03-04","temp_mean":4.1,"temp_max":10.5,"temp_min":-1.3,"humidity_mean":63.0,"wind_speed_max":14.5,"wind_gusts_max":32.0,"precipitation":0.0,"soil_temp":5.11,"elevacion_centro":1010.97,"cloud_cover":12.0,"NDVI":0.81}},{"type":"Feature","geometry":{"type":"Point","coordinates":[29.28,45.21]},"properties":{"lat":45.21,"lon":29.28,"fecha":"2023-03-05","temp_mean":5.5,"temp_max":9.9,"temp_min":2.2,"humidity_mean":75.0,"wind_speed_max":13.7,"wind_gusts_max":28.4,"precipitation":0.0,"soil_temp":6.51,"elevacion_centro":2.34,"cloud_cover":24.0,"NDVI":0.28}},{"type":"Feature","geometry":{"type":"Point","coordinates":[-6.27,43.3]},"properties":{"lat":43.3,"lon":-6.27,"fecha":"2023-03-10","temp_mean":11.7,"temp_max":16.4,"temp_min":7.5,"humidity_mean":67.0,"wind_speed_max":26.1,"wind_gusts_max":79.6,"precipitation":0.0,"soil_temp":12.7,"elevacion_centro":804.77,"cloud_cover":68.0,"NDVI":0.51}},{"type":"Feature","geometry":{"type":"Point","coordinates":[-3.52,56.62]},"properties":{"lat":56.62,"lon":-3.52,"fecha":"2023-03-10","temp_mean":-1.4,"temp_max":2.9,"temp_min":-4.6,"humidity_mean":62.0,"wind_speed_max":15.4,"wind_gusts_max":35.3,"precipitation":0.0,"soil_temp":-0.85,"elevacion_centro":453.91,"cloud_cover":38.0,"NDVI":0.46}},{"type":"Feature","geometry":{"type":"Point","coordinates":[-1.87,42.29]},"properties":{"lat":42.29,"lon":-1.87,"fecha":"2023-03-11","temp_mean":15.5,"temp_max":22.8,"temp_min":9.1,"humidity_mean":66.0,"wind_speed_max":32.0,"wind_gusts_max":63.7,"precipitation":0.1,"soil_temp":12.75,"elevacion_centro":350.94,"cloud_cover":69.0,"NDVI":0.39}},{"type":"Feature","geometry":{"type":"Point","coordinates":[29.66,45.23]},"properties":{"lat":45.23,"lon":29.66,"fecha":"2023-03-11","temp_mean":12.2,"temp_max":16.4,"temp_min":9.1,"humidity_mean":83.0,"wind_speed_max":26.6,"wind_gusts_max":47.5,"precipitation":4.7,"soil_temp":12.61,"elevacion_centro":-1.24,"cloud_cover":98.0,"NDVI":0.24}},{"type":"Feature","geometry":{"type":"Point","coordinates":[20.32,47.37]},"properties":{"lat":47.37,"lon":20.32,"fecha":"2023-03-13","temp_mean":7.4,"temp_max":12.8,"temp_min":1.6,"humidity_mean":52.0,"wind_speed_max":22.4,"wind_gusts_max":41.0,"precipitation":0.0,"soil_temp":4.82,"elevacion_centro":85.87,"cloud_cover":92.0,"NDVI":0.35}},{"type":"Feature","geometry":{"type":"Point","coordinates":[29.61,45.13]},"properties":{"lat":45.13,"lon":29.61,"fecha":"2023-03-14","temp_mean":6.3,"temp_max":10.6,"temp_min":3.2,"humidity_mean":75.0,"wind_speed_max":17.2,"wind_gusts_max":35.6,"precipitation":0.0,"soil_temp":6.71,"elevacion_centro":0.49,"cloud_cover":2.0,"NDVI":0.33}},{"type":"Feature","geometry":{"type":"Point","coordinates":[23.86,53.31]},"properties":{"lat":53.31,"lon":23.86,"fecha":"2023-03-18","temp_mean":4.2,"temp_max":8.5,"temp_min":-0.9,"humidity_mean":65.0,"wind_speed_max":24.6,"wind_gusts_max":47.2,"precipitation":0.0,"soil_temp":1.35,"elevacion_centro":115.3,"cloud_cover":95.0,"NDVI":0.25}},{"type":"Feature","geometry":{"type":"Point","coordinates":[-0.58,40.06]},"properties":{"lat":40.06,"lon":-0.58,"fecha":"2023-03-23","temp_mean":15.7,"temp_max":24.8,"temp_min":8.1,"humidity_mean":41.0,"wind_speed_max":19.6,"wind_gusts_max":45.0,"precipitation":0.0,"soil_temp":14.67,"elevacion_centro":733.93,"cloud_cover":54.0,"NDVI":0.58}},{"type":"Feature","geometry":{"type":"Point","coordinates":[-2.09,37.1]},"properties":{"lat":37.1,"lon":-2.09,"fecha":"2023-03-23","temp_mean":17.7,"temp_max":24.2,"temp_min":11.7,"humidity_mean":28.0,"wind_speed_max":16.2,"wind_gusts_max":38.9,"precipitation":0.0,"soil_temp":17.26,"elevacion_centro":336.17,"cloud_cover":8.0,"NDVI":0.33}},{"type":"Feature","geometry":{"type":"Point","coordinates":[29.34,45.18]},"properties":{"lat":45.18,"lon":29.34,"fecha":"2023-03-25","temp_mean":10.5,"temp_max":15.1,"temp_min":7.4,"humidity_mean":82.0,"wind_speed_max":25.7,"wind_gusts_max":47.2,"precipitation":0.0,"soil_temp":11.14,"elevacion_centro":1.19,"cloud_cover":76.0,"NDVI":0.25}},{"type":"Feature","geometry":{"type":"Point","coordinates":[-0.5,39.33]},"properties":{"lat":39.33,"lon":-0.5,"fecha":"2023-03-25","temp_mean":17.5,"temp_max":22.4,"temp_min":12.9,"humidity_mean":60.0,"wind_speed_max":18.2,"wind_gusts_max":39.2,"precipitation":0.0,"soil_temp":17.45,"elevacion_centro":124.67,"cloud_cover":33.0,"NDVI":0.44}},{"type":"Feature","geometry":{"type":"Point","coordinates":[-5.76,40.31]},"properties":{"lat":40.31,"lon":-5.76,"fecha":"2023-03-28","temp_mean":10.1,"temp_max":13.4,"temp_min":5.6,"humidity_mean":38.0,"wind_speed_max":6.3,"wind_gusts_max":36.7,"precipitation":0.0,"soil_temp":10.67,"elevacion_centro":1919.56,"cloud_cover":58.0,"NDVI":0.36}},{"type":"Feature","geometry":{"type":"Point","coordinates":[-6.75,43.29]},"properties":{"lat":43.29,"lon":-6.75,"fecha":"2023-03-29","temp_mean":15.5,"temp_max":21.6,"temp_min":11.1,"humidity_mean":54.0,"wind_speed_max":24.4,"wind_gusts_max":71.3,"precipitation":0.0,"soil_temp":15.05,"elevacion_centro":605.5,"cloud_cover":74.0,"NDVI":0.65}},{"type":"Feature","geometry":{"type":"Point","coordinates":[-6.61,43.31]},"properties":{"lat":43.31,"lon":-6.61,"fecha":"2023-03-29","temp_mean":14.6,"temp_max":20.3,"temp_min":10.3,"humidity_mean":46.0,"wind_speed_max":25.0,"wind_gusts_max":67.3,"precipitation":0.0,"soil_temp":15.05,"elevacion_centro":959.21,"cloud_cover":74.0,"NDVI":0.59}},{"type":"Feature","geometry":{"type":"Point","coordinates":[-5.16,43.31]},"properties":{"lat":43.31,"lon":-5.16,"fecha":"2023-03-30","temp_mean":16.5,"temp_max":23.1,"temp_min":9.6,"humidity_mean":56.0,"wind_speed_max":15.4,"wind_gusts_max":43.6,"precipitation":0.0,"soil_temp":13.72,"elevacion_centro":286.62,"cloud_cover":65.0,"NDVI":0.54}},{"type":"Feature","geometry":{"type":"Point","coordinates":[-0.52,42.84]},"properties":{"lat":42.84,"lon":-0.52,"fecha":"2023-03-30","temp_mean":8.9,"temp_max":12.3,"temp_min":4.9,"humidity_mean":58.0,"wind_speed_max":15.2,"wind_gusts_max":65.9,"precipitation":0.0,"soil_temp":11.98,"elevacion_centro":1667.31,"cloud_cover":83.0,"NDVI":-0.01}},{"type":"Feature","geometry":{"type":"Point","coordinates":[-6.31,43.24]},"properties":{"lat":43.24,"lon":-6.31,"fecha":"2023-03-30","temp_mean":11.3,"temp_max":15.2,"temp_min":7.4,"humidity_mean":60.0,"wind_speed_max":24.2,"wind_gusts_max":91.4,"precipitation":0.0,"soil_temp":8.52,"elevacion_centro":1130.57,"cloud_cover":73.0,"NDVI":0.29}},{"type":"Feature","geometry":{"type":"Point","coordinates":[-5.41,43.22]},"properties":{"lat":43.22,"lon":-5.41,"fecha":"2023-03-30","temp_mean":12.2,"temp_max":17.0,"temp_min":7.6,"humidity_mean":60.0,"wind_speed_max":20.4,"wind_gusts_max":71.3,"precipitation":0.0,"soil_temp":8.66,"elevacion_centro":908.77,"cloud_cover":67.0,"NDVI":0.6}},{"type":"Feature","geometry":{"type":"Point","coordinates":[-5.75,43.0]},"properties":{"lat":43.0,"lon":-5.75,"fecha":"2023-03-30","temp_mean":6.5,"temp_max":10.4,"temp_min":3.5,"humidity_mean":76.0,"wind_speed_max":25.3,"wind_gusts_max":71.3,"precipitation":0.0,"soil_temp":8.66,"elevacion_centro":1599.26,"cloud_cover":85.0,"NDVI":0.22}},{"type":"Feature","geometry":{"type":"Point","coordinates":[-7.2,43.08]},"properties":{"lat":43.08,"lon":-7.2,"fecha":"2023-03-30","temp_mean":11.0,"temp_max":14.4,"temp_min":7.9,"humidity_mean":80.0,"wind_speed_max":37.7,"wind_gusts_max":84.2,"precipitation":2.2,"soil_temp":11.82,"elevacion_centro":789.53,"cloud_cover":86.0,"NDVI":0.5}},{"type":"Feature","geometry":{"type":"Point","coordinates":[-0.28,39.01]},"properties":{"lat":39.01,"lon":-0.28,"fecha":"2023-04-02","temp_mean":13.4,"temp_max":19.2,"temp_min":8.5,"humidity_mean":38.0,"wind_speed_max":15.5,"wind_gusts_max":43.9,"precipitation":2.4,"soil_temp":17.53,"elevacion_centro":637.57,"cloud_cover":12.0,"NDVI":0.47}},{"type":"Feature","geometry":{"type":"Point","coordinates":[-3.63,39.66]},"properties":{"lat":39.66,"lon":-3.63,"fecha":"2023-04-04","temp_mean":14.0,"temp_max":20.6,"temp_min":6.3,"humidity_mean":25.0,"wind_speed_max":20.5,"wind_gusts_max":36.7,"precipitation":0.0,"soil_temp":12.23,"elevacion_centro":658.23,"cloud_cover":26.0,"NDVI":0.39}},{"type":"Feature","geometry":{"type":"Point","coordinates":[-8.27,41.31]},"properties":{"lat":41.31,"lon":-8.27,"fecha":"2023-04-05","temp_mean":12.3,"temp_max":19.2,"temp_min":6.9,"humidity_mean":49.0,"wind_speed_max":16.3,"wind_gusts_max":31.7,"precipitation":0.0,"soil_temp":10.56,"elevacion_centro":441.29,"cloud_cover":54.0,"NDVI":0.29}},{"type":"Feature","geometry":{"type":"Point","coordinates":[33.31,53.03]},"properties":{"lat":53.03,"lon":33.31,"fecha":"2023-04-06","temp_mean":12.1,"temp_max":16.2,"temp_min":8.4,"humidity_mean":63.0,"wind_speed_max":27.5,"wind_gusts_max":47.9,"precipitation":0.1,"soil_temp":9.25,"elevacion_centro":167.73,"cloud_cover":94.0,"NDVI":-0.02}},{"type":"Feature","geometry":{"type":"Point","coordinates":[-8.23,40.98]},"properties":{"lat":40.98,"lon":-8.23,"fecha":"2023-04-07","temp_mean":16.3,"temp_max":22.6,"temp_min":9.8,"humidity_mean":46.0,"wind_speed_max":10.3,"wind_gusts_max":22.7,"precipitation":0.0,"soil_temp":13.08,"elevacion_centro":536.06,"cloud_cover":34.0,"NDVI":0.38}},{"type":"Feature","geometry":{"type":"Point","coordinates":[21.57,54.96]},"properties":{"lat":54.96,"lon":21.57,"fecha":"2023-04-07","temp_mean":9.7,"temp_max":16.4,"temp_min":4.2,"humidity_mean":79.0,"wind_speed_max":16.9,"wind_gusts_max":33.1,"precipitation":0.0,"soil_temp":6.34,"elevacion_centro":0.77,"cloud_cover":77.0,"NDVI":0.22}},{"type":"Feature","geometry":{"type":"Point","coordinates":[-6.59,43.48]},"properties":{"lat":43.48,"lon":-6.59,"fecha":"2023-04-08","temp_mean":16.2,"temp_max":23.0,"temp_min":7.4,"humidity_mean":58.0,"wind_speed_max":9.1,"wind_gusts_max":27.7,"precipitation":0.0,"soil_temp":14.85,"elevacion_centro":266.26,"cloud_cover":99.0,"NDVI":0.57}},{"type":"Feature","geometry":{"type":"Point","coordinates":[-8.52,41.6]},"properties":{"lat":41.6,"lon":-8.52,"fecha":"2023-04-08","temp_mean":15.6,"temp_max":25.2,"temp_min":7.2,"humidity_mean":69.0,"wind_speed_max":14.9,"wind_gusts_max":31.7,"precipitation":0.0,"soil_temp":15.13,"elevacion_centro":139.54,"cloud_cover":78.0,"NDVI":0.82}},{"type":"Feature","geometry":{"type":"Point","coordinates":[32.85,53.92]},"properties":{"lat":53.92,"lon":32.85,"fecha":"2023-04-08","temp_mean":8.7,"temp_max":13.9,"temp_min":3.3,"humidity_mean":57.0,"wind_speed_max":14.2,"wind_gusts_max":29.5,"precipitation":0.0,"soil_temp":6.42,"elevacion_centro":230.88,"cloud_cover":47.0,"NDVI":-0.01}},{"type":"Feature","geometry":{"type":"Point","coordinates":[-8.59,42.01]},"properties":{"lat":42.01,"lon":-8.59,"fecha":"2023-04-09","temp_mean":13.1,"temp_max":19.6,"temp_min":8.6,"humidity_mean":75.0,"wind_speed_max":10.5,"wind_gusts_max":27.0,"precipitation":0.0,"soil_temp":12.82,"elevacion_centro":438.6,"cloud_cover":82.0,"NDVI":0.64}},{"type":"Feature","geometry":{"type":"Point","coordinates":[-6.65,43.13]},"properties":{"lat":43.13,"lon":-6.65,"fecha":"2023-04-09","temp_mean":12.0,"temp_max":17.9,"temp_min":5.6,"humidity_mean":54.0,"wind_speed_max":13.4,"wind_gusts_max":36.4,"precipitation":0.0,"soil_temp":11.84,"elevacion_centro":1081.91,"cloud_cover":82.0,"NDVI":0.52}},{"type":"Feature","geometry":{"type":"Point","coordinates":[33.62,55.21]},"properties":{"lat":55.21,"lon":33.62,"fecha":"2023-04-10","temp_mean":8.4,"temp_max":14.1,"temp_min":2.5,"humidity_mean":72.0,"wind_speed_max":9.4,"wind_gusts_max":23.0,"precipitation":0.6,"soil_temp":6.4,"elevacion_centro":209.77,"cloud_cover":42.0,"NDVI":0.06}},{"type":"Feature","geometry":{"type":"Point","coordinates":[21.21,54.44]},"properties":{"lat":54.44,"lon":21.21,"fecha":"2023-04-11","temp_mean":11.0,"temp_max":16.2,"temp_min":5.2,"humidity_mean":71.0,"wind_speed_max":22.4,"wind_gusts_max":47.2,"precipitation":0.2,"soil_temp":9.58,"elevacion_centro":23.64,"cloud_cover":21.0,"NDVI":0.17}},{"type":"Feature","geometry":{"type":"Point","coordinates":[-2.39,40.78]},"properties":{"lat":40.78,"lon":-2.39,"fecha":"2023-04-11","temp_mean":15.5,"temp_max":23.0,"temp_min":6.6,"humidity_mean":40.0,"wind_speed_max":19.3,"wind_gusts_max":42.5,"precipitation":0.0,"soil_temp":14.47,"elevacion_centro":1084.56,"cloud_cover":27.0,"NDVI":0.65}},{"type":"Feature","geometry":{"type":"Point","coordinates":[32.64,54.97]},"properties":{"lat":54.97,"lon":32.64,"fecha":"2023-04-11","temp_mean":8.6,"temp_max":16.0,"temp_min":0.1,"humidity_mean":62.0,"wind_speed_max":11.9,"wind_gusts_max":18.0,"precipitation":0.0,"soil_temp":7.98,"elevacion_centro":197.43,"cloud_cover":14.0,"NDVI":0.25}},{"type":"Feature","geometry":{"type":"Point","coordinates":[20.99,54.75]},"properties":{"lat":54.75,"lon":20.99,"fecha":"2023-04-12","temp_mean":11.0,"temp_max":17.2,"temp_min":5.6,"humidity_mean":68.0,"wind_speed_max":17.2,"wind_gusts_max":38.2,"precipitation":0.1,"soil_temp":9.56,"elevacion_centro":13.59,"cloud_cover":48.0,"NDVI":0.24}},{"type":"Feature","geometry":{"type":"Point","coordinates":[32.79,53.95]},"properties":{"lat":53.95,"lon":32.79,"fecha":"2023-04-12","temp_mean":11.4,"temp_max":16.5,"temp_min":6.1,"humidity_mean":47.0,"wind_speed_max":25.1,"wind_gusts_max":45.7,"precipitation":0.0,"soil_temp":8.22,"elevacion_centro":212.56,"cloud_cover":94.0,"NDVI":0.02}},{"type":"Feature","geometry":{"type":"Point","coordinates":[-7.61,40.24]},"properties":{"lat":40.24,"lon":-7.61,"fecha":"2023-04-13","temp_mean":8.4,"temp_max":13.0,"temp_min":3.6,"humidity_mean":69.0,"wind_speed_max":17.7,"wind_gusts_max":43.6,"precipitation":0.0,"soil_temp":10.23,"elevacion_centro":616.02,"cloud_cover":95.0,"NDVI":0.58}},{"type":"Feature","geometry":{"type":"Point","coordinates":[-1.13,37.74]},"properties":{"lat":37.74,"lon":-1.13,"fecha":"2023-04-16","temp_mean":17.0,"temp_max":20.6,"temp_min":12.1,"humidity_mean":55.0,"wind_speed_max":24.0,"wind_gusts_max":47.9,"precipitation":0.0,"soil_temp":20.18,"elevacion_centro":134.79,"cloud_cover":14.0,"NDVI":0.06}},{"type":"Feature","geometry":{"type":"Point","coordinates":[31.72,57.22]},"properties":{"lat":57.22,"lon":31.72,"fecha":"2023-04-18","temp_mean":9.1,"temp_max":14.5,"temp_min":4.6,"humidity_mean":57.0,"wind_speed_max":11.2,"wind_gusts_max":27.0,"precipitation":0.0,"soil_temp":6.05,"elevacion_centro":97.42,"cloud_cover":61.0,"NDVI":0.16}},{"type":"Feature","geometry":{"type":"Point","coordinates":[32.74,53.88]},"properties":{"lat":53.88,"lon":32.74,"fecha":"2023-04-19","temp_mean":10.8,"temp_max":16.3,"temp_min":5.8,"humidity_mean":50.0,"wind_speed_max":25.6,"wind_gusts_max":46.8,"precipitation":0.0,"soil_temp":8.83,"elevacion_centro":216.35,"cloud_cover":60.0,"NDVI":0.05}},{"type":"Feature","geometry":{"type":"Point","coordinates":[33.45,55.16]},"properties":{"lat":55.16,"lon":33.45,"fecha":"2023-04-21","temp_mean":9.0,"temp_max":15.9,"temp_min":3.2,"humidity_mean":55.0,"wind_speed_max":18.0,"wind_gusts_max":34.9,"precipitation":0.0,"soil_temp":8.09,"elevacion_centro":202.25,"cloud_cover":16.0,"NDVI":0.27}},{"type":"Feature","geometry":{"type":"Point","coordinates":[9.0,36.87]},"properties":{"lat":36.87,"lon":9.0,"fecha":"2023-04-24","temp_mean":15.2,"temp_max":20.4,"temp_min":11.0,"humidity_mean":66.0,"wind_speed_max":12.9,"wind_gusts_max":31.7,"precipitation":0.0,"soil_temp":18.57,"elevacion_centro":574.71,"cloud_cover":27.0,"NDVI":0.4}},{"type":"Feature","geometry":{"type":"Point","coordinates":[32.63,55.61]},"properties":{"lat":55.61,"lon":32.63,"fecha":"2023-04-24","temp_mean":13.0,"temp_max":19.3,"temp_min":7.4,"humidity_mean":52.0,"wind_speed_max":18.9,"wind_gusts_max":39.2,"precipitation":0.0,"soil_temp":10.5,"elevacion_centro":194.54,"cloud_cover":34.0,"NDVI":0.27}},{"type":"Feature","geometry":{"type":"Point","coordinates":[30.6,59.73]},"properties":{"lat":59.73,"lon":30.6,"fecha":"2023-04-24","temp_mean":13.1,"temp_max":21.1,"temp_min":6.1,"humidity_mean":63.0,"wind_speed_max":25.0,"wind_gusts_max":55.1,"precipitation":0.0,"soil_temp":10.93,"elevacion_centro":11.72,"cloud_cover":37.0,"NDVI":0.12}},{"type":"Feature","geometry":{"type":"Point","coordinates":[23.35,37.6]},"properties":{"lat":37.6,"lon":23.35,"fecha":"2023-04-27","temp_mean":13.8,"temp_max":17.9,"temp_min":10.2,"humidity_mean":54.0,"wind_speed_max":19.5,"wind_gusts_max":55.4,"precipitation":0.0,"soil_temp":19.12,"elevacion_centro":347.96,"cloud_cover":28.0,"NDVI":0.55}},{"type":"Feature","geometry":{"type":"Point","coordinates":[1.97,36.36]},"properties":{"lat":36.36,"lon":1.97,"fecha":"2023-04-28","temp_mean":27.0,"temp_max":35.8,"temp_min":18.6,"humidity_mean":21.0,"wind_speed_max":14.3,"wind_gusts_max":35.6,"precipitation":0.0,"soil_temp":26.45,"elevacion_centro":766.21,"cloud_cover":32.0,"NDVI":0.35}},{"type":"Feature","geometry":{"type":"Point","coordinates":[-6.88,37.3]},"properties":{"lat":37.3,"lon":-6.88,"fecha":"2023-04-29","temp_mean":24.5,"temp_max":29.8,"temp_min":19.5,"humidity_mean":43.0,"wind_speed_max":19.3,"wind_gusts_max":40.3,"precipitation":0.6,"soil_temp":25.37,"elevacion_centro":6.93,"cloud_cover":75.0,"NDVI":0.87}},{"type":"Feature","geometry":{"type":"Point","coordinates":[7.28,52.36]},"properties":{"lat":52.36,"lon":7.28,"fecha":"2023-04-30","temp_mean":9.7,"temp_max":15.4,"temp_min":3.1,"humidity_mean":75.0,"wind_speed_max":10.8,"wind_gusts_max":25.9,"precipitation":0.0,"soil_temp":10.31,"elevacion_centro":34.18,"cloud_cover":40.0,"NDVI":0.18}},{"type":"Feature","geometry":{"type":"Point","coordinates":[3.35,50.3]},"properties":{"lat":50.3,"lon":3.35,"fecha":"2023-05-03","temp_mean":10.4,"temp_max":16.4,"temp_min":3.3,"humidity_mean":71.0,"wind_speed_max":19.2,"wind_gusts_max":35.6,"precipitation":0.0,"soil_temp":10.98,"elevacion_centro":34.74,"cloud_cover":37.0,"NDVI":0.51}},{"type":"Feature","geometry":{"type":"Point","coordinates":[9.95,45.15]},"properties":{"lat":45.15,"lon":9.95,"fecha":"2023-05-03","temp_mean":15.2,"temp_max":20.1,"temp_min":10.1,"humidity_mean":75.0,"wind_speed_max":14.7,"wind_gusts_max":30.2,"precipitation":0.1,"soil_temp":15.05,"elevacion_centro":45.36,"cloud_cover":13.0,"NDVI":0.35}},{"type":"Feature","geometry":{"type":"Point","coordinates":[-3.52,40.73]},"properties":{"lat":40.73,"lon":-3.52,"fecha":"2023-05-08","temp_mean":20.8,"temp_max":28.8,"temp_min":12.8,"humidity_mean":47.0,"wind_speed_max":12.4,"wind_gusts_max":23.4,"precipitation":0.0,"soil_temp":20.75,"elevacion_centro":636.84,"cloud_cover":74.0,"NDVI":0.12}},{"type":"Feature","geometry":{"type":"Point","coordinates":[-7.59,41.28]},"properties":{"lat":41.28,"lon":-7.59,"fecha":"2023-05-12","temp_mean":12.4,"temp_max":17.0,"temp_min":7.7,"humidity_mean":55.0,"wind_speed_max":19.9,"wind_gusts_max":46.4,"precipitation":0.0,"soil_temp":11.99,"elevacion_centro":632.99,"cloud_cover":13.0,"NDVI":0.59}},{"type":"Feature","geometry":{"type":"Point","coordinates":[20.31,54.58]},"properties":{"lat":54.58,"lon":20.31,"fecha":"2023-05-12","temp_mean":14.3,"temp_max":21.4,"temp_min":7.3,"humidity_mean":48.0,"wind_speed_max":18.9,"wind_gusts_max":41.0,"precipitation":0.0,"soil_temp":12.24,"elevacion_centro":0.19,"cloud_cover":11.0,"NDVI":0.24}},{"type":"Feature","geometry":{"type":"Point","coordinates":[27.73,52.44]},"properties":{"lat":52.44,"lon":27.73,"fecha":"2023-05-14","temp_mean":17.2,"temp_max":23.5,"temp_min":9.8,"humidity_mean":53.0,"wind_speed_max":11.4,"wind_gusts_max":18.4,"precipitation":0.0,"soil_temp":15.09,"elevacion_centro":133.37,"cloud_cover":14.0,"NDVI":0.48}},{"type":"Feature","geometry":{"type":"Point","coordinates":[25.71,60.61]},"properties":{"lat":60.61,"lon":25.71,"fecha":"2023-05-15","temp_mean":15.7,"temp_max":21.6,"temp_min":8.8,"humidity_mean":54.0,"wind_speed_max":13.8,"wind_gusts_max":34.6,"precipitation":0.1,"soil_temp":12.69,"elevacion_centro":81.69,"cloud_cover":48.0,"NDVI":0.32}},{"type":"Feature","geometry":{"type":"Point","coordinates":[-0.24,35.81]},"properties":{"lat":35.81,"lon":-0.24,"fecha":"2023-05-15","temp_mean":20.2,"temp_max":26.1,"temp_min":14.1,"humidity_mean":54.0,"wind_speed_max":16.6,"wind_gusts_max":38.9,"precipitation":0.1,"soil_temp":22.01,"elevacion_centro":4.11,"cloud_cover":8.0,"NDVI":0.12}},{"type":"Feature","geometry":{"type":"Point","coordinates":[4.84,43.84]},"properties":{"lat":43.84,"lon":4.84,"fecha":"2023-05-15","temp_mean":17.5,"temp_max":22.0,"temp_min":13.2,"humidity_mean":56.0,"wind_speed_max":40.4,"wind_gusts_max":73.1,"precipitation":0.0,"soil_temp":16.91,"elevacion_centro":19.74,"cloud_cover":28.0,"NDVI":0.24}},{"type":"Feature","geometry":{"type":"Point","coordinates":[22.22,65.56]},"properties":{"lat":65.56,"lon":22.22,"fecha":"2023-05-16","temp_mean":9.5,"temp_max":12.9,"temp_min":5.8,"humidity_mean":78.0,"wind_speed_max":19.0,"wind_gusts_max":40.0,"precipitation":3.0,"soil_temp":9.47,"elevacion_centro":2.44,"cloud_cover":74.0,"NDVI":0.04}},{"type":"Feature","geometry":{"type":"Point","coordinates":[-6.45,40.28]},"properties":{"lat":40.28,"lon":-6.45,"fecha":"2023-05-18","temp_mean":15.5,"temp_max":22.0,"temp_min":8.1,"humidity_mean":35.0,"wind_speed_max":25.9,"wind_gusts_max":57.6,"precipitation":0.0,"soil_temp":13.55,"elevacion_centro":626.31,"cloud_cover":37.0,"NDVI":0.46}},{"type":"Feature","geometry":{"type":"Point","coordinates":[24.4,55.0]},"properties":{"lat":55.0,"lon":24.4,"fecha":"2023-05-21","temp_mean":15.6,"temp_max":22.3,"temp_min":7.3,"humidity_mean":59.0,"wind_speed_max":13.0,"wind_gusts_max":29.5,"precipitation":0.0,"soil_temp":13.56,"elevacion_centro":80.8,"cloud_cover":55.0,"NDVI":0.43}},{"type":"Feature","geometry":{"type":"Point","coordinates":[-4.78,57.31]},"properties":{"lat":57.31,"lon":-4.78,"fecha":"2023-05-30","temp_mean":13.3,"temp_max":21.2,"temp_min":5.5,"humidity_mean":77.0,"wind_speed_max":13.3,"wind_gusts_max":29.5,"precipitation":0.0,"soil_temp":11.58,"elevacion_centro":329.29,"cloud_cover":19.0,"NDVI":0.34}},{"type":"Feature","geometry":{"type":"Point","coordinates":[23.97,53.87]},"properties":{"lat":53.87,"lon":23.97,"fecha":"2023-05-31","temp_mean":15.0,"temp_max":21.0,"temp_min":7.6,"humidity_mean":56.0,"wind_speed_max":16.6,"wind_gusts_max":32.8,"precipitation":0.0,"soil_temp":13.68,"elevacion_centro":132.52,"cloud_cover":22.0,"NDVI":0.32}},{"type":"Feature","geometry":{"type":"Point","coordinates":[13.01,52.06]},"properties":{"lat":52.06,"lon":13.01,"fecha":"2023-06-03","temp_mean":14.7,"temp_max":20.8,"temp_min":7.0,"humidity_mean":45.0,"wind_speed_max":16.2,"wind_gusts_max":34.6,"precipitation":0.0,"soil_temp":14.94,"elevacion_centro":88.31,"cloud_cover":57.0,"NDVI":0.43}},{"type":"Feature","geometry":{"type":"Point","coordinates":[7.08,52.98]},"properties":{"lat":52.98,"lon":7.08,"fecha":"2023-06-05","temp_mean":13.6,"temp_max":20.0,"temp_min":8.0,"humidity_mean":76.0,"wind_speed_max":20.6,"wind_gusts_max":40.3,"precipitation":0.0,"soil_temp":14.9,"elevacion_centro":6.24,"cloud_cover":2.0,"NDVI":0.22}},{"type":"Feature","geometry":{"type":"Point","coordinates":[4.29,51.56]},"properties":{"lat":51.56,"lon":4.29,"fecha":"2023-06-06","temp_mean":16.3,"temp_max":23.0,"temp_min":9.7,"humidity_mean":71.0,"wind_speed_max":20.7,"wind_gusts_max":37.4,"precipitation":0.0,"soil_temp":15.99,"elevacion_centro":2.38,"cloud_cover":21.0,"NDVI":0.54}},{"type":"Feature","geometry":{"type":"Point","coordinates":[28.22,56.79]},"properties":{"lat":56.79,"lon":28.22,"fecha":"2023-06-10","temp_mean":12.5,"temp_max":17.5,"temp_min":7.1,"humidity_mean":52.0,"wind_speed_max":18.9,"wind_gusts_max":40.7,"precipitation":0.0,"soil_temp":11.97,"elevacion_centro":105.11,"cloud_cover":25.0,"NDVI":0.59}},{"type":"Feature","geometry":{"type":"Point","coordinates":[15.94,57.01]},"properties":{"lat":57.01,"lon":15.94,"fecha":"2023-06-12","temp_mean":15.7,"temp_max":22.2,"temp_min":6.6,"humidity_mean":50.0,"wind_speed_max":12.8,"wind_gusts_max":34.6,"precipitation":0.0,"soil_temp":13.62,"elevacion_centro":107.43,"cloud_cover":0.0,"NDVI":0.71}},{"type":"Feature","geometry":{"type":"Point","coordinates":[11.13,53.27]},"properties":{"lat":53.27,"lon":11.13,"fecha":"2023-06-12","temp_mean":21.9,"temp_max":26.8,"temp_min":16.1,"humidity_mean":38.0,"wind_speed_max":18.8,"wind_gusts_max":40.7,"precipitation":0.0,"soil_temp":19.0,"elevacion_centro":23.82,"cloud_cover":10.0,"NDVI":0.39}},{"type":"Feature","geometry":{"type":"Point","coordinates":[22.25,66.89]},"properties":{"lat":66.89,"lon":22.25,"fecha":"2023-06-14","temp_mean":15.4,"temp_max":22.2,"temp_min":5.5,"humidity_mean":44.0,"wind_speed_max":12.2,"wind_gusts_max":23.8,"precipitation":0.0,"soil_temp":12.27,"elevacion_centro":224.19,"cloud_cover":33.0,"NDVI":0.4}},{"type":"Feature","geometry":{"type":"Point","coordinates":[21.42,50.31]},"properties":{"lat":50.31,"lon":21.42,"fecha":"2023-06-15","temp_mean":15.9,"temp_max":20.4,"temp_min":10.6,"humidity_mean":75.0,"wind_speed_max":12.3,"wind_gusts_max":24.1,"precipitation":0.3,"soil_temp":16.65,"elevacion_centro":167.98,"cloud_cover":75.0,"NDVI":0.29}},{"type":"Feature","geometry":{"type":"Point","coordinates":[29.88,58.89]},"properties":{"lat":58.89,"lon":29.88,"fecha":"2023-06-16","temp_mean":21.5,"temp_max":27.8,"temp_min":12.1,"humidity_mean":48.0,"wind_speed_max":13.7,"wind_gusts_max":25.9,"precipitation":0.0,"soil_temp":17.84,"elevacion_centro":55.37,"cloud_cover":53.0,"NDVI":0.78}},{"type":"Feature","geometry":{"type":"Point","coordinates":[13.71,37.64]},"properties":{"lat":37.64,"lon":13.71,"fecha":"2023-06-17","temp_mean":19.5,"temp_max":24.7,"temp_min":14.6,"humidity_mean":65.0,"wind_speed_max":21.7,"wind_gusts_max":51.1,"precipitation":0.0,"soil_temp":20.82,"elevacion_centro":474.25,"cloud_cover":5.0,"NDVI":0.22}},{"type":"Feature","geometry":{"type":"Point","coordinates":[13.96,37.2]},"properties":{"lat":37.2,"lon":13.96,"fecha":"2023-06-19","temp_mean":22.2,"temp_max":28.4,"temp_min":14.8,"humidity_mean":48.0,"wind_speed_max":15.5,"wind_gusts_max":34.6,"precipitation":0.0,"soil_temp":21.18,"elevacion_centro":196.88,"cloud_cover":11.0,"NDVI":0.19}},{"type":"Feature","geometry":{"type":"Point","coordinates":[23.71,67.31]},"properties":{"lat":67.31,"lon":23.71,"fecha":"2023-06-19","temp_mean":21.7,"temp_max":27.5,"temp_min":14.2,"humidity_mean":49.0,"wind_speed_max":10.8,"wind_gusts_max":24.1,"precipitation":0.1,"soil_temp":17.8,"elevacion_centro":149.91,"cloud_cover":39.0,"NDVI":0.56}},{"type":"Feature","geometry":{"type":"Point","coordinates":[15.46,41.68]},"properties":{"lat":41.68,"lon":15.46,"fecha":"2023-06-20","temp_mean":26.2,"temp_max":33.0,"temp_min":19.0,"humidity_mean":50.0,"wind_speed_max":9.8,"wind_gusts_max":19.4,"precipitation":0.0,"soil_temp":24.98,"elevacion_centro":51.18,"cloud_cover":0.0,"NDVI":0.27}},{"type":"Feature","geometry":{"type":"Point","coordinates":[18.06,64.61]},"properties":{"lat":64.61,"lon":18.06,"fecha":"2023-06-20","temp_mean":19.2,"temp_max":25.0,"temp_min":15.4,"humidity_mean":63.0,"wind_speed_max":13.2,"wind_gusts_max":37.1,"precipitation":1.3,"soil_temp":17.81,"elevacion_centro":377.77,"cloud_cover":66.0,"NDVI":0.32}},{"type":"Feature","geometry":{"type":"Point","coordinates":[14.64,37.17]},"properties":{"lat":37.17,"lon":14.64,"fecha":"2023-06-21","temp_mean":25.5,"temp_max":32.3,"temp_min":18.8,"humidity_mean":43.0,"wind_speed_max":15.9,"wind_gusts_max":34.2,"precipitation":0.0,"soil_temp":25.23,"elevacion_centro":479.26,"cloud_cover":0.0,"NDVI":0.11}},{"type":"Feature","geometry":{"type":"Point","coordinates":[6.94,36.88]},"properties":{"lat":36.88,"lon":6.94,"fecha":"2023-06-22","temp_mean":25.2,"temp_max":27.6,"temp_min":20.7,"humidity_mean":74.0,"wind_speed_max":15.5,"wind_gusts_max":38.2,"precipitation":0.0,"soil_temp":26.2,"elevacion_centro":6.83,"cloud_cover":5.0,"NDVI":0.11}},{"type":"Feature","geometry":{"type":"Point","coordinates":[-8.56,37.82]},"properties":{"lat":37.82,"lon":-8.56,"fecha":"2023-07-02","temp_mean":26.1,"temp_max":34.3,"temp_min":20.3,"humidity_mean":53.0,"wind_speed_max":19.1,"wind_gusts_max":41.4,"precipitation":0.0,"soil_temp":28.83,"elevacion_centro":78.49,"cloud_cover":0.0,"NDVI":0.19}},{"type":"Feature","geometry":{"type":"Point","coordinates":[2.98,49.16]},"properties":{"lat":49.16,"lon":2.98,"fecha":"2023-07-03","temp_mean":17.6,"temp_max":23.0,"temp_min":12.9,"humidity_mean":63.0,"wind_speed_max":20.1,"wind_gusts_max":39.6,"precipitation":0.2,"soil_temp":18.6,"elevacion_centro":108.31,"cloud_cover":44.0,"NDVI":0.72}},{"type":"Feature","geometry":{"type":"Point","coordinates":[13.84,37.16]},"properties":{"lat":37.16,"lon":13.84,"fecha":"2023-07-05","temp_mean":25.4,"temp_max":29.8,"temp_min":18.4,"humidity_mean":53.0,"wind_speed_max":20.2,"wind_gusts_max":42.1,"precipitation":0.0,"soil_temp":26.33,"elevacion_centro":178.86,"cloud_cover":0.0,"NDVI":0.34}},{"type":"Feature","geometry":{"type":"Point","coordinates":[2.93,43.18]},"properties":{"lat":43.18,"lon":2.93,"fecha":"2023-07-05","temp_mean":24.6,"temp_max":29.4,"temp_min":19.3,"humidity_mean":52.0,"wind_speed_max":21.3,"wind_gusts_max":42.1,"precipitation":0.0,"soil_temp":25.73,"elevacion_centro":60.77,"cloud_cover":62.0,"NDVI":0.48}},{"type":"Feature","geometry":{"type":"Point","coordinates":[12.75,51.18]},"properties":{"lat":51.18,"lon":12.75,"fecha":"2023-07-07","temp_mean":20.8,"temp_max":27.5,"temp_min":11.9,"humidity_mean":52.0,"wind_speed_max":13.9,"wind_gusts_max":25.2,"precipitation":0.0,"soil_temp":20.2,"elevacion_centro":169.71,"cloud_cover":1.0,"NDVI":0.53}},{"type":"Feature","geometry":{"type":"Point","coordinates":[11.21,51.06]},"properties":{"lat":51.06,"lon":11.21,"fecha":"2023-07-07","temp_mean":21.0,"temp_max":29.4,"temp_min":10.1,"humidity_mean":52.0,"wind_speed_max":20.9,"wind_gusts_max":39.2,"precipitation":0.0,"soil_temp":20.71,"elevacion_centro":219.17,"cloud_cover":5.0,"NDVI":0.68}},{"type":"Feature","geometry":{"type":"Point","coordinates":[13.99,49.97]},"properties":{"lat":49.97,"lon":13.99,"fecha":"2023-07-08","temp_mean":23.7,"temp_max":30.6,"temp_min":13.7,"humidity_mean":40.0,"wind_speed_max":12.4,"wind_gusts_max":29.2,"precipitation":0.0,"soil_temp":22.53,"elevacion_centro":358.69,"cloud_cover":24.0,"NDVI":0.43}},{"type":"Feature","geometry":{"type":"Point","coordinates":[7.13,50.18]},"properties":{"lat":50.18,"lon":7.13,"fecha":"2023-07-08","temp_mean":23.6,"temp_max":30.7,"temp_min":16.5,"humidity_mean":54.0,"wind_speed_max":13.9,"wind_gusts_max":32.8,"precipitation":0.3,"soil_temp":23.21,"elevacion_centro":385.17,"cloud_cover":35.0,"NDVI":0.81}},{"type":"Feature","geometry":{"type":"Point","coordinates":[13.85,50.45]},"properties":{"lat":50.45,"lon":13.85,"fecha":"2023-07-09","temp_mean":26.3,"temp_max":33.7,"temp_min":17.0,"humidity_mean":35.0,"wind_speed_max":13.4,"wind_gusts_max":28.8,"precipitation":0.0,"soil_temp":24.23,"elevacion_centro":328.54,"cloud_cover":29.0,"NDVI":0.38}},{"type":"Feature","geometry":{"type":"Point","coordinates":[26.72,41.44]},"properties":{"lat":41.44,"lon":26.72,"fecha":"2023-07-09","temp_mean":24.9,"temp_max":30.6,"temp_min":18.8,"humidity_mean":46.0,"wind_speed_max":25.6,"wind_gusts_max":50.8,"precipitation":0.0,"soil_temp":25.24,"elevacion_centro":130.0,"cloud_cover":14.0,"NDVI":0.29}},{"type":"Feature","geometry":{"type":"Point","coordinates":[27.39,42.62]},"properties":{"lat":42.62,"lon":27.39,"fecha":"2023-07-09","temp_mean":23.8,"temp_max":29.0,"temp_min":17.9,"humidity_mean":44.0,"wind_speed_max":28.4,"wind_gusts_max":52.9,"precipitation":0.0,"soil_temp":24.44,"elevacion_centro":65.58,"cloud_cover":28.0,"NDVI":0.87}},{"type":"Feature","geometry":{"type":"Point","coordinates":[1.2,36.44]},"properties":{"lat":36.44,"lon":1.2,"fecha":"2023-07-10","temp_mean":30.5,"temp_max":34.2,"temp_min":26.8,"humidity_mean":35.0,"wind_speed_max":23.7,"wind_gusts_max":48.6,"precipitation":0.0,"soil_temp":33.46,"elevacion_centro":471.1,"cloud_cover":33.0,"NDVI":0.11}},{"type":"Feature","geometry":{"type":"Point","coordinates":[12.96,37.88]},"properties":{"lat":37.88,"lon":12.96,"fecha":"2023-07-11","temp_mean":28.4,"temp_max":36.0,"temp_min":22.1,"humidity_mean":53.0,"wind_speed_max":8.3,"wind_gusts_max":24.5,"precipitation":0.0,"soil_temp":29.3,"elevacion_centro":172.15,"cloud_cover":0.0,"NDVI":0.17}},{"type":"Feature","geometry":{"type":"Point","coordinates":[2.01,49.1]},"properties":{"lat":49.1,"lon":2.01,"fecha":"2023-07-11","temp_mean":22.7,"temp_max":29.4,"temp_min":15.9,"humidity_mean":62.0,"wind_speed_max":19.7,"wind_gusts_max":38.5,"precipitation":0.4,"soil_temp":22.16,"elevacion_centro":104.72,"cloud_cover":35.0,"NDVI":0.76}},{"type":"Feature","geometry":{"type":"Point","coordinates":[9.16,49.19]},"properties":{"lat":49.19,"lon":9.16,"fecha":"2023-07-11","temp_mean":26.2,"temp_max":34.0,"temp_min":18.1,"humidity_mean":54.0,"wind_speed_max":16.4,"wind_gusts_max":37.8,"precipitation":3.3,"soil_temp":26.63,"elevacion_centro":182.94,"cloud_cover":39.0,"NDVI":0.73}},{"type":"Feature","geometry":{"type":"Point","coordinates":[15.94,41.38]},"properties":{"lat":41.38,"lon":15.94,"fecha":"2023-07-11","temp_mean":28.4,"temp_max":35.5,"temp_min":20.0,"humidity_mean":50.0,"wind_speed_max":15.2,"wind_gusts_max":34.9,"precipitation":0.0,"soil_temp":29.08,"elevacion_centro":7.36,"cloud_cover":4.0,"NDVI":0.2}},{"type":"Feature","geometry":{"type":"Point","coordinates":[27.8,53.65]},"properties":{"lat":53.65,"lon":27.8,"fecha":"2023-07-12","temp_mean":17.8,"temp_max":23.8,"temp_min":9.7,"humidity_mean":54.0,"wind_speed_max":17.1,"wind_gusts_max":32.0,"precipitation":0.0,"soil_temp":16.66,"elevacion_centro":182.76,"cloud_cover":67.0,"NDVI":0.24}},{"type":"Feature","geometry":{"type":"Point","coordinates":[26.35,66.49]},"properties":{"lat":66.49,"lon":26.35,"fecha":"2023-07-12","temp_mean":19.8,"temp_max":24.5,"temp_min":12.4,"humidity_mean":61.0,"wind_speed_max":8.2,"wind_gusts_max":23.8,"precipitation":0.0,"soil_temp":17.79,"elevacion_centro":158.11,"cloud_cover":68.0,"NDVI":0.45}},{"type":"Feature","geometry":{"type":"Point","coordinates":[-1.57,42.84]},"properties":{"lat":42.84,"lon":-1.57,"fecha":"2023-07-14","temp_mean":23.7,"temp_max":35.5,"temp_min":14.1,"humidity_mean":53.0,"wind_speed_max":25.7,"wind_gusts_max":55.4,"precipitation":0.0,"soil_temp":21.59,"elevacion_centro":659.35,"cloud_cover":19.0,"NDVI":0.62}},{"type":"Feature","geometry":{"type":"Point","coordinates":[25.51,37.1]},"properties":{"lat":37.1,"lon":25.51,"fecha":"2023-07-14","temp_mean":26.9,"temp_max":31.2,"temp_min":23.5,"humidity_mean":44.0,"wind_speed_max":19.7,"wind_gusts_max":56.2,"precipitation":0.0,"soil_temp":33.75,"elevacion_centro":680.24,"cloud_cover":0.0,"NDVI":0.34}},{"type":"Feature","geometry":{"type":"Point","coordinates":[27.7,44.02]},"properties":{"lat":44.02,"lon":27.7,"fecha":"2023-07-14","temp_mean":27.4,"temp_max":33.0,"temp_min":22.6,"humidity_mean":57.0,"wind_speed_max":17.6,"wind_gusts_max":35.3,"precipitation":0.2,"soil_temp":30.14,"elevacion_centro":156.46,"cloud_cover":21.0,"NDVI":0.27}},{"type":"Feature","geometry":{"type":"Point","coordinates":[17.24,48.15]},"properties":{"lat":48.15,"lon":17.24,"fecha":"2023-07-15","temp_mean":26.1,"temp_max":31.6,"temp_min":18.4,"humidity_mean":62.0,"wind_speed_max":20.2,"wind_gusts_max":35.6,"precipitation":0.0,"soil_temp":26.39,"elevacion_centro":133.15,"cloud_cover":2.0,"NDVI":0.64}},{"type":"Feature","geometry":{"type":"Point","coordinates":[27.54,40.52]},"properties":{"lat":40.52,"lon":27.54,"fecha":"2023-07-15","temp_mean":27.0,"temp_max":30.8,"temp_min":23.6,"humidity_mean":63.0,"wind_speed_max":28.5,"wind_gusts_max":65.2,"precipitation":0.0,"soil_temp":31.93,"elevacion_centro":48.94,"cloud_cover":1.0,"NDVI":0.39}},{"type":"Feature","geometry":{"type":"Point","coordinates":[23.23,38.23]},"properties":{"lat":38.23,"lon":23.23,"fecha":"2023-07-17","temp_mean":28.7,"temp_max":33.5,"temp_min":24.6,"humidity_mean":42.0,"wind_speed_max":28.6,"wind_gusts_max":73.1,"precipitation":0.0,"soil_temp":32.52,"elevacion_centro":247.4,"cloud_cover":0.0,"NDVI":0.23}},{"type":"Feature","geometry":{"type":"Point","coordinates":[23.93,37.79]},"properties":{"lat":37.79,"lon":23.93,"fecha":"2023-07-17","temp_mean":30.1,"temp_max":33.5,"temp_min":27.4,"humidity_mean":35.0,"wind_speed_max":35.9,"wind_gusts_max":78.5,"precipitation":0.0,"soil_temp":31.04,"elevacion_centro":189.29,"cloud_cover":0.0,"NDVI":0.27}},{"type":"Feature","geometry":{"type":"Point","coordinates":[23.02,37.95]},"properties":{"lat":37.95,"lon":23.02,"fecha":"2023-07-17","temp_mean":31.2,"temp_max":35.7,"temp_min":27.3,"humidity_mean":35.0,"wind_speed_max":24.6,"wind_gusts_max":57.2,"precipitation":0.0,"soil_temp":32.52,"elevacion_centro":228.13,"cloud_cover":0.0,"NDVI":0.43}},{"type":"Feature","geometry":{"type":"Point","coordinates":[26.54,40.15]},"properties":{"lat":40.15,"lon":26.54,"fecha":"2023-07-17","temp_mean":25.0,"temp_max":31.0,"temp_min":20.3,"humidity_mean":55.0,"wind_speed_max":24.2,"wind_gusts_max":57.6,"precipitation":0.0,"soil_temp":28.57,"elevacion_centro":335.74,"cloud_cover":1.0,"NDVI":0.21}},{"type":"Feature","geometry":{"type":"Point","coordinates":[3.22,36.49]},"properties":{"lat":36.49,"lon":3.22,"fecha":"2023-07-17","temp_mean":36.8,"temp_max":43.5,"temp_min":30.8,"humidity_mean":10.0,"wind_speed_max":20.2,"wind_gusts_max":47.5,"precipitation":0.0,"soil_temp":35.55,"elevacion_centro":448.97,"cloud_cover":3.0,"NDVI":0.74}},{"type":"Feature","geometry":{"type":"Point","coordinates":[21.0,46.7]},"properties":{"lat":46.7,"lon":21.0,"fecha":"2023-07-17","temp_mean":28.8,"temp_max":35.5,"temp_min":22.5,"humidity_mean":60.0,"wind_speed_max":15.5,"wind_gusts_max":31.3,"precipitation":0.0,"soil_temp":30.31,"elevacion_centro":90.23,"cloud_cover":12.0,"NDVI":0.24}},{"type":"Feature","geometry":{"type":"Point","coordinates":[23.49,38.13]},"properties":{"lat":38.13,"lon":23.49,"fecha":"2023-07-18","temp_mean":29.7,"temp_max":34.7,"temp_min":24.9,"humidity_mean":44.0,"wind_speed_max":25.6,"wind_gusts_max":61.2,"precipitation":0.0,"soil_temp":31.43,"elevacion_centro":253.22,"cloud_cover":0.0,"NDVI":0.51}},{"type":"Feature","geometry":{"type":"Point","coordinates":[12.61,51.36]},"properties":{"lat":51.36,"lon":12.61,"fecha":"2023-07-18","temp_mean":19.4,"temp_max":25.1,"temp_min":13.4,"humidity_mean":57.0,"wind_speed_max":14.2,"wind_gusts_max":32.0,"precipitation":0.0,"soil_temp":20.48,"elevacion_centro":157.21,"cloud_cover":32.0,"NDVI":0.57}},{"type":"Feature","geometry":{"type":"Point","coordinates":[0.41,36.2]},"properties":{"lat":36.2,"lon":0.41,"fecha":"2023-07-18","temp_mean":31.5,"temp_max":36.9,"temp_min":28.0,"humidity_mean":42.0,"wind_speed_max":25.6,"wind_gusts_max":31.3,"precipitation":0.0,"soil_temp":37.92,"elevacion_centro":64.39,"cloud_cover":0.0,"NDVI":0.37}},{"type":"Feature","geometry":{"type":"Point","coordinates":[-5.88,36.61]},"properties":{"lat":36.61,"lon":-5.88,"fecha":"2023-07-18","temp_mean":28.0,"temp_max":34.8,"temp_min":22.6,"humidity_mean":63.0,"wind_speed_max":16.7,"wind_gusts_max":39.2,"precipitation":0.0,"soil_temp":30.84,"elevacion_centro":80.87,"cloud_cover":27.0,"NDVI":0.35}},{"type":"Feature","geometry":{"type":"Point","coordinates":[1.94,36.05]},"properties":{"lat":36.05,"lon":1.94,"fecha":"2023-07-18","temp_mean":35.7,"temp_max":44.6,"temp_min":27.3,"humidity_mean":9.0,"wind_speed_max":18.1,"wind_gusts_max":50.0,"precipitation":0.0,"soil_temp":34.38,"elevacion_centro":584.33,"cloud_cover":8.0,"NDVI":0.42}},{"type":"Feature","geometry":{"type":"Point","coordinates":[15.5,51.44]},"properties":{"lat":51.44,"lon":15.5,"fecha":"2023-07-18","temp_mean":20.1,"temp_max":25.2,"temp_min":14.9,"humidity_mean":53.0,"wind_speed_max":17.5,"wind_gusts_max":36.4,"precipitation":0.0,"soil_temp":21.55,"elevacion_centro":152.0,"cloud_cover":29.0,"NDVI":0.55}},{"type":"Feature","geometry":{"type":"Point","coordinates":[24.56,38.03]},"properties":{"lat":38.03,"lon":24.56,"fecha":"2023-07-23","temp_mean":35.0,"temp_max":39.8,"temp_min":28.1,"humidity_mean":25.0,"wind_speed_max":14.0,"wind_gusts_max":51.5,"precipitation":0.0,"soil_temp":36.16,"elevacion_centro":303.42,"cloud_cover":1.0,"NDVI":0.48}},{"type":"Feature","geometry":{"type":"Point","coordinates":[23.24,38.38]},"properties":{"lat":38.38,"lon":23.24,"fecha":"2023-07-23","temp_mean":35.4,"temp_max":43.8,"temp_min":25.5,"humidity_mean":28.0,"wind_speed_max":18.4,"wind_gusts_max":44.6,"precipitation":0.0,"soil_temp":36.63,"elevacion_centro":119.77,"cloud_cover":5.0,"NDVI":0.49}},{"type":"Feature","geometry":{"type":"Point","coordinates":[14.49,37.33]},"properties":{"lat":37.33,"lon":14.49,"fecha":"2023-07-23","temp_mean":33.7,"temp_max":42.6,"temp_min":25.8,"humidity_mean":31.0,"wind_speed_max":18.5,"wind_gusts_max":37.4,"precipitation":0.0,"soil_temp":34.61,"elevacion_centro":327.98,"cloud_cover":8.0,"NDVI":0.22}},{"type":"Feature","geometry":{"type":"Point","coordinates":[14.29,37.43]},"properties":{"lat":37.43,"lon":14.29,"fecha":"2023-07-23","temp_mean":34.0,"temp_max":41.0,"temp_min":28.5,"humidity_mean":25.0,"wind_speed_max":20.9,"wind_gusts_max":41.4,"precipitation":0.0,"soil_temp":34.61,"elevacion_centro":587.86,"cloud_cover":2.0,"NDVI":0.63}},{"type":"Feature","geometry":{"type":"Point","coordinates":[29.22,38.4]},"properties":{"lat":38.4,"lon":29.22,"fecha":"2023-07-23","temp_mean":29.0,"temp_max":36.8,"temp_min":19.8,"humidity_mean":32.0,"wind_speed_max":23.3,"wind_gusts_max":47.5,"precipitation":0.0,"soil_temp":27.5,"elevacion_centro":731.06,"cloud_cover":1.0,"NDVI":0.3}},{"type":"Feature","geometry":{"type":"Point","coordinates":[5.4,36.62]},"properties":{"lat":36.62,"lon":5.4,"fecha":"2023-07-23","temp_mean":34.9,"temp_max":43.4,"temp_min":24.4,"humidity_mean":21.0,"wind_speed_max":21.1,"wind_gusts_max":53.6,"precipitation":0.0,"soil_temp":31.59,"elevacion_centro":396.55,"cloud_cover":0.0,"NDVI":0.54}},{"type":"Feature","geometry":{"type":"Point","coordinates":[3.56,36.48]},"properties":{"lat":36.48,"lon":3.56,"fecha":"2023-07-23","temp_mean":35.8,"temp_max":45.5,"temp_min":26.3,"humidity_mean":24.0,"wind_speed_max":20.6,"wind_gusts_max":47.9,"precipitation":0.0,"soil_temp":35.39,"elevacion_centro":350.69,"cloud_cover":11.0,"NDVI":0.23}},{"type":"Feature","geometry":{"type":"Point","coordinates":[27.93,36.1]},"properties":{"lat":36.1,"lon":27.93,"fecha":"2023-07-23","temp_mean":34.6,"temp_max":42.3,"temp_min":29.0,"humidity_mean":30.0,"wind_speed_max":20.9,"wind_gusts_max":46.4,"precipitation":0.0,"soil_temp":37.67,"elevacion_centro":207.76,"cloud_cover":0.0,"NDVI":0.41}},{"type":"Feature","geometry":{"type":"Point","coordinates":[28.03,36.21]},"properties":{"lat":36.21,"lon":28.03,"fecha":"2023-07-23","temp_mean":35.2,"temp_max":42.1,"temp_min":29.8,"humidity_mean":28.0,"wind_speed_max":27.2,"wind_gusts_max":54.4,"precipitation":0.0,"soil_temp":37.67,"elevacion_centro":237.98,"cloud_cover":0.0,"NDVI":0.54}},{"type":"Feature","geometry":{"type":"Point","coordinates":[3.34,36.61]},"properties":{"lat":36.61,"lon":3.34,"fecha":"2023-07-23","temp_mean":36.1,"temp_max":47.6,"temp_min":27.5,"humidity_mean":24.0,"wind_speed_max":27.1,"wind_gusts_max":56.5,"precipitation":0.0,"soil_temp":36.1,"elevacion_centro":190.55,"cloud_cover":12.0,"NDVI":0.4}},{"type":"Feature","geometry":{"type":"Point","coordinates":[3.8,36.68]},"properties":{"lat":36.68,"lon":3.8,"fecha":"2023-07-23","temp_mean":33.0,"temp_max":42.3,"temp_min":22.2,"humidity_mean":21.0,"wind_speed_max":25.4,"wind_gusts_max":59.4,"precipitation":0.0,"soil_temp":35.39,"elevacion_centro":814.35,"cloud_cover":10.0,"NDVI":0.41}},{"type":"Feature","geometry":{"type":"Point","coordinates":[4.78,36.7]},"properties":{"lat":36.7,"lon":4.78,"fecha":"2023-07-23","temp_mean":35.5,"temp_max":43.0,"temp_min":27.6,"humidity_mean":16.0,"wind_speed_max":21.1,"wind_gusts_max":51.1,"precipitation":0.0,"soil_temp":31.52,"elevacion_centro":607.65,"cloud_cover":8.0,"NDVI":0.53}},{"type":"Feature","geometry":{"type":"Point","coordinates":[8.83,36.95]},"properties":{"lat":36.95,"lon":8.83,"fecha":"2023-07-24","temp_mean":39.0,"temp_max":45.2,"temp_min":33.5,"humidity_mean":14.0,"wind_speed_max":21.5,"wind_gusts_max":42.8,"precipitation":0.0,"soil_temp":36.77,"elevacion_centro":182.92,"cloud_cover":0.0,"NDVI":0.58}},{"type":"Feature","geometry":{"type":"Point","coordinates":[6.57,36.89]},"properties":{"lat":36.89,"lon":6.57,"fecha":"2023-07-24","temp_mean":36.4,"temp_max":46.3,"temp_min":26.7,"humidity_mean":17.0,"wind_speed_max":25.5,"wind_gusts_max":54.7,"precipitation":0.0,"soil_temp":36.82,"elevacion_centro":340.58,"cloud_cover":0.0,"NDVI":0.56}},{"type":"Feature","geometry":{"type":"Point","coordinates":[4.77,36.8]},"properties":{"lat":36.8,"lon":4.77,"fecha":"2023-07-24","temp_mean":36.1,"temp_max":45.1,"temp_min":27.8,"humidity_mean":22.0,"wind_speed_max":31.8,"wind_gusts_max":66.6,"precipitation":0.0,"soil_temp":37.44,"elevacion_centro":348.34,"cloud_cover":22.0,"NDVI":0.76}},{"type":"Feature","geometry":{"type":"Point","coordinates":[4.86,36.83]},"properties":{"lat":36.83,"lon":4.86,"fecha":"2023-07-24","temp_mean":35.8,"temp_max":46.2,"temp_min":28.3,"humidity_mean":23.0,"wind_speed_max":32.2,"wind_gusts_max":76.7,"precipitation":0.0,"soil_temp":37.44,"elevacion_centro":223.02,"cloud_cover":16.0,"NDVI":0.76}},{"type":"Feature","geometry":{"type":"Point","coordinates":[3.72,36.59]},"properties":{"lat":36.59,"lon":3.72,"fecha":"2023-07-24","temp_mean":34.1,"temp_max":43.6,"temp_min":25.7,"humidity_mean":25.0,"wind_speed_max":26.1,"wind_gusts_max":64.1,"precipitation":0.0,"soil_temp":35.4,"elevacion_centro":675.62,"cloud_cover":35.0,"NDVI":0.65}},{"type":"Feature","geometry":{"type":"Point","coordinates":[27.71,37.12]},"properties":{"lat":37.12,"lon":27.71,"fecha":"2023-07-24","temp_mean":32.9,"temp_max":40.0,"temp_min":25.9,"humidity_mean":28.0,"wind_speed_max":23.7,"wind_gusts_max":55.1,"precipitation":0.0,"soil_temp":35.31,"elevacion_centro":151.91,"cloud_cover":0.0,"NDVI":0.3}},{"type":"Feature","geometry":{"type":"Point","coordinates":[14.35,37.49]},"properties":{"lat":37.49,"lon":14.35,"fecha":"2023-07-24","temp_mean":33.6,"temp_max":42.3,"temp_min":24.4,"humidity_mean":20.0,"wind_speed_max":21.7,"wind_gusts_max":49.0,"precipitation":0.0,"soil_temp":34.42,"elevacion_centro":564.81,"cloud_cover":0.0,"NDVI":0.52}},{"type":"Feature","geometry":{"type":"Point","coordinates":[3.75,36.43]},"properties":{"lat":36.43,"lon":3.75,"fecha":"2023-07-24","temp_mean":33.7,"temp_max":43.2,"temp_min":25.3,"humidity_mean":24.0,"wind_speed_max":24.6,"wind_gusts_max":58.0,"precipitation":0.0,"soil_temp":35.4,"elevacion_centro":786.65,"cloud_cover":34.0,"NDVI":0.17}},{"type":"Feature","geometry":{"type":"Point","coordinates":[7.23,36.67]},"properties":{"lat":36.67,"lon":7.23,"fecha":"2023-07-24","temp_mean":38.5,"temp_max":47.0,"temp_min":31.4,"humidity_mean":11.0,"wind_speed_max":25.4,"wind_gusts_max":53.6,"precipitation":0.0,"soil_temp":35.59,"elevacion_centro":318.24,"cloud_cover":3.0,"NDVI":0.6}},{"type":"Feature","geometry":{"type":"Point","coordinates":[8.21,36.87]},"properties":{"lat":36.87,"lon":8.21,"fecha":"2023-07-24","temp_mean":38.5,"temp_max":48.0,"temp_min":29.9,"humidity_mean":15.0,"wind_speed_max":25.4,"wind_gusts_max":47.2,"precipitation":0.0,"soil_temp":38.47,"elevacion_centro":79.94,"cloud_cover":0.0,"NDVI":0.34}},{"type":"Feature","geometry":{"type":"Point","coordinates":[8.73,36.95]},"properties":{"lat":36.95,"lon":8.73,"fecha":"2023-07-24","temp_mean":38.0,"temp_max":44.1,"temp_min":32.5,"humidity_mean":13.0,"wind_speed_max":21.5,"wind_gusts_max":42.8,"precipitation":0.0,"soil_temp":36.77,"elevacion_centro":310.71,"cloud_cover":0.0,"NDVI":0.69}},{"type":"Feature","geometry":{"type":"Point","coordinates":[4.8,36.58]},"properties":{"lat":36.58,"lon":4.8,"fecha":"2023-07-24","temp_mean":34.5,"temp_max":43.2,"temp_min":25.2,"humidity_mean":20.0,"wind_speed_max":23.4,"wind_gusts_max":67.7,"precipitation":0.0,"soil_temp":32.36,"elevacion_centro":506.75,"cloud_cover":3.0,"NDVI":0.41}},{"type":"Feature","geometry":{"type":"Point","coordinates":[6.54,36.99]},"properties":{"lat":36.99,"lon":6.54,"fecha":"2023-07-24","temp_mean":36.2,"temp_max":45.7,"temp_min":28.4,"humidity_mean":25.0,"wind_speed_max":24.6,"wind_gusts_max":47.2,"precipitation":0.0,"soil_temp":36.92,"elevacion_centro":300.03,"cloud_cover":0.0,"NDVI":0.79}},{"type":"Feature","geometry":{"type":"Point","coordinates":[13.97,37.98]},"properties":{"lat":37.98,"lon":13.97,"fecha":"2023-07-25","temp_mean":34.1,"temp_max":41.8,"temp_min":25.5,"humidity_mean":31.0,"wind_speed_max":26.9,"wind_gusts_max":64.4,"precipitation":0.0,"soil_temp":32.99,"elevacion_centro":582.44,"cloud_cover":10.0,"NDVI":0.5}},{"type":"Feature","geometry":{"type":"Point","coordinates":[15.29,37.87]},"properties":{"lat":37.87,"lon":15.29,"fecha":"2023-07-25","temp_mean":34.5,"temp_max":41.4,"temp_min":27.1,"humidity_mean":26.0,"wind_speed_max":23.1,"wind_gusts_max":58.7,"precipitation":0.0,"soil_temp":36.84,"elevacion_centro":262.33,"cloud_cover":6.0,"NDVI":0.43}},{"type":"Feature","geometry":{"type":"Point","coordinates":[14.12,37.68]},"properties":{"lat":37.68,"lon":14.12,"fecha":"2023-07-25","temp_mean":31.7,"temp_max":39.7,"temp_min":24.4,"humidity_mean":24.0,"wind_speed_max":26.9,"wind_gusts_max":56.9,"precipitation":0.0,"soil_temp":34.06,"elevacion_centro":580.25,"cloud_cover":4.0,"NDVI":0.37}},{"type":"Feature","geometry":{"type":"Point","coordinates":[14.25,37.27]},"properties":{"lat":37.27,"lon":14.25,"fecha":"2023-07-25","temp_mean":32.9,"temp_max":38.1,"temp_min":26.9,"humidity_mean":33.0,"wind_speed_max":18.7,"wind_gusts_max":39.6,"precipitation":0.0,"soil_temp":34.06,"elevacion_centro":288.73,"cloud_cover":4.0,"NDVI":0.52}},{"type":"Feature","geometry":{"type":"Point","coordinates":[13.88,37.81]},"properties":{"lat":37.81,"lon":13.88,"fecha":"2023-07-25","temp_mean":31.8,"temp_max":38.1,"temp_min":26.2,"humidity_mean":22.0,"wind_speed_max":25.2,"wind_gusts_max":55.4,"precipitation":0.0,"soil_temp":32.99,"elevacion_centro":764.68,"cloud_cover":8.0,"NDVI":0.81}},{"type":"Feature","geometry":{"type":"Point","coordinates":[13.78,37.85]},"properties":{"lat":37.85,"lon":13.78,"fecha":"2023-07-25","temp_mean":33.0,"temp_max":40.6,"temp_min":26.1,"humidity_mean":22.0,"wind_speed_max":25.8,"wind_gusts_max":64.1,"precipitation":0.0,"soil_temp":32.99,"elevacion_centro":609.8,"cloud_cover":9.0,"NDVI":0.83}},{"type":"Feature","geometry":{"type":"Point","coordinates":[15.25,37.08]},"properties":{"lat":37.08,"lon":15.25,"fecha":"2023-07-25","temp_mean":36.9,"temp_max":45.1,"temp_min":27.6,"humidity_mean":15.0,"wind_speed_max":26.0,"wind_gusts_max":49.7,"precipitation":0.0,"soil_temp":34.79,"elevacion_centro":36.83,"cloud_cover":1.0,"NDVI":0.37}},{"type":"Feature","geometry":{"type":"Point","coordinates":[13.84,37.89]},"properties":{"lat":37.89,"lon":13.84,"fecha":"2023-07-25","temp_mean":35.1,"temp_max":43.3,"temp_min":27.2,"humidity_mean":23.0,"wind_speed_max":25.2,"wind_gusts_max":77.0,"precipitation":0.0,"soil_temp":32.99,"elevacion_centro":355.57,"cloud_cover":13.0,"NDVI":0.2}},{"type":"Feature","geometry":{"type":"Point","coordinates":[15.56,38.28]},"properties":{"lat":38.28,"lon":15.56,"fecha":"2023-07-25","temp_mean":33.8,"temp_max":43.7,"temp_min":27.4,"humidity_mean":35.0,"wind_speed_max":20.9,"wind_gusts_max":51.8,"precipitation":0.0,"soil_temp":36.94,"elevacion_centro":225.78,"cloud_cover":8.0,"NDVI":0.35}},{"type":"Feature","geometry":{"type":"Point","coordinates":[12.77,38.15]},"properties":{"lat":38.15,"lon":12.77,"fecha":"2023-07-25","temp_mean":31.0,"temp_max":34.2,"temp_min":27.2,"humidity_mean":59.0,"wind_speed_max":42.1,"wind_gusts_max":58.0,"precipitation":0.0,"soil_temp":33.86,"elevacion_centro":150.56,"cloud_cover":16.0,"NDVI":0.48}},{"type":"Feature","geometry":{"type":"Point","coordinates":[15.14,37.57]},"properties":{"lat":37.57,"lon":15.14,"fecha":"2023-07-25","temp_mean":37.2,"temp_max":43.6,"temp_min":30.8,"humidity_mean":14.0,"wind_speed_max":31.9,"wind_gusts_max":66.6,"precipitation":0.0,"soil_temp":35.1,"elevacion_centro":218.54,"cloud_cover":2.0,"NDVI":0.23}},{"type":"Feature","geometry":{"type":"Point","coordinates":[15.2,37.76]},"properties":{"lat":37.76,"lon":15.2,"fecha":"2023-07-25","temp_mean":36.6,"temp_max":43.7,"temp_min":30.4,"humidity_mean":24.0,"wind_speed_max":12.5,"wind_gusts_max":36.7,"precipitation":0.0,"soil_temp":36.84,"elevacion_centro":41.92,"cloud_cover":2.0,"NDVI":0.7}},{"type":"Feature","geometry":{"type":"Point","coordinates":[13.27,38.19]},"properties":{"lat":38.19,"lon":13.27,"fecha":"2023-07-25","temp_mean":36.1,"temp_max":42.6,"temp_min":28.7,"humidity_mean":27.0,"wind_speed_max":26.8,"wind_gusts_max":65.2,"precipitation":0.0,"soil_temp":31.92,"elevacion_centro":197.8,"cloud_cover":12.0,"NDVI":0.3}},{"type":"Feature","geometry":{"type":"Point","coordinates":[19.57,40.66]},"properties":{"lat":40.66,"lon":19.57,"fecha":"2023-07-25","temp_mean":32.9,"temp_max":42.5,"temp_min":23.5,"humidity_mean":32.0,"wind_speed_max":24.0,"wind_gusts_max":51.1,"precipitation":0.0,"soil_temp":32.32,"elevacion_centro":219.87,"cloud_cover":5.0,"NDVI":0.8}},{"type":"Feature","geometry":{"type":"Point","coordinates":[30.52,36.62]},"properties":{"lat":36.62,"lon":30.52,"fecha":"2023-07-25","temp_mean":31.6,"temp_max":37.3,"temp_min":24.7,"humidity_mean":26.0,"wind_speed_max":20.4,"wind_gusts_max":60.5,"precipitation":0.0,"soil_temp":32.72,"elevacion_centro":463.68,"cloud_cover":0.0,"NDVI":0.84}},{"type":"Feature","geometry":{"type":"Point","coordinates":[15.09,37.25]},"properties":{"lat":37.25,"lon":15.09,"fecha":"2023-07-25","temp_mean":37.1,"temp_max":46.2,"temp_min":27.9,"humidity_mean":15.0,"wind_speed_max":29.2,"wind_gusts_max":58.0,"precipitation":0.0,"soil_temp":34.79,"elevacion_centro":192.29,"cloud_cover":2.0,"NDVI":0.48}},{"type":"Feature","geometry":{"type":"Point","coordinates":[9.03,36.42]},"properties":{"lat":36.42,"lon":9.03,"fecha":"2023-07-25","temp_mean":32.5,"temp_max":38.5,"temp_min":24.3,"humidity_mean":31.0,"wind_speed_max":22.4,"wind_gusts_max":50.0,"precipitation":0.0,"soil_temp":35.04,"elevacion_centro":550.01,"cloud_cover":11.0,"NDVI":0.64}},{"type":"Feature","geometry":{"type":"Point","coordinates":[15.01,38.11]},"properties":{"lat":38.11,"lon":15.01,"fecha":"2023-07-25","temp_mean":35.3,"temp_max":44.0,"temp_min":26.5,"humidity_mean":26.0,"wind_speed_max":23.6,"wind_gusts_max":57.2,"precipitation":0.0,"soil_temp":36.84,"elevacion_centro":322.23,"cloud_cover":9.0,"NDVI":0.65}},{"type":"Feature","geometry":{"type":"Point","coordinates":[13.26,38.1]},"properties":{"lat":38.1,"lon":13.26,"fecha":"2023-07-25","temp_mean":34.0,"temp_max":40.1,"temp_min":26.4,"humidity_mean":27.0,"wind_speed_max":26.5,"wind_gusts_max":67.0,"precipitation":0.0,"soil_temp":31.92,"elevacion_centro":508.61,"cloud_cover":13.0,"NDVI":0.82}},{"type":"Feature","geometry":{"type":"Point","coordinates":[18.2,40.25]},"properties":{"lat":40.25,"lon":18.2,"fecha":"2023-07-25","temp_mean":34.7,"temp_max":42.8,"temp_min":25.6,"humidity_mean":40.0,"wind_speed_max":25.5,"wind_gusts_max":54.7,"precipitation":0.0,"soil_temp":36.59,"elevacion_centro":84.78,"cloud_cover":3.0,"NDVI":0.25}},{"type":"Feature","geometry":{"type":"Point","coordinates":[9.78,35.9]},"properties":{"lat":35.9,"lon":9.78,"fecha":"2023-07-25","temp_mean":33.4,"temp_max":43.8,"temp_min":25.1,"humidity_mean":21.0,"wind_speed_max":23.8,"wind_gusts_max":49.7,"precipitation":0.0,"soil_temp":38.46,"elevacion_centro":741.34,"cloud_cover":24.0,"NDVI":0.19}},{"type":"Feature","geometry":{"type":"Point","coordinates":[14.14,37.79]},"properties":{"lat":37.79,"lon":14.14,"fecha":"2023-07-25","temp_mean":30.5,"temp_max":36.0,"temp_min":23.6,"humidity_mean":22.0,"wind_speed_max":25.1,"wind_gusts_max":58.0,"precipitation":0.0,"soil_temp":34.28,"elevacion_centro":870.5,"cloud_cover":5.0,"NDVI":0.52}},{"type":"Feature","geometry":{"type":"Point","coordinates":[13.34,38.08]},"properties":{"lat":38.08,"lon":13.34,"fecha":"2023-07-25","temp_mean":36.4,"temp_max":42.9,"temp_min":29.0,"humidity_mean":27.0,"wind_speed_max":26.8,"wind_gusts_max":65.2,"precipitation":0.0,"soil_temp":31.92,"elevacion_centro":175.97,"cloud_cover":12.0,"NDVI":0.42}},{"type":"Feature","geometry":{"type":"Point","coordinates":[15.14,37.73]},"properties":{"lat":37.73,"lon":15.14,"fecha":"2023-07-25","temp_mean":33.4,"temp_max":40.6,"temp_min":28.0,"humidity_mean":29.0,"wind_speed_max":14.8,"wind_gusts_max":43.2,"precipitation":0.0,"soil_temp":35.1,"elevacion_centro":374.0,"cloud_cover":1.0,"NDVI":0.74}},{"type":"Feature","geometry":{"type":"Point","coordinates":[15.87,41.71]},"properties":{"lat":41.71,"lon":15.87,"fecha":"2023-07-25","temp_mean":31.5,"temp_max":38.2,"temp_min":23.5,"humidity_mean":32.0,"wind_speed_max":28.7,"wind_gusts_max":68.8,"precipitation":0.1,"soil_temp":33.78,"elevacion_centro":575.11,"cloud_cover":27.0,"NDVI":0.45}},{"type":"Feature","geometry":{"type":"Point","coordinates":[19.87,39.76]},"properties":{"lat":39.76,"lon":19.87,"fecha":"2023-07-25","temp_mean":28.9,"temp_max":34.7,"temp_min":23.4,"humidity_mean":46.0,"wind_speed_max":16.6,"wind_gusts_max":44.6,"precipitation":0.0,"soil_temp":32.17,"elevacion_centro":429.31,"cloud_cover":1.0,"NDVI":0.69}},{"type":"Feature","geometry":{"type":"Point","coordinates":[22.84,39.32]},"properties":{"lat":39.32,"lon":22.84,"fecha":"2023-07-26","temp_mean":33.1,"temp_max":41.0,"temp_min":24.3,"humidity_mean":29.0,"wind_speed_max":24.7,"wind_gusts_max":56.9,"precipitation":0.0,"soil_temp":35.99,"elevacion_centro":259.69,"cloud_cover":25.0,"NDVI":0.35}},{"type":"Feature","geometry":{"type":"Point","coordinates":[28.03,38.25]},"properties":{"lat":38.25,"lon":28.03,"fecha":"2023-07-26","temp_mean":32.7,"temp_max":41.3,"temp_min":21.9,"humidity_mean":23.0,"wind_speed_max":15.0,"wind_gusts_max":43.2,"precipitation":0.0,"soil_temp":30.7,"elevacion_centro":279.51,"cloud_cover":0.0,"NDVI":0.66}},{"type":"Feature","geometry":{"type":"Point","coordinates":[22.73,39.35]},"properties":{"lat":39.35,"lon":22.73,"fecha":"2023-07-26","temp_mean":34.0,"temp_max":44.1,"temp_min":22.8,"humidity_mean":29.0,"wind_speed_max":27.0,"wind_gusts_max":66.2,"precipitation":0.0,"soil_temp":34.54,"elevacion_centro":280.36,"cloud_cover":28.0,"NDVI":0.18}},{"type":"Feature","geometry":{"type":"Point","coordinates":[15.36,37.96]},"properties":{"lat":37.96,"lon":15.36,"fecha":"2023-07-26","temp_mean":28.4,"temp_max":33.0,"temp_min":24.9,"humidity_mean":58.0,"wind_speed_max":33.9,"wind_gusts_max":79.9,"precipitation":0.0,"soil_temp":35.11,"elevacion_centro":106.24,"cloud_cover":29.0,"NDVI":0.41}},{"type":"Feature","geometry":{"type":"Point","coordinates":[13.41,37.37]},"properties":{"lat":37.37,"lon":13.41,"fecha":"2023-07-27","temp_mean":24.9,"temp_max":28.6,"temp_min":21.9,"humidity_mean":59.0,"wind_speed_max":30.3,"wind_gusts_max":61.9,"precipitation":0.0,"soil_temp":27.09,"elevacion_centro":200.49,"cloud_cover":1.0,"NDVI":0.23}},{"type":"Feature","geometry":{"type":"Point","coordinates":[5.22,43.57]},"properties":{"lat":43.57,"lon":5.22,"fecha":"2023-07-27","temp_mean":23.4,"temp_max":29.0,"temp_min":17.8,"humidity_mean":47.0,"wind_speed_max":21.3,"wind_gusts_max":39.6,"precipitation":0.0,"soil_temp":28.88,"elevacion_centro":205.57,"cloud_cover":19.0,"NDVI":0.69}},{"type":"Feature","geometry":{"type":"Point","coordinates":[9.58,39.98]},"properties":{"lat":39.98,"lon":9.58,"fecha":"2023-07-27","temp_mean":23.8,"temp_max":30.8,"temp_min":16.8,"humidity_mean":54.0,"wind_speed_max":17.2,"wind_gusts_max":46.8,"precipitation":0.0,"soil_temp":25.62,"elevacion_centro":237.98,"cloud_cover":3.0,"NDVI":0.59}},{"type":"Feature","geometry":{"type":"Point","coordinates":[21.16,38.63]},"properties":{"lat":38.63,"lon":21.16,"fecha":"2023-07-27","temp_mean":27.7,"temp_max":33.3,"temp_min":22.2,"humidity_mean":57.0,"wind_speed_max":15.0,"wind_gusts_max":32.8,"precipitation":0.0,"soil_temp":30.12,"elevacion_centro":110.82,"cloud_cover":1.0,"NDVI":0.27}},{"type":"Feature","geometry":{"type":"Point","coordinates":[15.94,41.23]},"properties":{"lat":41.23,"lon":15.94,"fecha":"2023-07-28","temp_mean":27.7,"temp_max":35.1,"temp_min":20.5,"humidity_mean":46.0,"wind_speed_max":18.1,"wind_gusts_max":37.8,"precipitation":0.0,"soil_temp":29.44,"elevacion_centro":115.06,"cloud_cover":9.0,"NDVI":0.63}},{"type":"Feature","geometry":{"type":"Point","coordinates":[26.1,41.47]},"properties":{"lat":41.47,"lon":26.1,"fecha":"2023-07-30","temp_mean":25.4,"temp_max":31.7,"temp_min":19.6,"humidity_mean":46.0,"wind_speed_max":14.7,"wind_gusts_max":34.6,"precipitation":0.0,"soil_temp":28.95,"elevacion_centro":344.41,"cloud_cover":1.0,"NDVI":0.84}},{"type":"Feature","geometry":{"type":"Point","coordinates":[24.54,43.42]},"properties":{"lat":43.42,"lon":24.54,"fecha":"2023-07-30","temp_mean":27.2,"temp_max":33.2,"temp_min":19.0,"humidity_mean":43.0,"wind_speed_max":21.7,"wind_gusts_max":38.5,"precipitation":0.3,"soil_temp":28.83,"elevacion_centro":168.01,"cloud_cover":33.0,"NDVI":0.54}},{"type":"Feature","geometry":{"type":"Point","coordinates":[10.53,45.43]},"properties":{"lat":45.43,"lon":10.53,"fecha":"2023-07-30","temp_mean":24.6,"temp_max":28.0,"temp_min":20.5,"humidity_mean":78.0,"wind_speed_max":15.0,"wind_gusts_max":28.8,"precipitation":6.9,"soil_temp":24.7,"elevacion_centro":126.92,"cloud_cover":42.0,"NDVI":0.87}},{"type":"Feature","geometry":{"type":"Point","coordinates":[14.06,41.52]},"properties":{"lat":41.52,"lon":14.06,"fecha":"2023-07-30","temp_mean":26.2,"temp_max":33.7,"temp_min":19.8,"humidity_mean":67.0,"wind_speed_max":17.0,"wind_gusts_max":50.4,"precipitation":0.1,"soil_temp":27.51,"elevacion_centro":259.1,"cloud_cover":7.0,"NDVI":0.49}},{"type":"Feature","geometry":{"type":"Point","coordinates":[17.31,40.47]},"properties":{"lat":40.47,"lon":17.31,"fecha":"2023-07-30","temp_mean":28.6,"temp_max":33.4,"temp_min":22.5,"humidity_mean":53.0,"wind_speed_max":15.9,"wind_gusts_max":36.0,"precipitation":0.0,"soil_temp":36.35,"elevacion_centro":2.91,"cloud_cover":10.0,"NDVI":0.24}},{"type":"Feature","geometry":{"type":"Point","coordinates":[8.85,39.29]},"properties":{"lat":39.29,"lon":8.85,"fecha":"2023-07-31","temp_mean":27.2,"temp_max":34.0,"temp_min":21.7,"humidity_mean":50.0,"wind_speed_max":18.2,"wind_gusts_max":39.2,"precipitation":0.0,"soil_temp":29.24,"elevacion_centro":48.81,"cloud_cover":0.0,"NDVI":0.22}},{"type":"Feature","geometry":{"type":"Point","coordinates":[10.75,36.53]},"properties":{"lat":36.53,"lon":10.75,"fecha":"2023-08-01","temp_mean":28.6,"temp_max":34.8,"temp_min":24.1,"humidity_mean":54.0,"wind_speed_max":19.2,"wind_gusts_max":47.5,"precipitation":0.0,"soil_temp":32.41,"elevacion_centro":134.05,"cloud_cover":0.0,"NDVI":0.31}},{"type":"Feature","geometry":{"type":"Point","coordinates":[-5.33,36.21]},"properties":{"lat":36.21,"lon":-5.33,"fecha":"2023-08-01","temp_mean":26.5,"temp_max":32.8,"temp_min":21.5,"humidity_mean":53.0,"wind_speed_max":27.4,"wind_gusts_max":49.0,"precipitation":0.0,"soil_temp":26.07,"elevacion_centro":69.15,"cloud_cover":1.0,"NDVI":0.37}},{"type":"Feature","geometry":{"type":"Point","coordinates":[32.0,39.46]},"properties":{"lat":39.46,"lon":32.0,"fecha":"2023-08-01","temp_mean":27.6,"temp_max":35.2,"temp_min":19.5,"humidity_mean":39.0,"wind_speed_max":24.5,"wind_gusts_max":40.3,"precipitation":0.0,"soil_temp":27.36,"elevacion_centro":710.29,"cloud_cover":26.0,"NDVI":0.17}},{"type":"Feature","geometry":{"type":"Point","coordinates":[18.1,40.46]},"properties":{"lat":40.46,"lon":18.1,"fecha":"2023-08-02","temp_mean":28.7,"temp_max":34.2,"temp_min":24.2,"humidity_mean":67.0,"wind_speed_max":22.9,"wind_gusts_max":45.7,"precipitation":0.4,"soil_temp":36.68,"elevacion_centro":28.64,"cloud_cover":10.0,"NDVI":0.28}},{"type":"Feature","geometry":{"type":"Point","coordinates":[22.56,41.21]},"properties":{"lat":41.21,"lon":22.56,"fecha":"2023-08-03","temp_mean":29.9,"temp_max":36.5,"temp_min":22.5,"humidity_mean":52.0,"wind_speed_max":16.4,"wind_gusts_max":36.7,"precipitation":0.0,"soil_temp":31.06,"elevacion_centro":148.18,"cloud_cover":0.0,"NDVI":0.53}},{"type":"Feature","geometry":{"type":"Point","coordinates":[27.61,41.67]},"properties":{"lat":41.67,"lon":27.61,"fecha":"2023-08-04","temp_mean":28.2,"temp_max":33.8,"temp_min":23.0,"humidity_mean":45.0,"wind_speed_max":21.9,"wind_gusts_max":41.8,"precipitation":0.0,"soil_temp":31.14,"elevacion_centro":322.74,"cloud_cover":0.0,"NDVI":0.23}},{"type":"Feature","geometry":{"type":"Point","coordinates":[26.57,41.88]},"properties":{"lat":41.88,"lon":26.57,"fecha":"2023-08-04","temp_mean":31.1,"temp_max":38.5,"temp_min":23.9,"humidity_mean":39.0,"wind_speed_max":20.2,"wind_gusts_max":36.7,"precipitation":0.0,"soil_temp":30.94,"elevacion_centro":76.25,"cloud_cover":0.0,"NDVI":0.69}},{"type":"Feature","geometry":{"type":"Point","coordinates":[16.93,41.06]},"properties":{"lat":41.06,"lon":16.93,"fecha":"2023-08-04","temp_mean":29.1,"temp_max":36.0,"temp_min":23.2,"humidity_mean":63.0,"wind_speed_max":24.5,"wind_gusts_max":46.4,"precipitation":0.3,"soil_temp":32.99,"elevacion_centro":63.34,"cloud_cover":14.0,"NDVI":0.33}},{"type":"Feature","geometry":{"type":"Point","coordinates":[26.77,43.6]},"properties":{"lat":43.6,"lon":26.77,"fecha":"2023-08-04","temp_mean":28.2,"temp_max":35.5,"temp_min":21.5,"humidity_mean":50.0,"wind_speed_max":22.5,"wind_gusts_max":42.1,"precipitation":0.0,"soil_temp":29.89,"elevacion_centro":311.57,"cloud_cover":5.0,"NDVI":0.2}},{"type":"Feature","geometry":{"type":"Point","coordinates":[-7.78,39.75]},"properties":{"lat":39.75,"lon":-7.78,"fecha":"2023-08-05","temp_mean":28.4,"temp_max":36.8,"temp_min":21.0,"humidity_mean":24.0,"wind_speed_max":16.4,"wind_gusts_max":32.0,"precipitation":0.0,"soil_temp":27.76,"elevacion_centro":297.43,"cloud_cover":0.0,"NDVI":0.62}},{"type":"Feature","geometry":{"type":"Point","coordinates":[-8.65,39.69]},"properties":{"lat":39.69,"lon":-8.65,"fecha":"2023-08-05","temp_mean":24.4,"temp_max":33.5,"temp_min":14.7,"humidity_mean":46.0,"wind_speed_max":23.0,"wind_gusts_max":44.6,"precipitation":0.0,"soil_temp":24.18,"elevacion_centro":225.84,"cloud_cover":0.0,"NDVI":0.53}},{"type":"Feature","geometry":{"type":"Point","coordinates":[-7.87,39.72]},"properties":{"lat":39.72,"lon":-7.87,"fecha":"2023-08-05","temp_mean":28.3,"temp_max":36.4,"temp_min":20.9,"humidity_mean":23.0,"wind_speed_max":17.7,"wind_gusts_max":37.4,"precipitation":0.0,"soil_temp":26.33,"elevacion_centro":367.83,"cloud_cover":0.0,"NDVI":0.22}},{"type":"Feature","geometry":{"type":"Point","coordinates":[-6.67,37.3]},"properties":{"lat":37.3,"lon":-6.67,"fecha":"2023-08-05","temp_mean":29.4,"temp_max":39.0,"temp_min":20.1,"humidity_mean":37.0,"wind_speed_max":20.0,"wind_gusts_max":43.2,"precipitation":0.0,"soil_temp":31.52,"elevacion_centro":127.24,"cloud_cover":0.0,"NDVI":0.47}},{"type":"Feature","geometry":{"type":"Point","coordinates":[14.76,36.72]},"properties":{"lat":36.72,"lon":14.76,"fecha":"2023-08-06","temp_mean":24.4,"temp_max":28.0,"temp_min":21.2,"humidity_mean":61.0,"wind_speed_max":29.8,"wind_gusts_max":63.0,"precipitation":0.0,"soil_temp":30.92,"elevacion_centro":25.4,"cloud_cover":0.0,"NDVI":0.38}},{"type":"Feature","geometry":{"type":"Point","coordinates":[9.71,40.62]},"properties":{"lat":40.62,"lon":9.71,"fecha":"2023-08-06","temp_mean":24.2,"temp_max":29.5,"temp_min":20.1,"humidity_mean":45.0,"wind_speed_max":36.7,"wind_gusts_max":73.4,"precipitation":0.0,"soil_temp":25.96,"elevacion_centro":51.77,"cloud_cover":2.0,"NDVI":0.41}},{"type":"Feature","geometry":{"type":"Point","coordinates":[-8.71,37.43]},"properties":{"lat":37.43,"lon":-8.71,"fecha":"2023-08-06","temp_mean":27.9,"temp_max":34.4,"temp_min":23.2,"humidity_mean":33.0,"wind_speed_max":17.7,"wind_gusts_max":35.3,"precipitation":0.0,"soil_temp":30.11,"elevacion_centro":205.11,"cloud_cover":1.0,"NDVI":0.56}},{"type":"Feature","geometry":{"type":"Point","coordinates":[22.39,39.4]},"properties":{"lat":39.4,"lon":22.39,"fecha":"2023-08-06","temp_mean":26.9,"temp_max":33.0,"temp_min":21.5,"humidity_mean":46.0,"wind_speed_max":22.1,"wind_gusts_max":48.2,"precipitation":0.0,"soil_temp":31.18,"elevacion_centro":312.76,"cloud_cover":3.0,"NDVI":0.19}},{"type":"Feature","geometry":{"type":"Point","coordinates":[-6.19,36.54]},"properties":{"lat":36.54,"lon":-6.19,"fecha":"2023-08-06","temp_mean":29.9,"temp_max":37.2,"temp_min":22.0,"humidity_mean":34.0,"wind_speed_max":23.2,"wind_gusts_max":42.1,"precipitation":0.0,"soil_temp":32.43,"elevacion_centro":4.78,"cloud_cover":0.0,"NDVI":0.22}},{"type":"Feature","geometry":{"type":"Point","coordinates":[-8.43,41.24]},"properties":{"lat":41.24,"lon":-8.43,"fecha":"2023-08-06","temp_mean":25.8,"temp_max":33.7,"temp_min":18.5,"humidity_mean":49.0,"wind_speed_max":17.8,"wind_gusts_max":36.4,"precipitation":0.0,"soil_temp":25.06,"elevacion_centro":239.53,"cloud_cover":0.0,"NDVI":0.71}},{"type":"Feature","geometry":{"type":"Point","coordinates":[-8.69,39.75]},"properties":{"lat":39.75,"lon":-8.69,"fecha":"2023-08-07","temp_mean":30.4,"temp_max":40.2,"temp_min":20.4,"humidity_mean":33.0,"wind_speed_max":18.1,"wind_gusts_max":36.7,"precipitation":0.0,"soil_temp":25.49,"elevacion_centro":211.92,"cloud_cover":0.0,"NDVI":0.78}},{"type":"Feature","geometry":{"type":"Point","coordinates":[-8.88,37.2]},"properties":{"lat":37.2,"lon":-8.88,"fecha":"2023-08-07","temp_mean":26.5,"temp_max":30.2,"temp_min":22.5,"humidity_mean":53.0,"wind_speed_max":46.4,"wind_gusts_max":82.4,"precipitation":0.0,"soil_temp":26.05,"elevacion_centro":17.18,"cloud_cover":1.0,"NDVI":0.21}},{"type":"Feature","geometry":{"type":"Point","coordinates":[-7.19,39.33]},"properties":{"lat":39.33,"lon":-7.19,"fecha":"2023-08-08","temp_mean":29.9,"temp_max":37.6,"temp_min":22.9,"humidity_mean":34.0,"wind_speed_max":17.3,"wind_gusts_max":38.2,"precipitation":0.0,"soil_temp":33.0,"elevacion_centro":623.4,"cloud_cover":0.0,"NDVI":0.69}},{"type":"Feature","geometry":{"type":"Point","coordinates":[10.36,43.73]},"properties":{"lat":43.73,"lon":10.36,"fecha":"2023-08-08","temp_mean":21.7,"temp_max":28.2,"temp_min":14.8,"humidity_mean":53.0,"wind_speed_max":16.6,"wind_gusts_max":37.8,"precipitation":0.0,"soil_temp":24.85,"elevacion_centro":0.86,"cloud_cover":27.0,"NDVI":0.42}},{"type":"Feature","geometry":{"type":"Point","coordinates":[23.23,41.46]},"properties":{"lat":41.46,"lon":23.23,"fecha":"2023-08-08","temp_mean":22.2,"temp_max":27.7,"temp_min":17.1,"humidity_mean":53.0,"wind_speed_max":18.6,"wind_gusts_max":38.9,"precipitation":0.0,"soil_temp":24.41,"elevacion_centro":107.63,"cloud_cover":20.0,"NDVI":0.36}},{"type":"Feature","geometry":{"type":"Point","coordinates":[0.83,51.4]},"properties":{"lat":51.4,"lon":0.83,"fecha":"2023-08-09","temp_mean":17.3,"temp_max":21.6,"temp_min":12.8,"humidity_mean":76.0,"wind_speed_max":22.0,"wind_gusts_max":38.9,"precipitation":0.0,"soil_temp":17.4,"elevacion_centro":16.52,"cloud_cover":37.0,"NDVI":0.39}},{"type":"Feature","geometry":{"type":"Point","coordinates":[4.25,36.43]},"properties":{"lat":36.43,"lon":4.25,"fecha":"2023-08-09","temp_mean":27.6,"temp_max":32.8,"temp_min":23.2,"humidity_mean":25.0,"wind_speed_max":12.1,"wind_gusts_max":50.0,"precipitation":0.0,"soil_temp":29.93,"elevacion_centro":1280.92,"cloud_cover":0.0,"NDVI":0.55}},{"type":"Feature","geometry":{"type":"Point","coordinates":[-6.58,41.65]},"properties":{"lat":41.65,"lon":-6.58,"fecha":"2023-08-10","temp_mean":24.7,"temp_max":33.0,"temp_min":15.9,"humidity_mean":38.0,"wind_speed_max":12.2,"wind_gusts_max":29.9,"precipitation":0.0,"soil_temp":27.6,"elevacion_centro":646.95,"cloud_cover":22.0,"NDVI":0.47}},{"type":"Feature","geometry":{"type":"Point","coordinates":[-7.55,40.23]},"properties":{"lat":40.23,"lon":-7.55,"fecha":"2023-08-11","temp_mean":26.5,"temp_max":34.6,"temp_min":20.0,"humidity_mean":46.0,"wind_speed_max":19.0,"wind_gusts_max":40.7,"precipitation":0.0,"soil_temp":30.28,"elevacion_centro":621.59,"cloud_cover":0.0,"NDVI":0.69}},{"type":"Feature","geometry":{"type":"Point","coordinates":[24.42,38.1]},"properties":{"lat":38.1,"lon":24.42,"fecha":"2023-08-11","temp_mean":21.5,"temp_max":24.0,"temp_min":19.6,"humidity_mean":69.0,"wind_speed_max":22.7,"wind_gusts_max":78.8,"precipitation":1.7,"soil_temp":29.54,"elevacion_centro":463.52,"cloud_cover":14.0,"NDVI":0.36}},{"type":"Feature","geometry":{"type":"Point","coordinates":[25.94,43.89]},"properties":{"lat":43.89,"lon":25.94,"fecha":"2023-08-12","temp_mean":23.7,"temp_max":29.5,"temp_min":18.2,"humidity_mean":54.0,"wind_speed_max":12.4,"wind_gusts_max":27.4,"precipitation":0.4,"soil_temp":25.55,"elevacion_centro":23.8,"cloud_cover":19.0,"NDVI":0.51}},{"type":"Feature","geometry":{"type":"Point","coordinates":[-8.38,40.49]},"properties":{"lat":40.49,"lon":-8.38,"fecha":"2023-08-12","temp_mean":21.4,"temp_max":27.0,"temp_min":16.5,"humidity_mean":77.0,"wind_speed_max":24.2,"wind_gusts_max":47.5,"precipitation":0.0,"soil_temp":24.31,"elevacion_centro":108.77,"cloud_cover":38.0,"NDVI":0.63}},{"type":"Feature","geometry":{"type":"Point","coordinates":[1.83,36.45]},"properties":{"lat":36.45,"lon":1.83,"fecha":"2023-08-13","temp_mean":27.8,"temp_max":33.3,"temp_min":22.5,"humidity_mean":35.0,"wind_speed_max":11.9,"wind_gusts_max":33.8,"precipitation":0.0,"soil_temp":30.44,"elevacion_centro":664.25,"cloud_cover":0.0,"NDVI":0.46}},{"type":"Feature","geometry":{"type":"Point","coordinates":[4.4,36.66]},"properties":{"lat":36.66,"lon":4.4,"fecha":"2023-08-14","temp_mean":30.5,"temp_max":38.2,"temp_min":23.3,"humidity_mean":32.0,"wind_speed_max":17.8,"wind_gusts_max":45.7,"precipitation":0.0,"soil_temp":30.03,"elevacion_centro":348.86,"cloud_cover":0.0,"NDVI":0.41}},{"type":"Feature","geometry":{"type":"Point","coordinates":[4.52,51.99]},"properties":{"lat":51.99,"lon":4.52,"fecha":"2023-08-14","temp_mean":19.8,"temp_max":26.5,"temp_min":14.1,"humidity_mean":73.0,"wind_speed_max":18.0,"wind_gusts_max":34.6,"precipitation":0.0,"soil_temp":19.48,"elevacion_centro":-3.77,"cloud_cover":66.0,"NDVI":0.26}},{"type":"Feature","geometry":{"type":"Point","coordinates":[24.91,44.23]},"properties":{"lat":44.23,"lon":24.91,"fecha":"2023-08-14","temp_mean":25.3,"temp_max":30.9,"temp_min":18.6,"humidity_mean":43.0,"wind_speed_max":19.0,"wind_gusts_max":38.5,"precipitation":0.0,"soil_temp":27.56,"elevacion_centro":123.89,"cloud_cover":18.0,"NDVI":0.2}},{"type":"Feature","geometry":{"type":"Point","coordinates":[31.65,37.25]},"properties":{"lat":37.25,"lon":31.65,"fecha":"2023-08-15","temp_mean":28.9,"temp_max":35.6,"temp_min":22.3,"humidity_mean":32.0,"wind_speed_max":17.5,"wind_gusts_max":41.4,"precipitation":0.0,"soil_temp":29.79,"elevacion_centro":1291.34,"cloud_cover":33.0,"NDVI":0.52}},{"type":"Feature","geometry":{"type":"Point","coordinates":[14.28,37.36]},"properties":{"lat":37.36,"lon":14.28,"fecha":"2023-08-15","temp_mean":24.5,"temp_max":31.0,"temp_min":18.3,"humidity_mean":49.0,"wind_speed_max":19.3,"wind_gusts_max":38.5,"precipitation":0.0,"soil_temp":29.12,"elevacion_centro":428.15,"cloud_cover":0.0,"NDVI":0.18}},{"type":"Feature","geometry":{"type":"Point","coordinates":[15.63,40.92]},"properties":{"lat":40.92,"lon":15.63,"fecha":"2023-08-18","temp_mean":24.1,"temp_max":30.2,"temp_min":18.5,"humidity_mean":50.0,"wind_speed_max":16.6,"wind_gusts_max":37.4,"precipitation":0.0,"soil_temp":26.34,"elevacion_centro":777.03,"cloud_cover":7.0,"NDVI":0.41}},{"type":"Feature","geometry":{"type":"Point","coordinates":[-3.52,37.01]},"properties":{"lat":37.01,"lon":-3.52,"fecha":"2023-08-18","temp_mean":22.9,"temp_max":28.0,"temp_min":18.1,"humidity_mean":22.0,"wind_speed_max":12.8,"wind_gusts_max":45.4,"precipitation":0.0,"soil_temp":31.8,"elevacion_centro":1684.99,"cloud_cover":39.0,"NDVI":0.75}},{"type":"Feature","geometry":{"type":"Point","coordinates":[26.1,41.05]},"properties":{"lat":41.05,"lon":26.1,"fecha":"2023-08-19","temp_mean":25.6,"temp_max":32.0,"temp_min":21.4,"humidity_mean":51.0,"wind_speed_max":32.8,"wind_gusts_max":70.6,"precipitation":0.0,"soil_temp":29.03,"elevacion_centro":274.21,"cloud_cover":27.0,"NDVI":0.85}},{"type":"Feature","geometry":{"type":"Point","coordinates":[26.22,41.9]},"properties":{"lat":41.9,"lon":26.22,"fecha":"2023-08-19","temp_mean":25.5,"temp_max":31.5,"temp_min":21.2,"humidity_mean":54.0,"wind_speed_max":30.1,"wind_gusts_max":59.0,"precipitation":0.0,"soil_temp":26.66,"elevacion_centro":292.51,"cloud_cover":33.0,"NDVI":0.52}},{"type":"Feature","geometry":{"type":"Point","coordinates":[25.82,40.93]},"properties":{"lat":40.93,"lon":25.82,"fecha":"2023-08-20","temp_mean":28.7,"temp_max":34.2,"temp_min":23.0,"humidity_mean":40.0,"wind_speed_max":24.4,"wind_gusts_max":55.4,"precipitation":0.0,"soil_temp":29.88,"elevacion_centro":277.43,"cloud_cover":11.0,"NDVI":0.7}},{"type":"Feature","geometry":{"type":"Point","coordinates":[6.61,35.13]},"properties":{"lat":35.13,"lon":6.61,"fecha":"2023-08-20","temp_mean":27.1,"temp_max":34.4,"temp_min":20.1,"humidity_mean":27.0,"wind_speed_max":15.9,"wind_gusts_max":32.8,"precipitation":0.0,"soil_temp":32.33,"elevacion_centro":1248.8,"cloud_cover":1.0,"NDVI":0.25}},{"type":"Feature","geometry":{"type":"Point","coordinates":[34.92,52.37]},"properties":{"lat":52.37,"lon":34.92,"fecha":"2023-08-20","temp_mean":23.1,"temp_max":29.2,"temp_min":17.9,"humidity_mean":74.0,"wind_speed_max":13.8,"wind_gusts_max":31.0,"precipitation":1.1,"soil_temp":21.88,"elevacion_centro":214.77,"cloud_cover":65.0,"NDVI":0.36}},{"type":"Feature","geometry":{"type":"Point","coordinates":[25.53,41.17]},"properties":{"lat":41.17,"lon":25.53,"fecha":"2023-08-21","temp_mean":30.2,"temp_max":36.3,"temp_min":25.7,"humidity_mean":29.0,"wind_speed_max":24.8,"wind_gusts_max":50.0,"precipitation":0.0,"soil_temp":30.99,"elevacion_centro":243.42,"cloud_cover":1.0,"NDVI":0.84}},{"type":"Feature","geometry":{"type":"Point","coordinates":[22.72,38.33]},"properties":{"lat":38.33,"lon":22.72,"fecha":"2023-08-21","temp_mean":29.4,"temp_max":32.9,"temp_min":25.8,"humidity_mean":32.0,"wind_speed_max":36.0,"wind_gusts_max":98.3,"precipitation":0.0,"soil_temp":28.05,"elevacion_centro":335.28,"cloud_cover":1.0,"NDVI":0.47}},{"type":"Feature","geometry":{"type":"Point","coordinates":[-7.9,41.16]},"properties":{"lat":41.16,"lon":-7.9,"fecha":"2023-08-21","temp_mean":27.7,"temp_max":36.3,"temp_min":18.4,"humidity_mean":56.0,"wind_speed_max":11.6,"wind_gusts_max":31.3,"precipitation":0.0,"soil_temp":24.6,"elevacion_centro":384.39,"cloud_cover":15.0,"NDVI":0.51}},{"type":"Feature","geometry":{"type":"Point","coordinates":[22.84,38.25]},"properties":{"lat":38.25,"lon":22.84,"fecha":"2023-08-21","temp_mean":27.5,"temp_max":32.0,"temp_min":23.1,"humidity_mean":33.0,"wind_speed_max":16.9,"wind_gusts_max":75.2,"precipitation":0.0,"soil_temp":30.28,"elevacion_centro":555.07,"cloud_cover":1.0,"NDVI":0.48}},{"type":"Feature","geometry":{"type":"Point","coordinates":[25.27,41.16]},"properties":{"lat":41.16,"lon":25.27,"fecha":"2023-08-21","temp_mean":27.7,"temp_max":33.3,"temp_min":22.8,"humidity_mean":35.0,"wind_speed_max":24.2,"wind_gusts_max":75.2,"precipitation":0.0,"soil_temp":31.44,"elevacion_centro":454.07,"cloud_cover":3.0,"NDVI":0.8}},{"type":"Feature","geometry":{"type":"Point","coordinates":[34.64,39.42]},"properties":{"lat":39.42,"lon":34.64,"fecha":"2023-08-22","temp_mean":24.2,"temp_max":31.1,"temp_min":15.8,"humidity_mean":39.0,"wind_speed_max":18.4,"wind_gusts_max":36.4,"precipitation":0.0,"soil_temp":26.97,"elevacion_centro":1143.17,"cloud_cover":0.0,"NDVI":0.21}},{"type":"Feature","geometry":{"type":"Point","coordinates":[24.69,41.05]},"properties":{"lat":41.05,"lon":24.69,"fecha":"2023-08-22","temp_mean":28.8,"temp_max":34.5,"temp_min":21.6,"humidity_mean":39.0,"wind_speed_max":17.5,"wind_gusts_max":45.0,"precipitation":0.0,"soil_temp":31.33,"elevacion_centro":275.6,"cloud_cover":17.0,"NDVI":0.59}},{"type":"Feature","geometry":{"type":"Point","coordinates":[22.07,38.93]},"properties":{"lat":38.93,"lon":22.07,"fecha":"2023-08-22","temp_mean":29.0,"temp_max":35.7,"temp_min":21.4,"humidity_mean":33.0,"wind_speed_max":20.2,"wind_gusts_max":49.0,"precipitation":0.0,"soil_temp":25.16,"elevacion_centro":193.32,"cloud_cover":0.0,"NDVI":0.59}},{"type":"Feature","geometry":{"type":"Point","coordinates":[23.41,40.35]},"properties":{"lat":40.35,"lon":23.41,"fecha":"2023-08-22","temp_mean":29.6,"temp_max":35.2,"temp_min":23.9,"humidity_mean":35.0,"wind_speed_max":21.0,"wind_gusts_max":45.0,"precipitation":0.0,"soil_temp":30.97,"elevacion_centro":309.34,"cloud_cover":0.0,"NDVI":0.8}},{"type":"Feature","geometry":{"type":"Point","coordinates":[23.66,38.13]},"properties":{"lat":38.13,"lon":23.66,"fecha":"2023-08-22","temp_mean":27.9,"temp_max":32.5,"temp_min":24.2,"humidity_mean":35.0,"wind_speed_max":29.3,"wind_gusts_max":81.0,"precipitation":0.0,"soil_temp":30.82,"elevacion_centro":410.67,"cloud_cover":0.0,"NDVI":0.58}},{"type":"Feature","geometry":{"type":"Point","coordinates":[23.41,38.32]},"properties":{"lat":38.32,"lon":23.41,"fecha":"2023-08-22","temp_mean":28.2,"temp_max":32.8,"temp_min":23.0,"humidity_mean":40.0,"wind_speed_max":23.5,"wind_gusts_max":53.3,"precipitation":0.0,"soil_temp":29.44,"elevacion_centro":349.27,"cloud_cover":1.0,"NDVI":0.61}},{"type":"Feature","geometry":{"type":"Point","coordinates":[-7.83,40.52]},"properties":{"lat":40.52,"lon":-7.83,"fecha":"2023-08-23","temp_mean":31.1,"temp_max":40.3,"temp_min":24.5,"humidity_mean":37.0,"wind_speed_max":21.5,"wind_gusts_max":42.8,"precipitation":0.0,"soil_temp":29.83,"elevacion_centro":367.71,"cloud_cover":5.0,"NDVI":0.74}},{"type":"Feature","geometry":{"type":"Point","coordinates":[30.62,39.18]},"properties":{"lat":39.18,"lon":30.62,"fecha":"2023-08-23","temp_mean":23.6,"temp_max":31.3,"temp_min":14.4,"humidity_mean":38.0,"wind_speed_max":11.3,"wind_gusts_max":29.2,"precipitation":0.0,"soil_temp":24.92,"elevacion_centro":1127.81,"cloud_cover":1.0,"NDVI":0.47}},{"type":"Feature","geometry":{"type":"Point","coordinates":[26.47,40.07]},"properties":{"lat":40.07,"lon":26.47,"fecha":"2023-08-23","temp_mean":28.1,"temp_max":34.2,"temp_min":23.2,"humidity_mean":53.0,"wind_speed_max":28.0,"wind_gusts_max":56.9,"precipitation":0.0,"soil_temp":30.09,"elevacion_centro":187.71,"cloud_cover":0.0,"NDVI":0.29}},{"type":"Feature","geometry":{"type":"Point","coordinates":[26.31,40.3]},"properties":{"lat":40.3,"lon":26.31,"fecha":"2023-08-23","temp_mean":28.5,"temp_max":35.0,"temp_min":23.5,"humidity_mean":51.0,"wind_speed_max":27.3,"wind_gusts_max":57.2,"precipitation":0.0,"soil_temp":30.6,"elevacion_centro":97.59,"cloud_cover":0.0,"NDVI":0.28}},{"type":"Feature","geometry":{"type":"Point","coordinates":[22.53,41.31]},"properties":{"lat":41.31,"lon":22.53,"fecha":"2023-08-23","temp_mean":29.5,"temp_max":35.7,"temp_min":23.6,"humidity_mean":44.0,"wind_speed_max":10.4,"wind_gusts_max":22.7,"precipitation":0.0,"soil_temp":28.39,"elevacion_centro":70.26,"cloud_cover":25.0,"NDVI":0.04}},{"type":"Feature","geometry":{"type":"Point","coordinates":[22.46,39.23]},"properties":{"lat":39.23,"lon":22.46,"fecha":"2023-08-23","temp_mean":26.7,"temp_max":31.1,"temp_min":22.1,"humidity_mean":34.0,"wind_speed_max":15.7,"wind_gusts_max":37.4,"precipitation":0.0,"soil_temp":28.27,"elevacion_centro":720.91,"cloud_cover":18.0,"NDVI":0.54}},{"type":"Feature","geometry":{"type":"Point","coordinates":[20.26,39.8]},"properties":{"lat":39.8,"lon":20.26,"fecha":"2023-08-23","temp_mean":28.6,"temp_max":34.5,"temp_min":22.5,"humidity_mean":37.0,"wind_speed_max":13.7,"wind_gusts_max":43.2,"precipitation":0.2,"soil_temp":30.84,"elevacion_centro":676.26,"cloud_cover":29.0,"NDVI":0.54}},{"type":"Feature","geometry":{"type":"Point","coordinates":[19.48,40.7]},"properties":{"lat":40.7,"lon":19.48,"fecha":"2023-08-23","temp_mean":30.2,"temp_max":39.2,"temp_min":23.6,"humidity_mean":50.0,"wind_speed_max":10.4,"wind_gusts_max":26.3,"precipitation":0.0,"soil_temp":30.61,"elevacion_centro":37.68,"cloud_cover":30.0,"NDVI":0.34}},{"type":"Feature","geometry":{"type":"Point","coordinates":[10.97,50.9]},"properties":{"lat":50.9,"lon":10.97,"fecha":"2023-08-23","temp_mean":20.5,"temp_max":26.0,"temp_min":14.4,"humidity_mean":70.0,"wind_speed_max":9.7,"wind_gusts_max":23.0,"precipitation":0.0,"soil_temp":21.82,"elevacion_centro":242.98,"cloud_cover":13.0,"NDVI":0.22}},{"type":"Feature","geometry":{"type":"Point","coordinates":[0.9,43.49]},"properties":{"lat":43.49,"lon":0.9,"fecha":"2023-08-24","temp_mean":31.5,"temp_max":40.2,"temp_min":24.3,"humidity_mean":43.0,"wind_speed_max":18.7,"wind_gusts_max":36.0,"precipitation":0.0,"soil_temp":34.56,"elevacion_centro":208.93,"cloud_cover":18.0,"NDVI":0.44}},{"type":"Feature","geometry":{"type":"Point","coordinates":[-1.78,42.63]},"properties":{"lat":42.63,"lon":-1.78,"fecha":"2023-08-24","temp_mean":31.3,"temp_max":39.7,"temp_min":20.8,"humidity_mean":34.0,"wind_speed_max":28.7,"wind_gusts_max":52.9,"precipitation":0.0,"soil_temp":30.78,"elevacion_centro":470.87,"cloud_cover":13.0,"NDVI":0.53}},{"type":"Feature","geometry":{"type":"Point","coordinates":[22.78,38.4]},"properties":{"lat":38.4,"lon":22.78,"fecha":"2023-08-24","temp_mean":26.0,"temp_max":30.8,"temp_min":21.3,"humidity_mean":39.0,"wind_speed_max":19.2,"wind_gusts_max":55.1,"precipitation":0.1,"soil_temp":28.79,"elevacion_centro":760.3,"cloud_cover":16.0,"NDVI":0.47}},{"type":"Feature","geometry":{"type":"Point","coordinates":[19.91,40.72]},"properties":{"lat":40.72,"lon":19.91,"fecha":"2023-08-25","temp_mean":28.9,"temp_max":36.2,"temp_min":21.3,"humidity_mean":50.0,"wind_speed_max":12.9,"wind_gusts_max":35.3,"precipitation":0.2,"soil_temp":29.47,"elevacion_centro":157.78,"cloud_cover":23.0,"NDVI":0.36}},{"type":"Feature","geometry":{"type":"Point","coordinates":[-4.8,39.08]},"properties":{"lat":39.08,"lon":-4.8,"fecha":"2023-08-25","temp_mean":31.6,"temp_max":37.7,"temp_min":24.8,"humidity_mean":19.0,"wind_speed_max":21.0,"wind_gusts_max":41.4,"precipitation":0.0,"soil_temp":32.27,"elevacion_centro":650.75,"cloud_cover":33.0,"NDVI":0.16}},{"type":"Feature","geometry":{"type":"Point","coordinates":[-5.73,40.06]},"properties":{"lat":40.06,"lon":-5.73,"fecha":"2023-08-25","temp_mean":30.8,"temp_max":37.3,"temp_min":24.1,"humidity_mean":20.0,"wind_speed_max":21.6,"wind_gusts_max":41.4,"precipitation":0.0,"soil_temp":31.57,"elevacion_centro":503.62,"cloud_cover":44.0,"NDVI":0.51}},{"type":"Feature","geometry":{"type":"Point","coordinates":[15.64,41.26]},"properties":{"lat":41.26,"lon":15.64,"fecha":"2023-08-26","temp_mean":30.6,"temp_max":38.1,"temp_min":23.5,"humidity_mean":47.0,"wind_speed_max":10.4,"wind_gusts_max":23.8,"precipitation":0.0,"soil_temp":33.08,"elevacion_centro":185.38,"cloud_cover":16.0,"NDVI":0.22}},{"type":"Feature","geometry":{"type":"Point","coordinates":[12.62,50.16]},"properties":{"lat":50.16,"lon":12.62,"fecha":"2023-08-26","temp_mean":20.4,"temp_max":24.5,"temp_min":16.6,"humidity_mean":82.0,"wind_speed_max":20.1,"wind_gusts_max":46.4,"precipitation":7.8,"soil_temp":20.22,"elevacion_centro":407.24,"cloud_cover":88.0,"NDVI":0.53}},{"type":"Feature","geometry":{"type":"Point","coordinates":[20.25,42.74]},"properties":{"lat":42.74,"lon":20.25,"fecha":"2023-08-26","temp_mean":17.7,"temp_max":20.5,"temp_min":14.3,"humidity_mean":49.0,"wind_speed_max":8.3,"wind_gusts_max":24.8,"precipitation":0.0,"soil_temp":22.8,"elevacion_centro":2059.76,"cloud_cover":11.0,"NDVI":0.69}},{"type":"Feature","geometry":{"type":"Point","coordinates":[7.58,36.3]},"properties":{"lat":36.3,"lon":7.58,"fecha":"2023-08-26","temp_mean":26.7,"temp_max":34.6,"temp_min":19.2,"humidity_mean":40.0,"wind_speed_max":18.4,"wind_gusts_max":42.8,"precipitation":0.0,"soil_temp":31.67,"elevacion_centro":1022.1,"cloud_cover":1.0,"NDVI":0.6}},{"type":"Feature","geometry":{"type":"Point","coordinates":[33.67,40.96]},"properties":{"lat":40.96,"lon":33.67,"fecha":"2023-08-26","temp_mean":22.5,"temp_max":30.9,"temp_min":14.4,"humidity_mean":42.0,"wind_speed_max":10.8,"wind_gusts_max":31.3,"precipitation":0.0,"soil_temp":22.57,"elevacion_centro":1047.75,"cloud_cover":0.0,"NDVI":0.29}},{"type":"Feature","geometry":{"type":"Point","coordinates":[24.79,37.91]},"properties":{"lat":37.91,"lon":24.79,"fecha":"2023-08-26","temp_mean":24.1,"temp_max":25.8,"temp_min":22.4,"humidity_mean":65.0,"wind_speed_max":37.6,"wind_gusts_max":87.1,"precipitation":1.0,"soil_temp":29.63,"elevacion_centro":372.28,"cloud_cover":51.0,"NDVI":0.51}},{"type":"Feature","geometry":{"type":"Point","coordinates":[8.84,36.73]},"properties":{"lat":36.73,"lon":8.84,"fecha":"2023-08-27","temp_mean":28.0,"temp_max":39.5,"temp_min":20.1,"humidity_mean":45.0,"wind_speed_max":33.1,"wind_gusts_max":89.6,"precipitation":0.0,"soil_temp":32.71,"elevacion_centro":827.62,"cloud_cover":37.0,"NDVI":0.59}},{"type":"Feature","geometry":{"type":"Point","coordinates":[9.54,37.23]},"properties":{"lat":37.23,"lon":9.54,"fecha":"2023-08-27","temp_mean":30.3,"temp_max":42.7,"temp_min":20.9,"humidity_mean":55.0,"wind_speed_max":29.2,"wind_gusts_max":65.5,"precipitation":0.0,"soil_temp":32.95,"elevacion_centro":200.27,"cloud_cover":44.0,"NDVI":0.63}},{"type":"Feature","geometry":{"type":"Point","coordinates":[12.49,37.91]},"properties":{"lat":37.91,"lon":12.49,"fecha":"2023-08-27","temp_mean":29.6,"temp_max":34.4,"temp_min":24.4,"humidity_mean":47.0,"wind_speed_max":30.9,"wind_gusts_max":59.8,"precipitation":0.0,"soil_temp":33.39,"elevacion_centro":6.52,"cloud_cover":14.0,"NDVI":0.3}},{"type":"Feature","geometry":{"type":"Point","coordinates":[12.79,37.88]},"properties":{"lat":37.88,"lon":12.79,"fecha":"2023-08-27","temp_mean":28.6,"temp_max":32.8,"temp_min":24.2,"humidity_mean":40.0,"wind_speed_max":29.5,"wind_gusts_max":61.9,"precipitation":0.0,"soil_temp":33.39,"elevacion_centro":378.12,"cloud_cover":16.0,"NDVI":0.37}},{"type":"Feature","geometry":{"type":"Point","coordinates":[8.03,36.67]},"properties":{"lat":36.67,"lon":8.03,"fecha":"2023-08-27","temp_mean":29.0,"temp_max":42.2,"temp_min":21.8,"humidity_mean":41.0,"wind_speed_max":18.1,"wind_gusts_max":49.3,"precipitation":0.0,"soil_temp":31.65,"elevacion_centro":558.5,"cloud_cover":39.0,"NDVI":0.66}},{"type":"Feature","geometry":{"type":"Point","coordinates":[13.29,37.9]},"properties":{"lat":37.9,"lon":13.29,"fecha":"2023-08-27","temp_mean":29.8,"temp_max":34.2,"temp_min":23.1,"humidity_mean":29.0,"wind_speed_max":23.4,"wind_gusts_max":47.5,"precipitation":0.0,"soil_temp":30.38,"elevacion_centro":519.06,"cloud_cover":12.0,"NDVI":0.19}},{"type":"Feature","geometry":{"type":"Point","coordinates":[8.77,36.84]},"properties":{"lat":36.84,"lon":8.77,"fecha":"2023-08-27","temp_mean":30.4,"temp_max":42.4,"temp_min":23.2,"humidity_mean":46.0,"wind_speed_max":27.5,"wind_gusts_max":59.4,"precipitation":0.3,"soil_temp":31.72,"elevacion_centro":415.25,"cloud_cover":39.0,"NDVI":0.83}},{"type":"Feature","geometry":{"type":"Point","coordinates":[9.42,37.18]},"properties":{"lat":37.18,"lon":9.42,"fecha":"2023-08-27","temp_mean":31.1,"temp_max":43.5,"temp_min":22.9,"humidity_mean":50.0,"wind_speed_max":28.8,"wind_gusts_max":57.2,"precipitation":0.0,"soil_temp":32.95,"elevacion_centro":103.93,"cloud_cover":40.0,"NDVI":0.64}},{"type":"Feature","geometry":{"type":"Point","coordinates":[9.11,37.07]},"properties":{"lat":37.07,"lon":9.11,"fecha":"2023-08-28","temp_mean":24.3,"temp_max":25.5,"temp_min":23.1,"humidity_mean":57.0,"wind_speed_max":32.4,"wind_gusts_max":65.5,"precipitation":0.7,"soil_temp":29.12,"elevacion_centro":199.0,"cloud_cover":41.0,"NDVI":0.7}},{"type":"Feature","geometry":{"type":"Point","coordinates":[16.15,41.07]},"properties":{"lat":41.07,"lon":16.15,"fecha":"2023-08-29","temp_mean":20.9,"temp_max":25.4,"temp_min":17.1,"humidity_mean":54.0,"wind_speed_max":30.8,"wind_gusts_max":64.4,"precipitation":0.0,"soil_temp":26.57,"elevacion_centro":574.43,"cloud_cover":16.0,"NDVI":0.27}},{"type":"Feature","geometry":{"type":"Point","coordinates":[32.57,38.9]},"properties":{"lat":38.9,"lon":32.57,"fecha":"2023-08-30","temp_mean":25.4,"temp_max":32.3,"temp_min":16.8,"humidity_mean":30.0,"wind_speed_max":15.5,"wind_gusts_max":28.4,"precipitation":0.0,"soil_temp":27.75,"elevacion_centro":1216.7,"cloud_cover":1.0,"NDVI":0.16}},{"type":"Feature","geometry":{"type":"Point","coordinates":[30.09,39.34]},"properties":{"lat":39.34,"lon":30.09,"fecha":"2023-08-30","temp_mean":24.0,"temp_max":32.8,"temp_min":14.9,"humidity_mean":37.0,"wind_speed_max":16.4,"wind_gusts_max":36.7,"precipitation":0.0,"soil_temp":25.51,"elevacion_centro":1010.59,"cloud_cover":1.0,"NDVI":0.17}},{"type":"Feature","geometry":{"type":"Point","coordinates":[-3.73,36.8]},"properties":{"lat":36.8,"lon":-3.73,"fecha":"2023-08-30","temp_mean":23.1,"temp_max":25.9,"temp_min":20.3,"humidity_mean":52.0,"wind_speed_max":12.7,"wind_gusts_max":33.8,"precipitation":0.0,"soil_temp":28.58,"elevacion_centro":362.45,"cloud_cover":30.0,"NDVI":0.28}},{"type":"Feature","geometry":{"type":"Point","coordinates":[22.03,37.12]},"properties":{"lat":37.12,"lon":22.03,"fecha":"2023-08-31","temp_mean":26.0,"temp_max":31.8,"temp_min":20.6,"humidity_mean":56.0,"wind_speed_max":18.9,"wind_gusts_max":39.2,"precipitation":0.0,"soil_temp":27.33,"elevacion_centro":13.92,"cloud_cover":34.0,"NDVI":0.27}},{"type":"Feature","geometry":{"type":"Point","coordinates":[22.64,41.17]},"properties":{"lat":41.17,"lon":22.64,"fecha":"2023-08-31","temp_mean":24.4,"temp_max":29.4,"temp_min":19.8,"humidity_mean":42.0,"wind_speed_max":15.5,"wind_gusts_max":33.1,"precipitation":0.0,"soil_temp":27.87,"elevacion_centro":278.44,"cloud_cover":13.0,"NDVI":0.7}},{"type":"Feature","geometry":{"type":"Point","coordinates":[13.17,37.9]},"properties":{"lat":37.9,"lon":13.17,"fecha":"2023-09-01","temp_mean":21.1,"temp_max":27.6,"temp_min":15.6,"humidity_mean":67.0,"wind_speed_max":14.3,"wind_gusts_max":31.0,"precipitation":0.0,"soil_temp":25.32,"elevacion_centro":313.32,"cloud_cover":10.0,"NDVI":0.32}},{"type":"Feature","geometry":{"type":"Point","coordinates":[14.72,41.9]},"properties":{"lat":41.9,"lon":14.72,"fecha":"2023-09-01","temp_mean":22.3,"temp_max":28.2,"temp_min":16.6,"humidity_mean":64.0,"wind_speed_max":14.9,"wind_gusts_max":36.7,"precipitation":0.0,"soil_temp":25.56,"elevacion_centro":200.67,"cloud_cover":8.0,"NDVI":0.46}},{"type":"Feature","geometry":{"type":"Point","coordinates":[13.57,37.5]},"properties":{"lat":37.5,"lon":13.57,"fecha":"2023-09-02","temp_mean":23.8,"temp_max":30.0,"temp_min":19.2,"humidity_mean":72.0,"wind_speed_max":14.3,"wind_gusts_max":33.5,"precipitation":0.0,"soil_temp":26.47,"elevacion_centro":151.86,"cloud_cover":51.0,"NDVI":0.34}},{"type":"Feature","geometry":{"type":"Point","coordinates":[9.32,37.18]},"properties":{"lat":37.18,"lon":9.32,"fecha":"2023-09-03","temp_mean":29.7,"temp_max":37.0,"temp_min":24.5,"humidity_mean":47.0,"wind_speed_max":24.7,"wind_gusts_max":49.0,"precipitation":0.0,"soil_temp":29.82,"elevacion_centro":170.01,"cloud_cover":68.0,"NDVI":0.69}},{"type":"Feature","geometry":{"type":"Point","coordinates":[12.49,41.66]},"properties":{"lat":41.66,"lon":12.49,"fecha":"2023-09-04","temp_mean":25.7,"temp_max":32.4,"temp_min":20.5,"humidity_mean":46.0,"wind_speed_max":34.7,"wind_gusts_max":59.0,"precipitation":0.0,"soil_temp":27.2,"elevacion_centro":83.71,"cloud_cover":54.0,"NDVI":0.25}},{"type":"Feature","geometry":{"type":"Point","coordinates":[17.0,39.17]},"properties":{"lat":39.17,"lon":17.0,"fecha":"2023-09-04","temp_mean":25.4,"temp_max":30.2,"temp_min":21.2,"humidity_mean":39.0,"wind_speed_max":32.5,"wind_gusts_max":65.9,"precipitation":0.0,"soil_temp":25.57,"elevacion_centro":27.63,"cloud_cover":61.0,"NDVI":0.61}},{"type":"Feature","geometry":{"type":"Point","coordinates":[8.0,36.45]},"properties":{"lat":36.45,"lon":8.0,"fecha":"2023-09-04","temp_mean":29.3,"temp_max":37.3,"temp_min":21.9,"humidity_mean":48.0,"wind_speed_max":14.2,"wind_gusts_max":34.9,"precipitation":0.0,"soil_temp":30.38,"elevacion_centro":453.3,"cloud_cover":8.0,"NDVI":0.64}},{"type":"Feature","geometry":{"type":"Point","coordinates":[7.93,36.36]},"properties":{"lat":36.36,"lon":7.93,"fecha":"2023-09-04","temp_mean":25.8,"temp_max":34.1,"temp_min":18.0,"humidity_mean":46.0,"wind_speed_max":14.8,"wind_gusts_max":38.9,"precipitation":0.0,"soil_temp":30.38,"elevacion_centro":1045.6,"cloud_cover":7.0,"NDVI":0.2}},{"type":"Feature","geometry":{"type":"Point","coordinates":[14.34,37.31]},"properties":{"lat":37.31,"lon":14.34,"fecha":"2023-09-04","temp_mean":23.0,"temp_max":29.4,"temp_min":17.3,"humidity_mean":52.0,"wind_speed_max":24.3,"wind_gusts_max":47.9,"precipitation":0.0,"soil_temp":26.01,"elevacion_centro":528.49,"cloud_cover":71.0,"NDVI":0.32}},{"type":"Feature","geometry":{"type":"Point","coordinates":[13.21,37.82]},"properties":{"lat":37.82,"lon":13.21,"fecha":"2023-09-05","temp_mean":23.0,"temp_max":26.4,"temp_min":20.0,"humidity_mean":57.0,"wind_speed_max":26.9,"wind_gusts_max":50.8,"precipitation":0.3,"soil_temp":25.89,"elevacion_centro":242.83,"cloud_cover":28.0,"NDVI":0.3}},{"type":"Feature","geometry":{"type":"Point","coordinates":[-8.36,40.2]},"properties":{"lat":40.2,"lon":-8.36,"fecha":"2023-09-07","temp_mean":22.8,"temp_max":29.2,"temp_min":17.5,"humidity_mean":70.0,"wind_speed_max":15.3,"wind_gusts_max":34.2,"precipitation":0.1,"soil_temp":20.74,"elevacion_centro":172.51,"cloud_cover":61.0,"NDVI":0.54}},{"type":"Feature","geometry":{"type":"Point","coordinates":[27.85,39.54]},"properties":{"lat":39.54,"lon":27.85,"fecha":"2023-09-10","temp_mean":22.3,"temp_max":27.8,"temp_min":17.8,"humidity_mean":57.0,"wind_speed_max":26.1,"wind_gusts_max":55.1,"precipitation":0.0,"soil_temp":22.77,"elevacion_centro":200.72,"cloud_cover":5.0,"NDVI":0.19}},{"type":"Feature","geometry":{"type":"Point","coordinates":[22.46,42.79]},"properties":{"lat":42.79,"lon":22.46,"fecha":"2023-09-10","temp_mean":17.5,"temp_max":22.6,"temp_min":12.9,"humidity_mean":52.0,"wind_speed_max":13.1,"wind_gusts_max":37.8,"precipitation":0.0,"soil_temp":17.1,"elevacion_centro":893.02,"cloud_cover":7.0,"NDVI":0.72}},{"type":"Feature","geometry":{"type":"Point","coordinates":[8.74,39.63]},"properties":{"lat":39.63,"lon":8.74,"fecha":"2023-09-10","temp_mean":25.0,"temp_max":33.5,"temp_min":18.6,"humidity_mean":61.0,"wind_speed_max":23.4,"wind_gusts_max":45.7,"precipitation":0.0,"soil_temp":28.37,"elevacion_centro":53.14,"cloud_cover":0.0,"NDVI":0.16}},{"type":"Feature","geometry":{"type":"Point","coordinates":[20.14,39.89]},"properties":{"lat":39.89,"lon":20.14,"fecha":"2023-09-11","temp_mean":20.5,"temp_max":27.3,"temp_min":14.6,"humidity_mean":59.0,"wind_speed_max":13.6,"wind_gusts_max":33.1,"precipitation":0.0,"soil_temp":24.0,"elevacion_centro":318.68,"cloud_cover":0.0,"NDVI":0.63}},{"type":"Feature","geometry":{"type":"Point","coordinates":[27.48,39.25]},"properties":{"lat":39.25,"lon":27.48,"fecha":"2023-09-12","temp_mean":21.1,"temp_max":27.2,"temp_min":16.5,"humidity_mean":58.0,"wind_speed_max":24.2,"wind_gusts_max":51.5,"precipitation":0.0,"soil_temp":21.03,"elevacion_centro":204.97,"cloud_cover":0.0,"NDVI":0.62}},{"type":"Feature","geometry":{"type":"Point","coordinates":[27.88,61.14]},"properties":{"lat":61.14,"lon":27.88,"fecha":"2023-09-12","temp_mean":17.9,"temp_max":22.2,"temp_min":14.7,"humidity_mean":86.0,"wind_speed_max":16.0,"wind_gusts_max":36.4,"precipitation":0.0,"soil_temp":16.6,"elevacion_centro":86.42,"cloud_cover":88.0,"NDVI":0.65}},{"type":"Feature","geometry":{"type":"Point","coordinates":[15.6,40.98]},"properties":{"lat":40.98,"lon":15.6,"fecha":"2023-09-12","temp_mean":24.2,"temp_max":32.0,"temp_min":16.8,"humidity_mean":47.0,"wind_speed_max":9.2,"wind_gusts_max":23.8,"precipitation":0.0,"soil_temp":25.13,"elevacion_centro":588.82,"cloud_cover":10.0,"NDVI":0.53}},{"type":"Feature","geometry":{"type":"Point","coordinates":[29.55,38.53]},"properties":{"lat":38.53,"lon":29.55,"fecha":"2023-09-13","temp_mean":20.7,"temp_max":28.8,"temp_min":11.9,"humidity_mean":32.0,"wind_speed_max":17.9,"wind_gusts_max":32.4,"precipitation":0.0,"soil_temp":21.52,"elevacion_centro":897.11,"cloud_cover":0.0,"NDVI":0.17}},{"type":"Feature","geometry":{"type":"Point","coordinates":[8.15,45.48]},"properties":{"lat":45.48,"lon":8.15,"fecha":"2023-09-14","temp_mean":20.2,"temp_max":25.2,"temp_min":15.6,"humidity_mean":84.0,"wind_speed_max":11.2,"wind_gusts_max":20.9,"precipitation":7.9,"soil_temp":19.04,"elevacion_centro":240.74,"cloud_cover":65.0,"NDVI":0.77}},{"type":"Feature","geometry":{"type":"Point","coordinates":[28.05,41.29]},"properties":{"lat":41.29,"lon":28.05,"fecha":"2023-09-15","temp_mean":21.7,"temp_max":28.4,"temp_min":14.9,"humidity_mean":65.0,"wind_speed_max":17.1,"wind_gusts_max":29.9,"precipitation":0.0,"soil_temp":22.91,"elevacion_centro":165.28,"cloud_cover":56.0,"NDVI":0.63}},{"type":"Feature","geometry":{"type":"Point","coordinates":[4.78,52.24]},"properties":{"lat":52.24,"lon":4.78,"fecha":"2023-09-15","temp_mean":16.6,"temp_max":21.5,"temp_min":11.6,"humidity_mean":77.0,"wind_speed_max":11.5,"wind_gusts_max":23.8,"precipitation":0.0,"soil_temp":17.27,"elevacion_centro":-0.79,"cloud_cover":41.0,"NDVI":0.04}},{"type":"Feature","geometry":{"type":"Point","coordinates":[27.08,38.14]},"properties":{"lat":38.14,"lon":27.08,"fecha":"2023-09-16","temp_mean":27.0,"temp_max":34.0,"temp_min":20.0,"humidity_mean":37.0,"wind_speed_max":21.4,"wind_gusts_max":46.8,"precipitation":0.0,"soil_temp":28.68,"elevacion_centro":106.74,"cloud_cover":2.0,"NDVI":0.71}},{"type":"Feature","geometry":{"type":"Point","coordinates":[31.75,37.77]},"properties":{"lat":37.77,"lon":31.75,"fecha":"2023-09-16","temp_mean":18.1,"temp_max":26.5,"temp_min":9.9,"humidity_mean":34.0,"wind_speed_max":16.5,"wind_gusts_max":35.6,"precipitation":0.0,"soil_temp":18.16,"elevacion_centro":1193.22,"cloud_cover":1.0,"NDVI":0.18}},{"type":"Feature","geometry":{"type":"Point","coordinates":[32.38,40.69]},"properties":{"lat":40.69,"lon":32.38,"fecha":"2023-09-16","temp_mean":14.0,"temp_max":21.2,"temp_min":7.2,"humidity_mean":54.0,"wind_speed_max":13.9,"wind_gusts_max":31.3,"precipitation":0.0,"soil_temp":17.51,"elevacion_centro":1582.74,"cloud_cover":13.0,"NDVI":0.45}},{"type":"Feature","geometry":{"type":"Point","coordinates":[32.23,36.57]},"properties":{"lat":36.57,"lon":32.23,"fecha":"2023-09-17","temp_mean":24.0,"temp_max":30.9,"temp_min":19.6,"humidity_mean":38.0,"wind_speed_max":14.5,"wind_gusts_max":47.9,"precipitation":0.0,"soil_temp":21.71,"elevacion_centro":453.53,"cloud_cover":1.0,"NDVI":0.74}},{"type":"Feature","geometry":{"type":"Point","coordinates":[27.33,38.28]},"properties":{"lat":38.28,"lon":27.33,"fecha":"2023-09-17","temp_mean":24.6,"temp_max":31.7,"temp_min":18.0,"humidity_mean":51.0,"wind_speed_max":24.5,"wind_gusts_max":51.8,"precipitation":0.0,"soil_temp":26.55,"elevacion_centro":369.27,"cloud_cover":23.0,"NDVI":0.68}},{"type":"Feature","geometry":{"type":"Point","coordinates":[4.36,36.52]},"properties":{"lat":36.52,"lon":4.36,"fecha":"2023-09-17","temp_mean":27.4,"temp_max":32.4,"temp_min":21.9,"humidity_mean":21.0,"wind_speed_max":19.5,"wind_gusts_max":58.0,"precipitation":0.0,"soil_temp":28.71,"elevacion_centro":1107.15,"cloud_cover":25.0,"NDVI":0.44}},{"type":"Feature","geometry":{"type":"Point","coordinates":[12.71,37.97]},"properties":{"lat":37.97,"lon":12.71,"fecha":"2023-09-18","temp_mean":27.4,"temp_max":34.3,"temp_min":22.1,"humidity_mean":33.0,"wind_speed_max":12.7,"wind_gusts_max":24.5,"precipitation":0.0,"soil_temp":29.0,"elevacion_centro":237.54,"cloud_cover":71.0,"NDVI":0.24}},{"type":"Feature","geometry":{"type":"Point","coordinates":[16.16,38.64]},"properties":{"lat":38.64,"lon":16.16,"fecha":"2023-09-18","temp_mean":25.6,"temp_max":31.7,"temp_min":19.8,"humidity_mean":53.0,"wind_speed_max":10.4,"wind_gusts_max":29.2,"precipitation":0.0,"soil_temp":31.02,"elevacion_centro":142.11,"cloud_cover":39.0,"NDVI":0.84}},{"type":"Feature","geometry":{"type":"Point","coordinates":[16.07,41.0]},"properties":{"lat":41.0,"lon":16.07,"fecha":"2023-09-19","temp_mean":27.9,"temp_max":34.7,"temp_min":21.8,"humidity_mean":41.0,"wind_speed_max":20.3,"wind_gusts_max":41.4,"precipitation":0.0,"soil_temp":28.54,"elevacion_centro":261.7,"cloud_cover":66.0,"NDVI":0.14}},{"type":"Feature","geometry":{"type":"Point","coordinates":[16.23,40.09]},"properties":{"lat":40.09,"lon":16.23,"fecha":"2023-09-19","temp_mean":28.3,"temp_max":35.2,"temp_min":23.6,"humidity_mean":36.0,"wind_speed_max":18.1,"wind_gusts_max":48.2,"precipitation":0.0,"soil_temp":26.08,"elevacion_centro":348.76,"cloud_cover":72.0,"NDVI":0.76}},{"type":"Feature","geometry":{"type":"Point","coordinates":[29.82,38.07]},"properties":{"lat":38.07,"lon":29.82,"fecha":"2023-09-20","temp_mean":19.2,"temp_max":27.4,"temp_min":11.6,"humidity_mean":27.0,"wind_speed_max":10.5,"wind_gusts_max":25.2,"precipitation":0.0,"soil_temp":19.23,"elevacion_centro":1009.21,"cloud_cover":1.0,"NDVI":0.18}},{"type":"Feature","geometry":{"type":"Point","coordinates":[13.78,37.27]},"properties":{"lat":37.27,"lon":13.78,"fecha":"2023-09-21","temp_mean":25.8,"temp_max":31.6,"temp_min":21.7,"humidity_mean":55.0,"wind_speed_max":15.6,"wind_gusts_max":34.2,"precipitation":0.0,"soil_temp":26.77,"elevacion_centro":300.01,"cloud_cover":34.0,"NDVI":0.15}},{"type":"Feature","geometry":{"type":"Point","coordinates":[34.99,40.06]},"properties":{"lat":40.06,"lon":34.99,"fecha":"2023-09-21","temp_mean":18.1,"temp_max":26.7,"temp_min":11.1,"humidity_mean":57.0,"wind_speed_max":12.6,"wind_gusts_max":22.3,"precipitation":0.0,"soil_temp":20.59,"elevacion_centro":1087.51,"cloud_cover":15.0,"NDVI":0.17}},{"type":"Feature","geometry":{"type":"Point","coordinates":[13.03,38.05]},"properties":{"lat":38.05,"lon":13.03,"fecha":"2023-09-22","temp_mean":31.0,"temp_max":35.5,"temp_min":28.2,"humidity_mean":34.0,"wind_speed_max":37.3,"wind_gusts_max":74.2,"precipitation":0.0,"soil_temp":28.46,"elevacion_centro":54.62,"cloud_cover":14.0,"NDVI":0.61}},{"type":"Feature","geometry":{"type":"Point","coordinates":[15.89,39.6]},"properties":{"lat":39.6,"lon":15.89,"fecha":"2023-09-22","temp_mean":27.5,"temp_max":31.8,"temp_min":22.8,"humidity_mean":45.0,"wind_speed_max":10.6,"wind_gusts_max":31.7,"precipitation":0.0,"soil_temp":26.1,"elevacion_centro":240.42,"cloud_cover":4.0,"NDVI":0.69}},{"type":"Feature","geometry":{"type":"Point","coordinates":[14.68,38.06]},"properties":{"lat":38.06,"lon":14.68,"fecha":"2023-09-22","temp_mean":28.6,"temp_max":34.6,"temp_min":22.8,"humidity_mean":36.0,"wind_speed_max":19.4,"wind_gusts_max":41.4,"precipitation":0.0,"soil_temp":28.55,"elevacion_centro":221.78,"cloud_cover":0.0,"NDVI":0.54}},{"type":"Feature","geometry":{"type":"Point","coordinates":[25.74,41.95]},"properties":{"lat":41.95,"lon":25.74,"fecha":"2023-09-22","temp_mean":24.5,"temp_max":32.1,"temp_min":17.2,"humidity_mean":59.0,"wind_speed_max":13.4,"wind_gusts_max":28.8,"precipitation":0.0,"soil_temp":26.27,"elevacion_centro":164.98,"cloud_cover":16.0,"NDVI":0.22}},{"type":"Feature","geometry":{"type":"Point","coordinates":[13.82,37.72]},"properties":{"lat":37.72,"lon":13.82,"fecha":"2023-09-22","temp_mean":24.5,"temp_max":31.6,"temp_min":19.6,"humidity_mean":54.0,"wind_speed_max":26.3,"wind_gusts_max":55.8,"precipitation":0.0,"soil_temp":26.4,"elevacion_centro":572.08,"cloud_cover":2.0,"NDVI":0.15}},{"type":"Feature","geometry":{"type":"Point","coordinates":[15.25,38.13]},"properties":{"lat":38.13,"lon":15.25,"fecha":"2023-09-23","temp_mean":22.2,"temp_max":28.5,"temp_min":18.1,"humidity_mean":78.0,"wind_speed_max":26.6,"wind_gusts_max":54.7,"precipitation":14.0,"soil_temp":27.25,"elevacion_centro":344.75,"cloud_cover":70.0,"NDVI":0.72}},{"type":"Feature","geometry":{"type":"Point","coordinates":[12.11,51.48]},"properties":{"lat":51.48,"lon":12.11,"fecha":"2023-09-26","temp_mean":16.8,"temp_max":24.0,"temp_min":9.9,"humidity_mean":79.0,"wind_speed_max":7.3,"wind_gusts_max":17.6,"precipitation":0.0,"soil_temp":16.31,"elevacion_centro":108.17,"cloud_cover":38.0,"NDVI":0.26}},{"type":"Feature","geometry":{"type":"Point","coordinates":[12.06,51.45]},"properties":{"lat":51.45,"lon":12.06,"fecha":"2023-09-26","temp_mean":16.9,"temp_max":24.1,"temp_min":9.8,"humidity_mean":79.0,"wind_speed_max":8.7,"wind_gusts_max":17.3,"precipitation":0.0,"soil_temp":16.31,"elevacion_centro":103.74,"cloud_cover":33.0,"NDVI":0.19}},{"type":"Feature","geometry":{"type":"Point","coordinates":[25.28,43.81]},"properties":{"lat":43.81,"lon":25.28,"fecha":"2023-09-26","temp_mean":22.6,"temp_max":28.2,"temp_min":17.8,"humidity_mean":42.0,"wind_speed_max":21.1,"wind_gusts_max":43.2,"precipitation":0.0,"soil_temp":23.62,"elevacion_centro":88.41,"cloud_cover":64.0,"NDVI":0.15}},{"type":"Feature","geometry":{"type":"Point","coordinates":[16.51,39.88]},"properties":{"lat":39.88,"lon":16.51,"fecha":"2023-09-27","temp_mean":20.8,"temp_max":25.6,"temp_min":16.1,"humidity_mean":61.0,"wind_speed_max":18.9,"wind_gusts_max":49.0,"precipitation":0.3,"soil_temp":20.59,"elevacion_centro":417.68,"cloud_cover":16.0,"NDVI":0.53}},{"type":"Feature","geometry":{"type":"Point","coordinates":[15.22,38.79]},"properties":{"lat":38.79,"lon":15.22,"fecha":"2023-09-27","temp_mean":19.7,"temp_max":20.4,"temp_min":18.5,"humidity_mean":68.0,"wind_speed_max":26.3,"wind_gusts_max":34.9,"precipitation":0.0,"soil_temp":27.44,"elevacion_centro":711.09,"cloud_cover":10.0,"NDVI":-0.03}},{"type":"Feature","geometry":{"type":"Point","coordinates":[13.39,37.58]},"properties":{"lat":37.58,"lon":13.39,"fecha":"2023-09-28","temp_mean":21.0,"temp_max":27.4,"temp_min":16.3,"humidity_mean":59.0,"wind_speed_max":14.5,"wind_gusts_max":33.8,"precipitation":0.6,"soil_temp":23.83,"elevacion_centro":483.19,"cloud_cover":6.0,"NDVI":0.2}},{"type":"Feature","geometry":{"type":"Point","coordinates":[25.7,42.13]},"properties":{"lat":42.13,"lon":25.7,"fecha":"2023-09-29","temp_mean":21.7,"temp_max":26.5,"temp_min":16.6,"humidity_mean":45.0,"wind_speed_max":19.9,"wind_gusts_max":37.4,"precipitation":0.0,"soil_temp":22.1,"elevacion_centro":139.89,"cloud_cover":54.0,"NDVI":0.21}},{"type":"Feature","geometry":{"type":"Point","coordinates":[-5.92,35.69]},"properties":{"lat":35.69,"lon":-5.92,"fecha":"2023-09-29","temp_mean":23.5,"temp_max":28.8,"temp_min":20.5,"humidity_mean":67.0,"wind_speed_max":36.1,"wind_gusts_max":61.9,"precipitation":0.0,"soil_temp":23.13,"elevacion_centro":64.57,"cloud_cover":19.0,"NDVI":0.46}},{"type":"Feature","geometry":{"type":"Point","coordinates":[16.24,39.61]},"properties":{"lat":39.61,"lon":16.24,"fecha":"2023-10-02","temp_mean":20.3,"temp_max":26.0,"temp_min":14.3,"humidity_mean":61.0,"wind_speed_max":13.7,"wind_gusts_max":27.0,"precipitation":0.0,"soil_temp":18.44,"elevacion_centro":274.64,"cloud_cover":0.0,"NDVI":0.38}},{"type":"Feature","geometry":{"type":"Point","coordinates":[24.96,43.4]},"properties":{"lat":43.4,"lon":24.96,"fecha":"2023-10-03","temp_mean":17.6,"temp_max":23.8,"temp_min":10.6,"humidity_mean":56.0,"wind_speed_max":8.7,"wind_gusts_max":18.7,"precipitation":0.0,"soil_temp":19.7,"elevacion_centro":130.31,"cloud_cover":3.0,"NDVI":0.21}},{"type":"Feature","geometry":{"type":"Point","coordinates":[24.92,43.48]},"properties":{"lat":43.48,"lon":24.92,"fecha":"2023-10-04","temp_mean":18.3,"temp_max":25.5,"temp_min":10.9,"humidity_mean":54.0,"wind_speed_max":12.0,"wind_gusts_max":23.4,"precipitation":0.0,"soil_temp":20.08,"elevacion_centro":84.57,"cloud_cover":17.0,"NDVI":0.53}},{"type":"Feature","geometry":{"type":"Point","coordinates":[6.88,43.93]},"properties":{"lat":43.93,"lon":6.88,"fecha":"2023-10-06","temp_mean":12.6,"temp_max":19.9,"temp_min":6.0,"humidity_mean":75.0,"wind_speed_max":6.0,"wind_gusts_max":18.7,"precipitation":0.0,"soil_temp":15.0,"elevacion_centro":1421.85,"cloud_cover":25.0,"NDVI":0.6}},{"type":"Feature","geometry":{"type":"Point","coordinates":[19.51,40.5]},"properties":{"lat":40.5,"lon":19.51,"fecha":"2023-10-08","temp_mean":18.9,"temp_max":25.6,"temp_min":13.6,"humidity_mean":64.0,"wind_speed_max":13.4,"wind_gusts_max":31.7,"precipitation":0.0,"soil_temp":19.91,"elevacion_centro":105.63,"cloud_cover":0.0,"NDVI":0.43}},{"type":"Feature","geometry":{"type":"Point","coordinates":[27.72,45.25]},"properties":{"lat":45.25,"lon":27.72,"fecha":"2023-10-10","temp_mean":12.4,"temp_max":16.1,"temp_min":6.7,"humidity_mean":44.0,"wind_speed_max":20.1,"wind_gusts_max":43.2,"precipitation":0.0,"soil_temp":13.9,"elevacion_centro":2.77,"cloud_cover":28.0,"NDVI":0.35}},{"type":"Feature","geometry":{"type":"Point","coordinates":[25.84,42.42]},"properties":{"lat":42.42,"lon":25.84,"fecha":"2023-10-10","temp_mean":16.0,"temp_max":22.0,"temp_min":11.1,"humidity_mean":60.0,"wind_speed_max":21.4,"wind_gusts_max":40.7,"precipitation":0.0,"soil_temp":15.79,"elevacion_centro":138.87,"cloud_cover":62.0,"NDVI":0.49}},{"type":"Feature","geometry":{"type":"Point","coordinates":[14.76,41.95]},"properties":{"lat":41.95,"lon":14.76,"fecha":"2023-10-10","temp_mean":22.4,"temp_max":29.1,"temp_min":16.6,"humidity_mean":49.0,"wind_speed_max":14.5,"wind_gusts_max":28.4,"precipitation":0.0,"soil_temp":22.16,"elevacion_centro":157.56,"cloud_cover":37.0,"NDVI":0.47}},{"type":"Feature","geometry":{"type":"Point","coordinates":[13.5,37.59]},"properties":{"lat":37.59,"lon":13.5,"fecha":"2023-10-11","temp_mean":21.3,"temp_max":26.9,"temp_min":16.6,"humidity_mean":37.0,"wind_speed_max":10.5,"wind_gusts_max":28.1,"precipitation":0.0,"soil_temp":23.6,"elevacion_centro":664.59,"cloud_cover":0.0,"NDVI":0.36}},{"type":"Feature","geometry":{"type":"Point","coordinates":[27.05,43.75]},"properties":{"lat":43.75,"lon":27.05,"fecha":"2023-10-11","temp_mean":12.7,"temp_max":19.1,"temp_min":5.9,"humidity_mean":49.0,"wind_speed_max":15.0,"wind_gusts_max":26.6,"precipitation":0.0,"soil_temp":13.65,"elevacion_centro":243.11,"cloud_cover":18.0,"NDVI":0.2}},{"type":"Feature","geometry":{"type":"Point","coordinates":[13.36,41.49]},"properties":{"lat":41.49,"lon":13.36,"fecha":"2023-10-11","temp_mean":19.9,"temp_max":26.4,"temp_min":15.6,"humidity_mean":85.0,"wind_speed_max":7.3,"wind_gusts_max":19.1,"precipitation":0.0,"soil_temp":20.98,"elevacion_centro":387.6,"cloud_cover":32.0,"NDVI":0.49}},{"type":"Feature","geometry":{"type":"Point","coordinates":[27.09,41.19]},"properties":{"lat":41.19,"lon":27.09,"fecha":"2023-10-11","temp_mean":16.3,"temp_max":21.5,"temp_min":12.2,"humidity_mean":52.0,"wind_speed_max":25.3,"wind_gusts_max":43.6,"precipitation":0.0,"soil_temp":18.36,"elevacion_centro":55.09,"cloud_cover":21.0,"NDVI":0.17}},{"type":"Feature","geometry":{"type":"Point","coordinates":[5.87,36.6]},"properties":{"lat":36.6,"lon":5.87,"fecha":"2023-10-11","temp_mean":20.5,"temp_max":28.2,"temp_min":13.1,"humidity_mean":49.0,"wind_speed_max":10.0,"wind_gusts_max":29.5,"precipitation":0.0,"soil_temp":21.92,"elevacion_centro":714.37,"cloud_cover":2.0,"NDVI":0.55}},{"type":"Feature","geometry":{"type":"Point","coordinates":[19.52,40.81]},"properties":{"lat":40.81,"lon":19.52,"fecha":"2023-10-11","temp_mean":20.5,"temp_max":28.8,"temp_min":15.1,"humidity_mean":65.0,"wind_speed_max":11.4,"wind_gusts_max":25.6,"precipitation":0.0,"soil_temp":22.48,"elevacion_centro":6.82,"cloud_cover":24.0,"NDVI":0.1}},{"type":"Feature","geometry":{"type":"Point","coordinates":[9.37,42.24]},"properties":{"lat":42.24,"lon":9.37,"fecha":"2023-10-12","temp_mean":17.7,"temp_max":23.0,"temp_min":13.4,"humidity_mean":78.0,"wind_speed_max":11.1,"wind_gusts_max":29.9,"precipitation":0.0,"soil_temp":23.3,"elevacion_centro":408.49,"cloud_cover":11.0,"NDVI":0.85}},{"type":"Feature","geometry":{"type":"Point","coordinates":[25.73,45.01]},"properties":{"lat":45.01,"lon":25.73,"fecha":"2023-10-12","temp_mean":14.1,"temp_max":21.0,"temp_min":8.5,"humidity_mean":58.0,"wind_speed_max":13.1,"wind_gusts_max":32.4,"precipitation":0.0,"soil_temp":13.48,"elevacion_centro":386.82,"cloud_cover":0.0,"NDVI":0.5}},{"type":"Feature","geometry":{"type":"Point","coordinates":[34.77,40.11]},"properties":{"lat":40.11,"lon":34.77,"fecha":"2023-10-14","temp_mean":13.1,"temp_max":20.0,"temp_min":6.8,"humidity_mean":43.0,"wind_speed_max":10.5,"wind_gusts_max":20.9,"precipitation":0.0,"soil_temp":11.94,"elevacion_centro":1149.46,"cloud_cover":1.0,"NDVI":0.19}},{"type":"Feature","geometry":{"type":"Point","coordinates":[20.12,45.43]},"properties":{"lat":45.43,"lon":20.12,"fecha":"2023-10-14","temp_mean":19.0,"temp_max":26.3,"temp_min":14.1,"humidity_mean":66.0,"wind_speed_max":15.7,"wind_gusts_max":31.3,"precipitation":0.0,"soil_temp":19.62,"elevacion_centro":75.35,"cloud_cover":32.0,"NDVI":0.2}},{"type":"Feature","geometry":{"type":"Point","coordinates":[21.78,42.19]},"properties":{"lat":42.19,"lon":21.78,"fecha":"2023-10-15","temp_mean":16.7,"temp_max":23.6,"temp_min":10.3,"humidity_mean":62.0,"wind_speed_max":29.8,"wind_gusts_max":52.9,"precipitation":0.0,"soil_temp":17.98,"elevacion_centro":464.13,"cloud_cover":27.0,"NDVI":0.31}},{"type":"Feature","geometry":{"type":"Point","coordinates":[25.67,43.6]},"properties":{"lat":43.6,"lon":25.67,"fecha":"2023-10-15","temp_mean":18.9,"temp_max":25.4,"temp_min":12.9,"humidity_mean":58.0,"wind_speed_max":21.3,"wind_gusts_max":42.1,"precipitation":0.0,"soil_temp":20.12,"elevacion_centro":187.76,"cloud_cover":19.0,"NDVI":0.19}},{"type":"Feature","geometry":{"type":"Point","coordinates":[23.43,43.62]},"properties":{"lat":43.62,"lon":23.43,"fecha":"2023-10-15","temp_mean":17.6,"temp_max":26.6,"temp_min":11.1,"humidity_mean":67.0,"wind_speed_max":31.7,"wind_gusts_max":56.2,"precipitation":1.0,"soil_temp":19.77,"elevacion_centro":151.44,"cloud_cover":38.0,"NDVI":0.17}},{"type":"Feature","geometry":{"type":"Point","coordinates":[14.47,41.84]},"properties":{"lat":41.84,"lon":14.47,"fecha":"2023-10-15","temp_mean":15.2,"temp_max":20.5,"temp_min":13.0,"humidity_mean":86.0,"wind_speed_max":24.2,"wind_gusts_max":58.3,"precipitation":0.0,"soil_temp":19.43,"elevacion_centro":1000.95,"cloud_cover":77.0,"NDVI":0.51}},{"type":"Feature","geometry":{"type":"Point","coordinates":[26.44,40.98]},"properties":{"lat":40.98,"lon":26.44,"fecha":"2023-10-15","temp_mean":18.3,"temp_max":25.0,"temp_min":11.9,"humidity_mean":77.0,"wind_speed_max":18.1,"wind_gusts_max":36.7,"precipitation":0.0,"soil_temp":20.15,"elevacion_centro":41.84,"cloud_cover":6.0,"NDVI":0.25}},{"type":"Feature","geometry":{"type":"Point","coordinates":[21.81,42.11]},"properties":{"lat":42.11,"lon":21.81,"fecha":"2023-10-16","temp_mean":10.9,"temp_max":14.0,"temp_min":7.2,"humidity_mean":57.0,"wind_speed_max":31.6,"wind_gusts_max":57.2,"precipitation":1.2,"soil_temp":14.52,"elevacion_centro":294.45,"cloud_cover":76.0,"NDVI":0.55}},{"type":"Feature","geometry":{"type":"Point","coordinates":[6.95,36.4]},"properties":{"lat":36.4,"lon":6.95,"fecha":"2023-10-16","temp_mean":19.6,"temp_max":27.6,"temp_min":13.8,"humidity_mean":54.0,"wind_speed_max":25.6,"wind_gusts_max":53.3,"precipitation":0.0,"soil_temp":23.83,"elevacion_centro":866.61,"cloud_cover":23.0,"NDVI":0.55}},{"type":"Feature","geometry":{"type":"Point","coordinates":[-5.66,35.15]},"properties":{"lat":35.15,"lon":-5.66,"fecha":"2023-10-17","temp_mean":20.7,"temp_max":27.1,"temp_min":16.5,"humidity_mean":61.0,"wind_speed_max":23.4,"wind_gusts_max":59.8,"precipitation":0.2,"soil_temp":24.29,"elevacion_centro":794.04,"cloud_cover":68.0,"NDVI":0.85}},{"type":"Feature","geometry":{"type":"Point","coordinates":[5.2,36.6]},"properties":{"lat":36.6,"lon":5.2,"fecha":"2023-10-18","temp_mean":25.1,"temp_max":29.4,"temp_min":21.7,"humidity_mean":51.0,"wind_speed_max":32.3,"wind_gusts_max":42.5,"precipitation":0.0,"soil_temp":23.28,"elevacion_centro":195.82,"cloud_cover":31.0,"NDVI":0.79}},{"type":"Feature","geometry":{"type":"Point","coordinates":[5.0,36.65]},"properties":{"lat":36.65,"lon":5.0,"fecha":"2023-10-18","temp_mean":23.4,"temp_max":33.2,"temp_min":16.3,"humidity_mean":35.0,"wind_speed_max":19.0,"wind_gusts_max":47.2,"precipitation":0.0,"soil_temp":23.28,"elevacion_centro":642.26,"cloud_cover":22.0,"NDVI":0.4}},{"type":"Feature","geometry":{"type":"Point","coordinates":[20.8,45.28]},"properties":{"lat":45.28,"lon":20.8,"fecha":"2023-10-18","temp_mean":10.6,"temp_max":17.1,"temp_min":3.7,"humidity_mean":69.0,"wind_speed_max":15.3,"wind_gusts_max":26.3,"precipitation":0.0,"soil_temp":12.01,"elevacion_centro":80.16,"cloud_cover":51.0,"NDVI":0.27}},{"type":"Feature","geometry":{"type":"Point","coordinates":[23.11,42.94]},"properties":{"lat":42.94,"lon":23.11,"fecha":"2023-10-21","temp_mean":17.1,"temp_max":23.4,"temp_min":11.3,"humidity_mean":50.0,"wind_speed_max":23.7,"wind_gusts_max":52.9,"precipitation":0.0,"soil_temp":16.19,"elevacion_centro":911.55,"cloud_cover":23.0,"NDVI":0.83}},{"type":"Feature","geometry":{"type":"Point","coordinates":[22.82,44.52]},"properties":{"lat":44.52,"lon":22.82,"fecha":"2023-10-22","temp_mean":19.3,"temp_max":25.0,"temp_min":14.6,"humidity_mean":62.0,"wind_speed_max":14.0,"wind_gusts_max":26.6,"precipitation":0.0,"soil_temp":19.57,"elevacion_centro":220.01,"cloud_cover":43.0,"NDVI":0.77}},{"type":"Feature","geometry":{"type":"Point","coordinates":[24.17,43.52]},"properties":{"lat":43.52,"lon":24.17,"fecha":"2023-10-22","temp_mean":21.4,"temp_max":28.5,"temp_min":16.4,"humidity_mean":51.0,"wind_speed_max":10.4,"wind_gusts_max":19.4,"precipitation":0.1,"soil_temp":22.36,"elevacion_centro":142.79,"cloud_cover":51.0,"NDVI":0.16}},{"type":"Feature","geometry":{"type":"Point","coordinates":[5.86,36.68]},"properties":{"lat":36.68,"lon":5.86,"fecha":"2023-10-23","temp_mean":27.3,"temp_max":32.3,"temp_min":21.3,"humidity_mean":24.0,"wind_speed_max":23.8,"wind_gusts_max":54.7,"precipitation":0.0,"soil_temp":21.76,"elevacion_centro":203.75,"cloud_cover":63.0,"NDVI":0.49}},{"type":"Feature","geometry":{"type":"Point","coordinates":[5.6,36.65]},"properties":{"lat":36.65,"lon":5.6,"fecha":"2023-10-23","temp_mean":26.0,"temp_max":29.9,"temp_min":21.3,"humidity_mean":24.0,"wind_speed_max":31.3,"wind_gusts_max":67.7,"precipitation":0.0,"soil_temp":21.76,"elevacion_centro":493.27,"cloud_cover":73.0,"NDVI":0.5}},{"type":"Feature","geometry":{"type":"Point","coordinates":[29.94,38.2]},"properties":{"lat":38.2,"lon":29.94,"fecha":"2023-10-30","temp_mean":17.8,"temp_max":26.1,"temp_min":10.8,"humidity_mean":55.0,"wind_speed_max":10.1,"wind_gusts_max":23.0,"precipitation":0.0,"soil_temp":16.66,"elevacion_centro":818.3,"cloud_cover":85.0,"NDVI":0.52}},{"type":"Feature","geometry":{"type":"Point","coordinates":[27.49,46.18]},"properties":{"lat":46.18,"lon":27.49,"fecha":"2023-10-30","temp_mean":16.9,"temp_max":24.4,"temp_min":10.7,"humidity_mean":56.0,"wind_speed_max":19.1,"wind_gusts_max":39.6,"precipitation":0.0,"soil_temp":15.69,"elevacion_centro":92.56,"cloud_cover":26.0,"NDVI":0.63}},{"type":"Feature","geometry":{"type":"Point","coordinates":[22.11,41.95]},"properties":{"lat":41.95,"lon":22.11,"fecha":"2023-10-30","temp_mean":15.4,"temp_max":20.8,"temp_min":9.6,"humidity_mean":49.0,"wind_speed_max":9.8,"wind_gusts_max":18.7,"precipitation":0.0,"soil_temp":13.87,"elevacion_centro":524.38,"cloud_cover":0.0,"NDVI":0.29}},{"type":"Feature","geometry":{"type":"Point","coordinates":[26.63,44.81]},"properties":{"lat":44.81,"lon":26.63,"fecha":"2023-10-31","temp_mean":15.5,"temp_max":23.0,"temp_min":8.9,"humidity_mean":74.0,"wind_speed_max":9.7,"wind_gusts_max":15.8,"precipitation":0.0,"soil_temp":16.3,"elevacion_centro":70.76,"cloud_cover":49.0,"NDVI":0.15}},{"type":"Feature","geometry":{"type":"Point","coordinates":[24.3,43.29]},"properties":{"lat":43.29,"lon":24.3,"fecha":"2023-11-01","temp_mean":14.7,"temp_max":19.0,"temp_min":10.8,"humidity_mean":64.0,"wind_speed_max":22.6,"wind_gusts_max":45.4,"precipitation":0.0,"soil_temp":17.55,"elevacion_centro":216.08,"cloud_cover":43.0,"NDVI":0.24}},{"type":"Feature","geometry":{"type":"Point","coordinates":[-1.14,35.52]},"properties":{"lat":35.52,"lon":-1.14,"fecha":"2023-11-03","temp_mean":18.5,"temp_max":19.8,"temp_min":17.6,"humidity_mean":70.0,"wind_speed_max":39.2,"wind_gusts_max":87.8,"precipitation":3.4,"soil_temp":20.67,"elevacion_centro":170.03,"cloud_cover":69.0,"NDVI":0.4}},{"type":"Feature","geometry":{"type":"Point","coordinates":[32.04,38.72]},"properties":{"lat":38.72,"lon":32.04,"fecha":"2023-11-04","temp_mean":16.2,"temp_max":25.4,"temp_min":7.3,"humidity_mean":59.0,"wind_speed_max":14.8,"wind_gusts_max":24.1,"precipitation":0.0,"soil_temp":16.5,"elevacion_centro":988.46,"cloud_cover":45.0,"NDVI":0.15}},{"type":"Feature","geometry":{"type":"Point","coordinates":[23.95,35.33]},"properties":{"lat":35.33,"lon":23.95,"fecha":"2023-11-04","temp_mean":14.2,"temp_max":18.9,"temp_min":10.0,"humidity_mean":66.0,"wind_speed_max":25.8,"wind_gusts_max":95.4,"precipitation":0.0,"soil_temp":23.04,"elevacion_centro":1465.92,"cloud_cover":24.0,"NDVI":0.45}},{"type":"Feature","geometry":{"type":"Point","coordinates":[24.58,38.13]},"properties":{"lat":38.13,"lon":24.58,"fecha":"2023-11-04","temp_mean":22.6,"temp_max":27.2,"temp_min":17.4,"humidity_mean":68.0,"wind_speed_max":36.4,"wind_gusts_max":102.2,"precipitation":0.0,"soil_temp":21.95,"elevacion_centro":147.72,"cloud_cover":55.0,"NDVI":0.5}},{"type":"Feature","geometry":{"type":"Point","coordinates":[7.0,36.63]},"properties":{"lat":36.63,"lon":7.0,"fecha":"2023-11-12","temp_mean":16.9,"temp_max":21.6,"temp_min":13.3,"humidity_mean":63.0,"wind_speed_max":20.1,"wind_gusts_max":48.6,"precipitation":0.0,"soil_temp":17.0,"elevacion_centro":455.17,"cloud_cover":21.0,"NDVI":0.52}},{"type":"Feature","geometry":{"type":"Point","coordinates":[14.89,37.13]},"properties":{"lat":37.13,"lon":14.89,"fecha":"2023-11-15","temp_mean":15.8,"temp_max":20.7,"temp_min":12.0,"humidity_mean":71.0,"wind_speed_max":22.5,"wind_gusts_max":50.0,"precipitation":0.0,"soil_temp":18.75,"elevacion_centro":829.91,"cloud_cover":46.0,"NDVI":0.65}},{"type":"Feature","geometry":{"type":"Point","coordinates":[23.16,44.0]},"properties":{"lat":44.0,"lon":23.16,"fecha":"2023-11-16","temp_mean":10.2,"temp_max":13.9,"temp_min":5.8,"humidity_mean":73.0,"wind_speed_max":27.4,"wind_gusts_max":48.6,"precipitation":0.0,"soil_temp":11.02,"elevacion_centro":62.65,"cloud_cover":30.0,"NDVI":0.21}},{"type":"Feature","geometry":{"type":"Point","coordinates":[4.88,36.51]},"properties":{"lat":36.51,"lon":4.88,"fecha":"2023-11-17","temp_mean":13.0,"temp_max":21.2,"temp_min":7.7,"humidity_mean":63.0,"wind_speed_max":8.8,"wind_gusts_max":27.7,"precipitation":0.0,"soil_temp":14.47,"elevacion_centro":947.89,"cloud_cover":4.0,"NDVI":0.25}},{"type":"Feature","geometry":{"type":"Point","coordinates":[16.03,37.97]},"properties":{"lat":37.97,"lon":16.03,"fecha":"2023-11-18","temp_mean":12.2,"temp_max":16.6,"temp_min":6.6,"humidity_mean":71.0,"wind_speed_max":12.8,"wind_gusts_max":50.0,"precipitation":4.4,"soil_temp":17.46,"elevacion_centro":413.85,"cloud_cover":38.0,"NDVI":0.51}},{"type":"Feature","geometry":{"type":"Point","coordinates":[33.36,37.36]},"properties":{"lat":37.36,"lon":33.36,"fecha":"2023-11-23","temp_mean":8.4,"temp_max":14.8,"temp_min":1.8,"humidity_mean":60.0,"wind_speed_max":10.0,"wind_gusts_max":19.1,"precipitation":0.0,"soil_temp":7.52,"elevacion_centro":1006.29,"cloud_cover":11.0,"NDVI":0.25}},{"type":"Feature","geometry":{"type":"Point","coordinates":[32.98,37.4]},"properties":{"lat":37.4,"lon":32.98,"fecha":"2023-11-23","temp_mean":7.8,"temp_max":15.1,"temp_min":0.7,"humidity_mean":65.0,"wind_speed_max":8.7,"wind_gusts_max":20.2,"precipitation":0.0,"soil_temp":7.52,"elevacion_centro":1026.2,"cloud_cover":10.0,"NDVI":0.18}},{"type":"Feature","geometry":{"type":"Point","coordinates":[33.19,37.62]},"properties":{"lat":37.62,"lon":33.19,"fecha":"2023-11-24","temp_mean":9.7,"temp_max":18.4,"temp_min":1.9,"humidity_mean":68.0,"wind_speed_max":17.7,"wind_gusts_max":25.9,"precipitation":0.0,"soil_temp":8.87,"elevacion_centro":999.13,"cloud_cover":42.0,"NDVI":0.11}},{"type":"Feature","geometry":{"type":"Point","coordinates":[32.91,37.48]},"properties":{"lat":37.48,"lon":32.91,"fecha":"2023-11-25","temp_mean":10.3,"temp_max":13.9,"temp_min":7.4,"humidity_mean":82.0,"wind_speed_max":29.7,"wind_gusts_max":47.2,"precipitation":9.2,"soil_temp":9.49,"elevacion_centro":1022.49,"cloud_cover":87.0,"NDVI":0.22}},{"type":"Feature","geometry":{"type":"Point","coordinates":[-8.15,40.84]},"properties":{"lat":40.84,"lon":-8.15,"fecha":"2023-12-18","temp_mean":2.2,"temp_max":8.3,"temp_min":-4.7,"humidity_mean":66.0,"wind_speed_max":8.7,"wind_gusts_max":18.4,"precipitation":0.0,"soil_temp":3.63,"elevacion_centro":974.79,"cloud_cover":2.0,"NDVI":0.73}},{"type":"Feature","geometry":{"type":"Point","coordinates":[32.83,37.34]},"properties":{"lat":37.34,"lon":32.83,"fecha":"2024-01-05","temp_mean":6.3,"temp_max":13.8,"temp_min":-0.1,"humidity_mean":74.0,"wind_speed_max":20.1,"wind_gusts_max":36.4,"precipitation":0.0,"soil_temp":6.49,"elevacion_centro":1055.79,"cloud_cover":12.0,"NDVI":0.11}},{"type":"Feature","geometry":{"type":"Point","coordinates":[31.15,38.64]},"properties":{"lat":38.64,"lon":31.15,"fecha":"2024-01-17","temp_mean":5.0,"temp_max":10.1,"temp_min":0.8,"humidity_mean":82.0,"wind_speed_max":10.8,"wind_gusts_max":21.6,"precipitation":0.0,"soil_temp":4.04,"elevacion_centro":960.93,"cloud_cover":5.0,"NDVI":0.32}},{"type":"Feature","geometry":{"type":"Point","coordinates":[-6.35,42.25]},"properties":{"lat":42.25,"lon":-6.35,"fecha":"2024-01-25","temp_mean":8.8,"temp_max":14.4,"temp_min":4.2,"humidity_mean":74.0,"wind_speed_max":6.2,"wind_gusts_max":20.2,"precipitation":0.0,"soil_temp":5.62,"elevacion_centro":1278.36,"cloud_cover":38.0,"NDVI":0.44}},{"type":"Feature","geometry":{"type":"Point","coordinates":[24.93,37.86]},"properties":{"lat":37.86,"lon":24.93,"fecha":"2024-01-26","temp_mean":10.9,"temp_max":12.0,"temp_min":9.4,"humidity_mean":58.0,"wind_speed_max":32.9,"wind_gusts_max":96.1,"precipitation":0.3,"soil_temp":10.17,"elevacion_centro":174.53,"cloud_cover":44.0,"NDVI":0.55}},{"type":"Feature","geometry":{"type":"Point","coordinates":[23.45,41.08]},"properties":{"lat":41.08,"lon":23.45,"fecha":"2024-01-28","temp_mean":3.8,"temp_max":9.6,"temp_min":-1.1,"humidity_mean":59.0,"wind_speed_max":18.4,"wind_gusts_max":32.4,"precipitation":0.0,"soil_temp":1.67,"elevacion_centro":15.85,"cloud_cover":11.0,"NDVI":0.33}},{"type":"Feature","geometry":{"type":"Point","coordinates":[0.01,42.97]},"properties":{"lat":42.97,"lon":0.01,"fecha":"2024-01-30","temp_mean":4.2,"temp_max":11.3,"temp_min":-0.3,"humidity_mean":64.0,"wind_speed_max":6.4,"wind_gusts_max":25.9,"precipitation":0.0,"soil_temp":6.46,"elevacion_centro":1587.36,"cloud_cover":44.0,"NDVI":0.02}},{"type":"Feature","geometry":{"type":"Point","coordinates":[20.68,42.82]},"properties":{"lat":42.82,"lon":20.68,"fecha":"2024-02-01","temp_mean":1.8,"temp_max":8.4,"temp_min":-1.6,"humidity_mean":29.0,"wind_speed_max":7.2,"wind_gusts_max":18.7,"precipitation":0.0,"soil_temp":-1.34,"elevacion_centro":835.37,"cloud_cover":45.0,"NDVI":0.37}},{"type":"Feature","geometry":{"type":"Point","coordinates":[-7.51,40.45]},"properties":{"lat":40.45,"lon":-7.51,"fecha":"2024-02-06","temp_mean":8.7,"temp_max":13.2,"temp_min":4.2,"humidity_mean":68.0,"wind_speed_max":7.1,"wind_gusts_max":24.1,"precipitation":0.0,"soil_temp":9.05,"elevacion_centro":1033.17,"cloud_cover":44.0,"NDVI":0.51}},{"type":"Feature","geometry":{"type":"Point","coordinates":[16.82,43.82]},"properties":{"lat":43.82,"lon":16.82,"fecha":"2024-02-15","temp_mean":4.2,"temp_max":12.8,"temp_min":-1.6,"humidity_mean":77.0,"wind_speed_max":11.3,"wind_gusts_max":34.6,"precipitation":0.0,"soil_temp":0.89,"elevacion_centro":705.55,"cloud_cover":13.0,"NDVI":0.06}},{"type":"Feature","geometry":{"type":"Point","coordinates":[19.11,44.59]},"properties":{"lat":44.59,"lon":19.11,"fecha":"2024-02-17","temp_mean":6.6,"temp_max":13.7,"temp_min":0.7,"humidity_mean":68.0,"wind_speed_max":12.0,"wind_gusts_max":23.8,"precipitation":0.0,"soil_temp":5.56,"elevacion_centro":368.0,"cloud_cover":40.0,"NDVI":0.26}},{"type":"Feature","geometry":{"type":"Point","coordinates":[27.1,45.13]},"properties":{"lat":45.13,"lon":27.1,"fecha":"2024-02-20","temp_mean":5.5,"temp_max":10.9,"temp_min":-1.5,"humidity_mean":73.0,"wind_speed_max":10.2,"wind_gusts_max":20.5,"precipitation":0.0,"soil_temp":4.98,"elevacion_centro":58.09,"cloud_cover":86.0,"NDVI":0.22}},{"type":"Feature","geometry":{"type":"Point","coordinates":[21.72,44.91]},"properties":{"lat":44.91,"lon":21.72,"fecha":"2024-02-27","temp_mean":11.1,"temp_max":15.2,"temp_min":8.4,"humidity_mean":65.0,"wind_speed_max":24.2,"wind_gusts_max":56.5,"precipitation":0.0,"soil_temp":7.58,"elevacion_centro":223.76,"cloud_cover":36.0,"NDVI":0.45}},{"type":"Feature","geometry":{"type":"Point","coordinates":[21.35,45.16]},"properties":{"lat":45.16,"lon":21.35,"fecha":"2024-03-01","temp_mean":12.2,"temp_max":15.8,"temp_min":10.2,"humidity_mean":67.0,"wind_speed_max":24.9,"wind_gusts_max":50.0,"precipitation":2.2,"soil_temp":10.2,"elevacion_centro":85.15,"cloud_cover":96.0,"NDVI":0.25}},{"type":"Feature","geometry":{"type":"Point","coordinates":[18.81,43.42]},"properties":{"lat":43.42,"lon":18.81,"fecha":"2024-03-03","temp_mean":1.8,"temp_max":7.1,"temp_min":-1.6,"humidity_mean":79.0,"wind_speed_max":14.0,"wind_gusts_max":49.7,"precipitation":0.0,"soil_temp":4.0,"elevacion_centro":1670.71,"cloud_cover":66.0,"NDVI":-0.03}},{"type":"Feature","geometry":{"type":"Point","coordinates":[21.98,41.5]},"properties":{"lat":41.5,"lon":21.98,"fecha":"2024-03-08","temp_mean":8.3,"temp_max":13.3,"temp_min":5.1,"humidity_mean":69.0,"wind_speed_max":8.4,"wind_gusts_max":18.7,"precipitation":0.0,"soil_temp":5.45,"elevacion_centro":188.78,"cloud_cover":15.0,"NDVI":0.22}},{"type":"Feature","geometry":{"type":"Point","coordinates":[30.85,38.45]},"properties":{"lat":38.45,"lon":30.85,"fecha":"2024-03-12","temp_mean":8.3,"temp_max":15.1,"temp_min":1.8,"humidity_mean":62.0,"wind_speed_max":21.2,"wind_gusts_max":54.4,"precipitation":0.0,"soil_temp":6.63,"elevacion_centro":997.59,"cloud_cover":37.0,"NDVI":-0.02}},{"type":"Feature","geometry":{"type":"Point","coordinates":[-4.31,43.2]},"properties":{"lat":43.2,"lon":-4.31,"fecha":"2024-03-14","temp_mean":12.8,"temp_max":19.5,"temp_min":5.3,"humidity_mean":64.0,"wind_speed_max":10.6,"wind_gusts_max":27.0,"precipitation":0.0,"soil_temp":7.94,"elevacion_centro":379.24,"cloud_cover":32.0,"NDVI":0.47}},{"type":"Feature","geometry":{"type":"Point","coordinates":[23.42,43.79]},"properties":{"lat":43.79,"lon":23.42,"fecha":"2024-03-20","temp_mean":7.7,"temp_max":13.8,"temp_min":2.6,"humidity_mean":58.0,"wind_speed_max":19.1,"wind_gusts_max":36.7,"precipitation":0.0,"soil_temp":7.49,"elevacion_centro":91.77,"cloud_cover":7.0,"NDVI":0.21}},{"type":"Feature","geometry":{"type":"Point","coordinates":[6.19,43.66]},"properties":{"lat":43.66,"lon":6.19,"fecha":"2024-03-23","temp_mean":11.7,"temp_max":17.2,"temp_min":7.2,"humidity_mean":54.0,"wind_speed_max":30.3,"wind_gusts_max":69.5,"precipitation":0.0,"soil_temp":11.43,"elevacion_centro":641.52,"cloud_cover":37.0,"NDVI":0.1}},{"type":"Feature","geometry":{"type":"Point","coordinates":[9.01,42.28]},"properties":{"lat":42.28,"lon":9.01,"fecha":"2024-03-23","temp_mean":4.8,"temp_max":8.4,"temp_min":0.1,"humidity_mean":67.0,"wind_speed_max":13.7,"wind_gusts_max":66.6,"precipitation":0.0,"soil_temp":13.21,"elevacion_centro":1572.63,"cloud_cover":27.0,"NDVI":0.12}},{"type":"Feature","geometry":{"type":"Point","coordinates":[23.88,43.64]},"properties":{"lat":43.64,"lon":23.88,"fecha":"2024-03-24","temp_mean":12.3,"temp_max":21.0,"temp_min":6.5,"humidity_mean":56.0,"wind_speed_max":25.8,"wind_gusts_max":52.9,"precipitation":0.0,"soil_temp":12.54,"elevacion_centro":85.58,"cloud_cover":54.0,"NDVI":0.25}},{"type":"Feature","geometry":{"type":"Point","coordinates":[22.27,42.37]},"properties":{"lat":42.37,"lon":22.27,"fecha":"2024-04-09","temp_mean":13.5,"temp_max":18.5,"temp_min":7.9,"humidity_mean":45.0,"wind_speed_max":6.9,"wind_gusts_max":24.1,"precipitation":0.0,"soil_temp":10.2,"elevacion_centro":1442.05,"cloud_cover":18.0,"NDVI":0.39}},{"type":"Feature","geometry":{"type":"Point","coordinates":[32.65,54.87]},"properties":{"lat":54.87,"lon":32.65,"fecha":"2024-04-10","temp_mean":17.0,"temp_max":24.5,"temp_min":10.2,"humidity_mean":67.0,"wind_speed_max":13.0,"wind_gusts_max":26.6,"precipitation":0.0,"soil_temp":14.63,"elevacion_centro":205.36,"cloud_cover":50.0,"NDVI":0.08}},{"type":"Feature","geometry":{"type":"Point","coordinates":[0.11,38.78]},"properties":{"lat":38.78,"lon":0.11,"fecha":"2024-04-13","temp_mean":18.3,"temp_max":24.0,"temp_min":11.8,"humidity_mean":42.0,"wind_speed_max":11.5,"wind_gusts_max":28.4,"precipitation":0.0,"soil_temp":18.51,"elevacion_centro":55.26,"cloud_cover":0.0,"NDVI":0.41}},{"type":"Feature","geometry":{"type":"Point","coordinates":[-0.08,38.71]},"properties":{"lat":38.71,"lon":-0.08,"fecha":"2024-04-14","temp_mean":18.6,"temp_max":23.2,"temp_min":12.5,"humidity_mean":40.0,"wind_speed_max":10.9,"wind_gusts_max":34.9,"precipitation":0.0,"soil_temp":19.07,"elevacion_centro":410.91,"cloud_cover":0.0,"NDVI":0.45}},{"type":"Feature","geometry":{"type":"Point","coordinates":[-7.67,41.8]},"properties":{"lat":41.8,"lon":-7.67,"fecha":"2024-04-15","temp_mean":13.9,"temp_max":18.8,"temp_min":9.3,"humidity_mean":62.0,"wind_speed_max":20.6,"wind_gusts_max":41.4,"precipitation":0.0,"soil_temp":14.27,"elevacion_centro":962.36,"cloud_cover":15.0,"NDVI":0.4}},{"type":"Feature","geometry":{"type":"Point","coordinates":[17.92,45.08]},"properties":{"lat":45.08,"lon":17.92,"fecha":"2024-04-15","temp_mean":19.9,"temp_max":29.3,"temp_min":10.1,"humidity_mean":57.0,"wind_speed_max":21.4,"wind_gusts_max":43.2,"precipitation":0.0,"soil_temp":18.48,"elevacion_centro":87.43,"cloud_cover":16.0,"NDVI":0.58}},{"type":"Feature","geometry":{"type":"Point","coordinates":[-6.97,43.34]},"properties":{"lat":43.34,"lon":-6.97,"fecha":"2024-04-20","temp_mean":9.4,"temp_max":16.3,"temp_min":4.4,"humidity_mean":75.0,"wind_speed_max":16.8,"wind_gusts_max":42.8,"precipitation":0.0,"soil_temp":12.29,"elevacion_centro":891.7,"cloud_cover":34.0,"NDVI":0.59}},{"type":"Feature","geometry":{"type":"Point","coordinates":[-0.55,44.9]},"properties":{"lat":44.9,"lon":-0.55,"fecha":"2024-04-22","temp_mean":8.4,"temp_max":12.9,"temp_min":4.0,"humidity_mean":62.0,"wind_speed_max":18.0,"wind_gusts_max":36.7,"precipitation":0.1,"soil_temp":8.86,"elevacion_centro":1.5,"cloud_cover":27.0,"NDVI":0.19}},{"type":"Feature","geometry":{"type":"Point","coordinates":[-8.57,42.0]},"properties":{"lat":42.0,"lon":-8.57,"fecha":"2024-04-23","temp_mean":11.9,"temp_max":18.2,"temp_min":5.1,"humidity_mean":60.0,"wind_speed_max":18.6,"wind_gusts_max":43.9,"precipitation":0.0,"soil_temp":13.3,"elevacion_centro":413.98,"cloud_cover":2.0,"NDVI":0.51}},{"type":"Feature","geometry":{"type":"Point","coordinates":[-6.81,41.61]},"properties":{"lat":41.61,"lon":-6.81,"fecha":"2024-04-23","temp_mean":7.9,"temp_max":14.7,"temp_min":0.5,"humidity_mean":58.0,"wind_speed_max":12.8,"wind_gusts_max":25.9,"precipitation":0.1,"soil_temp":10.37,"elevacion_centro":890.81,"cloud_cover":14.0,"NDVI":0.22}},{"type":"Feature","geometry":{"type":"Point","coordinates":[-0.45,38.9]},"properties":{"lat":38.9,"lon":-0.45,"fecha":"2024-04-23","temp_mean":13.1,"temp_max":19.6,"temp_min":6.8,"humidity_mean":44.0,"wind_speed_max":10.0,"wind_gusts_max":29.2,"precipitation":0.0,"soil_temp":14.8,"elevacion_centro":175.2,"cloud_cover":16.0,"NDVI":0.17}},{"type":"Feature","geometry":{"type":"Point","coordinates":[0.09,40.16]},"properties":{"lat":40.16,"lon":0.09,"fecha":"2024-04-24","temp_mean":11.6,"temp_max":16.7,"temp_min":7.4,"humidity_mean":43.0,"wind_speed_max":32.3,"wind_gusts_max":63.0,"precipitation":0.0,"soil_temp":15.17,"elevacion_centro":279.75,"cloud_cover":24.0,"NDVI":0.29}},{"type":"Feature","geometry":{"type":"Point","coordinates":[-2.35,39.85]},"properties":{"lat":39.85,"lon":-2.35,"fecha":"2024-04-24","temp_mean":9.4,"temp_max":17.4,"temp_min":1.1,"humidity_mean":42.0,"wind_speed_max":16.3,"wind_gusts_max":34.6,"precipitation":0.0,"soil_temp":10.08,"elevacion_centro":959.08,"cloud_cover":27.0,"NDVI":0.76}},{"type":"Feature","geometry":{"type":"Point","coordinates":[11.89,51.47]},"properties":{"lat":51.47,"lon":11.89,"fecha":"2024-05-02","temp_mean":18.8,"temp_max":23.9,"temp_min":13.3,"humidity_mean":58.0,"wind_speed_max":23.1,"wind_gusts_max":48.6,"precipitation":0.1,"soil_temp":16.23,"elevacion_centro":93.6,"cloud_cover":35.0,"NDVI":0.2}},{"type":"Feature","geometry":{"type":"Point","coordinates":[16.5,38.42]},"properties":{"lat":38.42,"lon":16.5,"fecha":"2024-05-03","temp_mean":15.1,"temp_max":18.6,"temp_min":12.6,"humidity_mean":59.0,"wind_speed_max":24.6,"wind_gusts_max":54.7,"precipitation":0.0,"soil_temp":18.41,"elevacion_centro":230.58,"cloud_cover":62.0,"NDVI":0.53}},{"type":"Feature","geometry":{"type":"Point","coordinates":[-0.16,46.98]},"properties":{"lat":46.98,"lon":-0.16,"fecha":"2024-05-13","temp_mean":16.0,"temp_max":20.4,"temp_min":13.4,"humidity_mean":76.0,"wind_speed_max":16.4,"wind_gusts_max":31.0,"precipitation":4.4,"soil_temp":15.94,"elevacion_centro":80.07,"cloud_cover":100.0,"NDVI":0.31}},{"type":"Feature","geometry":{"type":"Point","coordinates":[24.29,60.7]},"properties":{"lat":60.7,"lon":24.29,"fecha":"2024-05-21","temp_mean":12.5,"temp_max":18.0,"temp_min":5.8,"humidity_mean":49.0,"wind_speed_max":11.3,"wind_gusts_max":24.1,"precipitation":0.0,"soil_temp":11.73,"elevacion_centro":138.11,"cloud_cover":6.0,"NDVI":0.31}},{"type":"Feature","geometry":{"type":"Point","coordinates":[-0.23,35.81]},"properties":{"lat":35.81,"lon":-0.23,"fecha":"2024-05-21","temp_mean":20.5,"temp_max":26.4,"temp_min":15.8,"humidity_mean":46.0,"wind_speed_max":21.1,"wind_gusts_max":46.8,"precipitation":0.0,"soil_temp":20.89,"elevacion_centro":1.18,"cloud_cover":0.0,"NDVI":0.08}},{"type":"Feature","geometry":{"type":"Point","coordinates":[17.28,62.09]},"properties":{"lat":62.09,"lon":17.28,"fecha":"2024-05-22","temp_mean":13.5,"temp_max":18.9,"temp_min":7.6,"humidity_mean":45.0,"wind_speed_max":18.5,"wind_gusts_max":45.0,"precipitation":0.0,"soil_temp":11.22,"elevacion_centro":151.67,"cloud_cover":0.0,"NDVI":0.51}},{"type":"Feature","geometry":{"type":"Point","coordinates":[18.89,66.02]},"properties":{"lat":66.02,"lon":18.89,"fecha":"2024-05-27","temp_mean":17.7,"temp_max":23.8,"temp_min":10.4,"humidity_mean":59.0,"wind_speed_max":21.0,"wind_gusts_max":47.5,"precipitation":0.1,"soil_temp":14.47,"elevacion_centro":381.11,"cloud_cover":40.0,"NDVI":-0.01}},{"type":"Feature","geometry":{"type":"Point","coordinates":[29.12,64.38]},"properties":{"lat":64.38,"lon":29.12,"fecha":"2024-05-28","temp_mean":19.0,"temp_max":24.2,"temp_min":13.4,"humidity_mean":67.0,"wind_speed_max":19.5,"wind_gusts_max":48.2,"precipitation":0.4,"soil_temp":15.48,"elevacion_centro":186.21,"cloud_cover":42.0,"NDVI":0.41}},{"type":"Feature","geometry":{"type":"Point","coordinates":[15.76,63.76]},"properties":{"lat":63.76,"lon":15.76,"fecha":"2024-05-30","temp_mean":16.9,"temp_max":21.5,"temp_min":10.9,"humidity_mean":55.0,"wind_speed_max":13.2,"wind_gusts_max":30.6,"precipitation":0.0,"soil_temp":15.33,"elevacion_centro":281.68,"cloud_cover":29.0,"NDVI":0.57}},{"type":"Feature","geometry":{"type":"Point","coordinates":[9.42,54.04]},"properties":{"lat":54.04,"lon":9.42,"fecha":"2024-06-01","temp_mean":18.6,"temp_max":23.1,"temp_min":13.5,"humidity_mean":80.0,"wind_speed_max":14.8,"wind_gusts_max":31.3,"precipitation":0.0,"soil_temp":18.05,"elevacion_centro":38.48,"cloud_cover":64.0,"NDVI":0.61}},{"type":"Feature","geometry":{"type":"Point","coordinates":[-5.65,36.09]},"properties":{"lat":36.09,"lon":-5.65,"fecha":"2024-06-03","temp_mean":16.9,"temp_max":19.8,"temp_min":14.7,"humidity_mean":79.0,"wind_speed_max":33.1,"wind_gusts_max":73.8,"precipitation":0.0,"soil_temp":20.62,"elevacion_centro":425.47,"cloud_cover":25.0,"NDVI":0.6}},{"type":"Feature","geometry":{"type":"Point","coordinates":[28.72,38.58]},"properties":{"lat":38.58,"lon":28.72,"fecha":"2024-06-03","temp_mean":29.6,"temp_max":38.5,"temp_min":19.0,"humidity_mean":30.0,"wind_speed_max":10.4,"wind_gusts_max":27.0,"precipitation":0.0,"soil_temp":26.92,"elevacion_centro":508.07,"cloud_cover":39.0,"NDVI":0.49}},{"type":"Feature","geometry":{"type":"Point","coordinates":[28.98,40.0]},"properties":{"lat":40.0,"lon":28.98,"fecha":"2024-06-04","temp_mean":24.8,"temp_max":31.0,"temp_min":17.2,"humidity_mean":45.0,"wind_speed_max":9.0,"wind_gusts_max":28.8,"precipitation":0.4,"soil_temp":26.13,"elevacion_centro":900.41,"cloud_cover":35.0,"NDVI":0.71}},{"type":"Feature","geometry":{"type":"Point","coordinates":[27.27,67.64]},"properties":{"lat":67.64,"lon":27.27,"fecha":"2024-06-06","temp_mean":18.5,"temp_max":23.7,"temp_min":12.1,"humidity_mean":57.0,"wind_speed_max":17.1,"wind_gusts_max":41.0,"precipitation":5.1,"soil_temp":15.22,"elevacion_centro":208.53,"cloud_cover":54.0,"NDVI":0.25}},{"type":"Feature","geometry":{"type":"Point","coordinates":[3.42,36.49]},"properties":{"lat":36.49,"lon":3.42,"fecha":"2024-06-06","temp_mean":26.8,"temp_max":35.7,"temp_min":17.4,"humidity_mean":29.0,"wind_speed_max":15.6,"wind_gusts_max":38.2,"precipitation":0.0,"soil_temp":27.0,"elevacion_centro":718.53,"cloud_cover":33.0,"NDVI":0.54}},{"type":"Feature","geometry":{"type":"Point","coordinates":[26.1,38.4]},"properties":{"lat":38.4,"lon":26.1,"fecha":"2024-06-07","temp_mean":27.6,"temp_max":33.3,"temp_min":23.0,"humidity_mean":46.0,"wind_speed_max":18.1,"wind_gusts_max":49.3,"precipitation":0.1,"soil_temp":31.72,"elevacion_centro":192.09,"cloud_cover":39.0,"NDVI":0.74}},{"type":"Feature","geometry":{"type":"Point","coordinates":[-2.24,36.92]},"properties":{"lat":36.92,"lon":-2.24,"fecha":"2024-06-07","temp_mean":27.7,"temp_max":34.6,"temp_min":22.6,"humidity_mean":37.0,"wind_speed_max":27.5,"wind_gusts_max":57.2,"precipitation":0.0,"soil_temp":26.79,"elevacion_centro":283.42,"cloud_cover":48.0,"NDVI":0.18}},{"type":"Feature","geometry":{"type":"Point","coordinates":[-6.25,37.15]},"properties":{"lat":37.15,"lon":-6.25,"fecha":"2024-06-10","temp_mean":21.4,"temp_max":26.7,"temp_min":16.3,"humidity_mean":70.0,"wind_speed_max":17.9,"wind_gusts_max":43.6,"precipitation":0.8,"soil_temp":25.4,"elevacion_centro":3.27,"cloud_cover":13.0,"NDVI":0.17}},{"type":"Feature","geometry":{"type":"Point","coordinates":[4.2,51.75]},"properties":{"lat":51.75,"lon":4.2,"fecha":"2024-06-11","temp_mean":11.8,"temp_max":14.4,"temp_min":9.2,"humidity_mean":74.0,"wind_speed_max":20.9,"wind_gusts_max":39.6,"precipitation":1.6,"soil_temp":11.79,"elevacion_centro":2.68,"cloud_cover":39.0,"NDVI":0.22}},{"type":"Feature","geometry":{"type":"Point","coordinates":[30.51,37.35]},"properties":{"lat":37.35,"lon":30.51,"fecha":"2024-06-12","temp_mean":28.6,"temp_max":37.3,"temp_min":20.2,"humidity_mean":38.0,"wind_speed_max":9.7,"wind_gusts_max":28.8,"precipitation":0.0,"soil_temp":27.86,"elevacion_centro":787.23,"cloud_cover":5.0,"NDVI":0.07}},{"type":"Feature","geometry":{"type":"Point","coordinates":[24.74,66.97]},"properties":{"lat":66.97,"lon":24.74,"fecha":"2024-06-14","temp_mean":13.8,"temp_max":17.5,"temp_min":8.3,"humidity_mean":77.0,"wind_speed_max":11.0,"wind_gusts_max":29.5,"precipitation":2.0,"soil_temp":13.5,"elevacion_centro":168.13,"cloud_cover":59.0,"NDVI":0.38}},{"type":"Feature","geometry":{"type":"Point","coordinates":[27.73,37.12]},"properties":{"lat":37.12,"lon":27.73,"fecha":"2024-06-14","temp_mean":32.2,"temp_max":42.2,"temp_min":23.6,"humidity_mean":33.0,"wind_speed_max":15.0,"wind_gusts_max":48.2,"precipitation":0.0,"soil_temp":30.37,"elevacion_centro":197.71,"cloud_cover":44.0,"NDVI":0.58}},{"type":"Feature","geometry":{"type":"Point","coordinates":[28.89,37.79]},"properties":{"lat":37.79,"lon":28.89,"fecha":"2024-06-14","temp_mean":27.9,"temp_max":34.4,"temp_min":19.5,"humidity_mean":30.0,"wind_speed_max":21.3,"wind_gusts_max":67.7,"precipitation":1.2,"soil_temp":30.15,"elevacion_centro":1156.37,"cloud_cover":52.0,"NDVI":0.34}},{"type":"Feature","geometry":{"type":"Point","coordinates":[22.77,41.09]},"properties":{"lat":41.09,"lon":22.77,"fecha":"2024-06-14","temp_mean":24.5,"temp_max":29.0,"temp_min":20.4,"humidity_mean":46.0,"wind_speed_max":29.2,"wind_gusts_max":59.8,"precipitation":0.0,"soil_temp":28.46,"elevacion_centro":99.57,"cloud_cover":25.0,"NDVI":0.76}},{"type":"Feature","geometry":{"type":"Point","coordinates":[8.05,35.39]},"properties":{"lat":35.39,"lon":8.05,"fecha":"2024-06-18","temp_mean":29.8,"temp_max":37.8,"temp_min":21.2,"humidity_mean":23.0,"wind_speed_max":16.8,"wind_gusts_max":41.4,"precipitation":0.0,"soil_temp":29.67,"elevacion_centro":1041.24,"cloud_cover":32.0,"NDVI":0.17}},{"type":"Feature","geometry":{"type":"Point","coordinates":[24.65,43.77]},"properties":{"lat":43.77,"lon":24.65,"fecha":"2024-06-18","temp_mean":26.5,"temp_max":33.0,"temp_min":20.3,"humidity_mean":56.0,"wind_speed_max":10.7,"wind_gusts_max":25.6,"precipitation":0.0,"soil_temp":28.86,"elevacion_centro":36.17,"cloud_cover":1.0,"NDVI":0.46}},{"type":"Feature","geometry":{"type":"Point","coordinates":[26.53,40.42]},"properties":{"lat":40.42,"lon":26.53,"fecha":"2024-06-18","temp_mean":25.1,"temp_max":30.8,"temp_min":20.2,"humidity_mean":50.0,"wind_speed_max":27.9,"wind_gusts_max":58.0,"precipitation":0.0,"soil_temp":28.85,"elevacion_centro":243.05,"cloud_cover":4.0,"NDVI":0.65}},{"type":"Feature","geometry":{"type":"Point","coordinates":[14.44,37.09]},"properties":{"lat":37.09,"lon":14.44,"fecha":"2024-06-18","temp_mean":25.0,"temp_max":31.2,"temp_min":17.9,"humidity_mean":58.0,"wind_speed_max":15.1,"wind_gusts_max":34.2,"precipitation":0.0,"soil_temp":30.94,"elevacion_centro":133.02,"cloud_cover":2.0,"NDVI":0.26}},{"type":"Feature","geometry":{"type":"Point","coordinates":[23.85,37.86]},"properties":{"lat":37.86,"lon":23.85,"fecha":"2024-06-19","temp_mean":30.3,"temp_max":35.0,"temp_min":26.7,"humidity_mean":30.0,"wind_speed_max":31.8,"wind_gusts_max":63.7,"precipitation":0.0,"soil_temp":30.38,"elevacion_centro":200.27,"cloud_cover":0.0,"NDVI":0.16}},{"type":"Feature","geometry":{"type":"Point","coordinates":[26.18,39.84]},"properties":{"lat":39.84,"lon":26.18,"fecha":"2024-06-20","temp_mean":28.3,"temp_max":34.5,"temp_min":21.5,"humidity_mean":42.0,"wind_speed_max":27.0,"wind_gusts_max":56.9,"precipitation":0.0,"soil_temp":27.36,"elevacion_centro":11.2,"cloud_cover":0.0,"NDVI":0.29}},{"type":"Feature","geometry":{"type":"Point","coordinates":[17.59,40.34]},"properties":{"lat":40.34,"lon":17.59,"fecha":"2024-06-20","temp_mean":32.2,"temp_max":39.0,"temp_min":24.0,"humidity_mean":30.0,"wind_speed_max":24.1,"wind_gusts_max":50.0,"precipitation":0.0,"soil_temp":34.63,"elevacion_centro":69.41,"cloud_cover":0.0,"NDVI":0.51}},{"type":"Feature","geometry":{"type":"Point","coordinates":[23.54,40.78]},"properties":{"lat":40.78,"lon":23.54,"fecha":"2024-06-20","temp_mean":28.9,"temp_max":33.2,"temp_min":23.5,"humidity_mean":47.0,"wind_speed_max":10.8,"wind_gusts_max":29.5,"precipitation":0.0,"soil_temp":31.68,"elevacion_centro":390.09,"cloud_cover":2.0,"NDVI":0.6}},{"type":"Feature","geometry":{"type":"Point","coordinates":[20.54,38.33]},"properties":{"lat":38.33,"lon":20.54,"fecha":"2024-06-21","temp_mean":31.4,"temp_max":34.5,"temp_min":28.3,"humidity_mean":36.0,"wind_speed_max":12.8,"wind_gusts_max":38.2,"precipitation":0.0,"soil_temp":34.68,"elevacion_centro":311.13,"cloud_cover":0.0,"NDVI":0.32}},{"type":"Feature","geometry":{"type":"Point","coordinates":[28.19,38.65]},"properties":{"lat":38.65,"lon":28.19,"fecha":"2024-06-21","temp_mean":27.2,"temp_max":35.6,"temp_min":19.5,"humidity_mean":40.0,"wind_speed_max":24.1,"wind_gusts_max":60.8,"precipitation":0.0,"soil_temp":30.87,"elevacion_centro":831.62,"cloud_cover":0.0,"NDVI":0.22}},{"type":"Feature","geometry":{"type":"Point","coordinates":[22.52,37.72]},"properties":{"lat":37.72,"lon":22.52,"fecha":"2024-06-21","temp_mean":27.5,"temp_max":32.1,"temp_min":22.5,"humidity_mean":43.0,"wind_speed_max":24.5,"wind_gusts_max":68.0,"precipitation":0.0,"soil_temp":27.73,"elevacion_centro":508.1,"cloud_cover":0.0,"NDVI":0.36}},{"type":"Feature","geometry":{"type":"Point","coordinates":[21.66,37.95]},"properties":{"lat":37.95,"lon":21.66,"fecha":"2024-06-21","temp_mean":29.7,"temp_max":35.2,"temp_min":24.5,"humidity_mean":33.0,"wind_speed_max":22.7,"wind_gusts_max":47.5,"precipitation":0.0,"soil_temp":28.25,"elevacion_centro":383.79,"cloud_cover":0.0,"NDVI":0.67}},{"type":"Feature","geometry":{"type":"Point","coordinates":[25.5,44.12]},"properties":{"lat":44.12,"lon":25.5,"fecha":"2024-06-22","temp_mean":27.6,"temp_max":33.5,"temp_min":21.1,"humidity_mean":49.0,"wind_speed_max":15.3,"wind_gusts_max":31.3,"precipitation":0.0,"soil_temp":29.12,"elevacion_centro":89.49,"cloud_cover":15.0,"NDVI":0.25}},{"type":"Feature","geometry":{"type":"Point","coordinates":[19.82,45.04]},"properties":{"lat":45.04,"lon":19.82,"fecha":"2024-06-22","temp_mean":28.5,"temp_max":36.0,"temp_min":23.2,"humidity_mean":64.0,"wind_speed_max":19.1,"wind_gusts_max":52.2,"precipitation":13.4,"soil_temp":30.9,"elevacion_centro":141.84,"cloud_cover":27.0,"NDVI":0.61}},{"type":"Feature","geometry":{"type":"Point","coordinates":[24.76,43.51]},"properties":{"lat":43.51,"lon":24.76,"fecha":"2024-06-23","temp_mean":27.9,"temp_max":34.4,"temp_min":20.5,"humidity_mean":40.0,"wind_speed_max":17.8,"wind_gusts_max":31.7,"precipitation":0.0,"soil_temp":29.54,"elevacion_centro":175.43,"cloud_cover":38.0,"NDVI":0.34}},{"type":"Feature","geometry":{"type":"Point","coordinates":[26.25,44.9]},"properties":{"lat":44.9,"lon":26.25,"fecha":"2024-06-23","temp_mean":27.1,"temp_max":33.5,"temp_min":19.2,"humidity_mean":39.0,"wind_speed_max":13.4,"wind_gusts_max":31.0,"precipitation":0.0,"soil_temp":26.88,"elevacion_centro":102.92,"cloud_cover":50.0,"NDVI":0.37}},{"type":"Feature","geometry":{"type":"Point","coordinates":[28.59,44.31]},"properties":{"lat":44.31,"lon":28.59,"fecha":"2024-06-26","temp_mean":23.0,"temp_max":26.4,"temp_min":18.9,"humidity_mean":66.0,"wind_speed_max":17.7,"wind_gusts_max":35.3,"precipitation":0.0,"soil_temp":25.41,"elevacion_centro":31.46,"cloud_cover":10.0,"NDVI":0.21}},{"type":"Feature","geometry":{"type":"Point","coordinates":[16.5,39.93]},"properties":{"lat":39.93,"lon":16.5,"fecha":"2024-06-27","temp_mean":25.4,"temp_max":31.0,"temp_min":19.7,"humidity_mean":49.0,"wind_speed_max":14.4,"wind_gusts_max":40.7,"precipitation":0.0,"soil_temp":25.7,"elevacion_centro":265.37,"cloud_cover":14.0,"NDVI":0.34}},{"type":"Feature","geometry":{"type":"Point","coordinates":[22.8,38.48]},"properties":{"lat":38.48,"lon":22.8,"fecha":"2024-06-27","temp_mean":28.0,"temp_max":35.1,"temp_min":22.3,"humidity_mean":50.0,"wind_speed_max":9.9,"wind_gusts_max":33.1,"precipitation":0.0,"soil_temp":29.98,"elevacion_centro":153.17,"cloud_cover":1.0,"NDVI":0.33}},{"type":"Feature","geometry":{"type":"Point","coordinates":[15.32,51.57]},"properties":{"lat":51.57,"lon":15.32,"fecha":"2024-06-28","temp_mean":24.3,"temp_max":30.0,"temp_min":18.8,"humidity_mean":65.0,"wind_speed_max":22.8,"wind_gusts_max":41.8,"precipitation":0.4,"soil_temp":22.92,"elevacion_centro":119.47,"cloud_cover":38.0,"NDVI":0.59}},{"type":"Feature","geometry":{"type":"Point","coordinates":[28.41,41.06]},"properties":{"lat":41.06,"lon":28.41,"fecha":"2024-06-28","temp_mean":23.8,"temp_max":27.2,"temp_min":20.4,"humidity_mean":67.0,"wind_speed_max":33.7,"wind_gusts_max":67.3,"precipitation":0.0,"soil_temp":25.29,"elevacion_centro":136.6,"cloud_cover":28.0,"NDVI":0.47}},{"type":"Feature","geometry":{"type":"Point","coordinates":[28.65,45.18]},"properties":{"lat":45.18,"lon":28.65,"fecha":"2024-06-29","temp_mean":24.8,"temp_max":30.1,"temp_min":19.2,"humidity_mean":52.0,"wind_speed_max":12.4,"wind_gusts_max":28.8,"precipitation":0.0,"soil_temp":27.09,"elevacion_centro":73.82,"cloud_cover":13.0,"NDVI":0.34}},{"type":"Feature","geometry":{"type":"Point","coordinates":[14.68,37.09]},"properties":{"lat":37.09,"lon":14.68,"fecha":"2024-06-29","temp_mean":26.7,"temp_max":33.5,"temp_min":21.0,"humidity_mean":44.0,"wind_speed_max":18.4,"wind_gusts_max":40.3,"precipitation":0.0,"soil_temp":32.29,"elevacion_centro":530.86,"cloud_cover":0.0,"NDVI":0.28}},{"type":"Feature","geometry":{"type":"Point","coordinates":[26.92,39.13]},"properties":{"lat":39.13,"lon":26.92,"fecha":"2024-07-01","temp_mean":27.1,"temp_max":35.4,"temp_min":19.2,"humidity_mean":35.0,"wind_speed_max":13.6,"wind_gusts_max":33.8,"precipitation":0.0,"soil_temp":27.39,"elevacion_centro":138.6,"cloud_cover":0.0,"NDVI":0.23}},{"type":"Feature","geometry":{"type":"Point","coordinates":[13.88,37.78]},"properties":{"lat":37.78,"lon":13.88,"fecha":"2024-07-01","temp_mean":29.3,"temp_max":37.3,"temp_min":22.3,"humidity_mean":35.0,"wind_speed_max":21.6,"wind_gusts_max":46.8,"precipitation":0.0,"soil_temp":30.72,"elevacion_centro":755.7,"cloud_cover":23.0,"NDVI":0.31}},{"type":"Feature","geometry":{"type":"Point","coordinates":[27.13,36.84]},"properties":{"lat":36.84,"lon":27.13,"fecha":"2024-07-01","temp_mean":27.6,"temp_max":31.1,"temp_min":25.0,"humidity_mean":52.0,"wind_speed_max":35.1,"wind_gusts_max":56.9,"precipitation":0.0,"soil_temp":31.78,"elevacion_centro":52.77,"cloud_cover":0.0,"NDVI":0.28}},{"type":"Feature","geometry":{"type":"Point","coordinates":[25.98,38.43]},"properties":{"lat":38.43,"lon":25.98,"fecha":"2024-07-01","temp_mean":26.5,"temp_max":30.8,"temp_min":22.0,"humidity_mean":37.0,"wind_speed_max":18.0,"wind_gusts_max":45.4,"precipitation":0.0,"soil_temp":33.0,"elevacion_centro":359.29,"cloud_cover":0.0,"NDVI":0.43}},{"type":"Feature","geometry":{"type":"Point","coordinates":[14.93,37.75]},"properties":{"lat":37.75,"lon":14.93,"fecha":"2024-07-04","temp_mean":14.4,"temp_max":19.1,"temp_min":10.3,"humidity_mean":73.0,"wind_speed_max":14.8,"wind_gusts_max":41.8,"precipitation":0.1,"soil_temp":28.26,"elevacion_centro":1668.11,"cloud_cover":26.0,"NDVI":0.18}},{"type":"Feature","geometry":{"type":"Point","coordinates":[15.02,37.75]},"properties":{"lat":37.75,"lon":15.02,"fecha":"2024-07-04","temp_mean":7.5,"temp_max":11.3,"temp_min":4.1,"humidity_mean":78.0,"wind_speed_max":4.3,"wind_gusts_max":32.8,"precipitation":3.5,"soil_temp":28.21,"elevacion_centro":2606.1,"cloud_cover":49.0,"NDVI":-0.0}},{"type":"Feature","geometry":{"type":"Point","coordinates":[3.76,36.37]},"properties":{"lat":36.37,"lon":3.76,"fecha":"2024-07-04","temp_mean":24.8,"temp_max":33.9,"temp_min":13.9,"humidity_mean":36.0,"wind_speed_max":15.5,"wind_gusts_max":37.1,"precipitation":0.0,"soil_temp":27.49,"elevacion_centro":658.17,"cloud_cover":0.0,"NDVI":0.21}},{"type":"Feature","geometry":{"type":"Point","coordinates":[34.64,37.45]},"properties":{"lat":37.45,"lon":34.64,"fecha":"2024-07-04","temp_mean":22.6,"temp_max":29.9,"temp_min":16.5,"humidity_mean":52.0,"wind_speed_max":12.3,"wind_gusts_max":40.7,"precipitation":0.6,"soil_temp":25.4,"elevacion_centro":1644.03,"cloud_cover":9.0,"NDVI":0.39}},{"type":"Feature","geometry":{"type":"Point","coordinates":[7.16,35.91]},"properties":{"lat":35.91,"lon":7.16,"fecha":"2024-07-05","temp_mean":27.2,"temp_max":37.4,"temp_min":16.0,"humidity_mean":30.0,"wind_speed_max":11.5,"wind_gusts_max":25.9,"precipitation":0.0,"soil_temp":28.03,"elevacion_centro":1004.28,"cloud_cover":0.0,"NDVI":0.43}},{"type":"Feature","geometry":{"type":"Point","coordinates":[-5.3,38.67]},"properties":{"lat":38.67,"lon":-5.3,"fecha":"2024-07-05","temp_mean":30.8,"temp_max":38.5,"temp_min":23.0,"humidity_mean":29.0,"wind_speed_max":19.8,"wind_gusts_max":42.8,"precipitation":0.0,"soil_temp":31.33,"elevacion_centro":505.89,"cloud_cover":1.0,"NDVI":0.26}},{"type":"Feature","geometry":{"type":"Point","coordinates":[-7.23,38.15]},"properties":{"lat":38.15,"lon":-7.23,"fecha":"2024-07-06","temp_mean":23.1,"temp_max":30.1,"temp_min":17.9,"humidity_mean":58.0,"wind_speed_max":19.5,"wind_gusts_max":41.4,"precipitation":0.0,"soil_temp":28.83,"elevacion_centro":139.99,"cloud_cover":2.0,"NDVI":0.31}},{"type":"Feature","geometry":{"type":"Point","coordinates":[8.79,40.08]},"properties":{"lat":40.08,"lon":8.79,"fecha":"2024-07-06","temp_mean":26.8,"temp_max":35.0,"temp_min":17.6,"humidity_mean":51.0,"wind_speed_max":16.3,"wind_gusts_max":38.2,"precipitation":0.0,"soil_temp":26.07,"elevacion_centro":249.94,"cloud_cover":25.0,"NDVI":0.79}},{"type":"Feature","geometry":{"type":"Point","coordinates":[15.21,38.8]},"properties":{"lat":38.8,"lon":15.21,"fecha":"2024-07-06","temp_mean":23.3,"temp_max":24.2,"temp_min":22.4,"humidity_mean":78.0,"wind_speed_max":19.9,"wind_gusts_max":26.3,"precipitation":0.0,"soil_temp":33.55,"elevacion_centro":397.1,"cloud_cover":0.0,"NDVI":-0.0}},{"type":"Feature","geometry":{"type":"Point","coordinates":[25.03,42.37]},"properties":{"lat":42.37,"lon":25.03,"fecha":"2024-07-07","temp_mean":24.9,"temp_max":31.2,"temp_min":17.7,"humidity_mean":48.0,"wind_speed_max":17.0,"wind_gusts_max":31.0,"precipitation":0.0,"soil_temp":25.36,"elevacion_centro":255.92,"cloud_cover":0.0,"NDVI":0.43}},{"type":"Feature","geometry":{"type":"Point","coordinates":[22.77,44.06]},"properties":{"lat":44.06,"lon":22.77,"fecha":"2024-07-07","temp_mean":26.4,"temp_max":32.8,"temp_min":18.9,"humidity_mean":54.0,"wind_speed_max":11.4,"wind_gusts_max":25.9,"precipitation":0.0,"soil_temp":27.19,"elevacion_centro":89.0,"cloud_cover":4.0,"NDVI":0.19}},{"type":"Feature","geometry":{"type":"Point","coordinates":[20.01,40.71]},"properties":{"lat":40.71,"lon":20.01,"fecha":"2024-07-07","temp_mean":25.4,"temp_max":32.1,"temp_min":19.5,"humidity_mean":57.0,"wind_speed_max":14.2,"wind_gusts_max":36.0,"precipitation":0.0,"soil_temp":28.12,"elevacion_centro":411.0,"cloud_cover":1.0,"NDVI":0.65}},{"type":"Feature","geometry":{"type":"Point","coordinates":[29.42,40.89]},"properties":{"lat":40.89,"lon":29.42,"fecha":"2024-07-08","temp_mean":26.0,"temp_max":31.8,"temp_min":20.7,"humidity_mean":72.0,"wind_speed_max":24.7,"wind_gusts_max":48.6,"precipitation":0.0,"soil_temp":26.05,"elevacion_centro":219.67,"cloud_cover":2.0,"NDVI":0.42}},{"type":"Feature","geometry":{"type":"Point","coordinates":[20.2,39.99]},"properties":{"lat":39.99,"lon":20.2,"fecha":"2024-07-08","temp_mean":26.4,"temp_max":33.2,"temp_min":19.0,"humidity_mean":55.0,"wind_speed_max":9.8,"wind_gusts_max":30.6,"precipitation":0.0,"soil_temp":30.53,"elevacion_centro":660.63,"cloud_cover":6.0,"NDVI":0.51}},{"type":"Feature","geometry":{"type":"Point","coordinates":[23.11,44.24]},"properties":{"lat":44.24,"lon":23.11,"fecha":"2024-07-08","temp_mean":27.9,"temp_max":34.3,"temp_min":20.6,"humidity_mean":47.0,"wind_speed_max":12.4,"wind_gusts_max":22.3,"precipitation":0.0,"soil_temp":29.79,"elevacion_centro":167.84,"cloud_cover":19.0,"NDVI":0.62}},{"type":"Feature","geometry":{"type":"Point","coordinates":[27.53,45.14]},"properties":{"lat":45.14,"lon":27.53,"fecha":"2024-07-09","temp_mean":28.6,"temp_max":35.3,"temp_min":21.4,"humidity_mean":42.0,"wind_speed_max":19.0,"wind_gusts_max":38.2,"precipitation":0.0,"soil_temp":30.13,"elevacion_centro":30.16,"cloud_cover":1.0,"NDVI":0.5}},{"type":"Feature","geometry":{"type":"Point","coordinates":[22.16,41.58]},"properties":{"lat":41.58,"lon":22.16,"fecha":"2024-07-10","temp_mean":30.4,"temp_max":37.8,"temp_min":22.8,"humidity_mean":35.0,"wind_speed_max":13.9,"wind_gusts_max":36.0,"precipitation":0.0,"soil_temp":30.1,"elevacion_centro":268.18,"cloud_cover":13.0,"NDVI":0.42}},{"type":"Feature","geometry":{"type":"Point","coordinates":[5.95,35.62]},"properties":{"lat":35.62,"lon":5.95,"fecha":"2024-07-10","temp_mean":31.2,"temp_max":39.5,"temp_min":23.6,"humidity_mean":22.0,"wind_speed_max":20.9,"wind_gusts_max":53.6,"precipitation":0.0,"soil_temp":30.73,"elevacion_centro":1250.93,"cloud_cover":11.0,"NDVI":0.29}},{"type":"Feature","geometry":{"type":"Point","coordinates":[-5.37,38.51]},"properties":{"lat":38.51,"lon":-5.37,"fecha":"2024-07-10","temp_mean":27.3,"temp_max":34.8,"temp_min":19.4,"humidity_mean":46.0,"wind_speed_max":10.8,"wind_gusts_max":20.2,"precipitation":0.0,"soil_temp":30.05,"elevacion_centro":485.66,"cloud_cover":0.0,"NDVI":0.32}},{"type":"Feature","geometry":{"type":"Point","coordinates":[26.49,41.16]},"properties":{"lat":41.16,"lon":26.49,"fecha":"2024-07-10","temp_mean":30.4,"temp_max":36.6,"temp_min":25.0,"humidity_mean":45.0,"wind_speed_max":24.8,"wind_gusts_max":48.2,"precipitation":0.0,"soil_temp":32.59,"elevacion_centro":94.04,"cloud_cover":32.0,"NDVI":0.24}},{"type":"Feature","geometry":{"type":"Point","coordinates":[28.47,43.95]},"properties":{"lat":43.95,"lon":28.47,"fecha":"2024-07-10","temp_mean":28.8,"temp_max":32.8,"temp_min":24.2,"humidity_mean":48.0,"wind_speed_max":20.5,"wind_gusts_max":41.0,"precipitation":0.3,"soil_temp":29.36,"elevacion_centro":84.84,"cloud_cover":56.0,"NDVI":0.21}},{"type":"Feature","geometry":{"type":"Point","coordinates":[27.11,38.3]},"properties":{"lat":38.3,"lon":27.11,"fecha":"2024-07-10","temp_mean":30.6,"temp_max":36.1,"temp_min":25.5,"humidity_mean":40.0,"wind_speed_max":22.6,"wind_gusts_max":49.3,"precipitation":0.2,"soil_temp":33.66,"elevacion_centro":385.78,"cloud_cover":26.0,"NDVI":0.37}},{"type":"Feature","geometry":{"type":"Point","coordinates":[5.79,36.45]},"properties":{"lat":36.45,"lon":5.79,"fecha":"2024-07-11","temp_mean":30.4,"temp_max":39.8,"temp_min":20.5,"humidity_mean":44.0,"wind_speed_max":12.1,"wind_gusts_max":32.0,"precipitation":0.0,"soil_temp":27.67,"elevacion_centro":549.34,"cloud_cover":0.0,"NDVI":0.36}},{"type":"Feature","geometry":{"type":"Point","coordinates":[15.99,40.99]},"properties":{"lat":40.99,"lon":15.99,"fecha":"2024-07-12","temp_mean":31.7,"temp_max":39.2,"temp_min":24.1,"humidity_mean":38.0,"wind_speed_max":20.7,"wind_gusts_max":41.4,"precipitation":0.0,"soil_temp":33.75,"elevacion_centro":349.39,"cloud_cover":5.0,"NDVI":0.2}},{"type":"Feature","geometry":{"type":"Point","coordinates":[24.79,42.5]},"properties":{"lat":42.5,"lon":24.79,"fecha":"2024-07-12","temp_mean":28.0,"temp_max":34.2,"temp_min":20.5,"humidity_mean":37.0,"wind_speed_max":11.6,"wind_gusts_max":30.6,"precipitation":0.0,"soil_temp":28.97,"elevacion_centro":449.63,"cloud_cover":5.0,"NDVI":0.72}},{"type":"Feature","geometry":{"type":"Point","coordinates":[27.39,42.38]},"properties":{"lat":42.38,"lon":27.39,"fecha":"2024-07-12","temp_mean":28.3,"temp_max":34.0,"temp_min":22.5,"humidity_mean":52.0,"wind_speed_max":23.7,"wind_gusts_max":48.2,"precipitation":0.0,"soil_temp":29.01,"elevacion_centro":38.48,"cloud_cover":2.0,"NDVI":0.4}},{"type":"Feature","geometry":{"type":"Point","coordinates":[22.44,41.21]},"properties":{"lat":41.21,"lon":22.44,"fecha":"2024-07-12","temp_mean":30.7,"temp_max":36.3,"temp_min":23.0,"humidity_mean":38.0,"wind_speed_max":7.6,"wind_gusts_max":23.4,"precipitation":0.0,"soil_temp":33.17,"elevacion_centro":184.77,"cloud_cover":6.0,"NDVI":0.79}},{"type":"Feature","geometry":{"type":"Point","coordinates":[28.42,44.22]},"properties":{"lat":44.22,"lon":28.42,"fecha":"2024-07-12","temp_mean":28.5,"temp_max":34.7,"temp_min":22.8,"humidity_mean":42.0,"wind_speed_max":16.7,"wind_gusts_max":35.6,"precipitation":0.0,"soil_temp":30.11,"elevacion_centro":14.27,"cloud_cover":1.0,"NDVI":0.41}},{"type":"Feature","geometry":{"type":"Point","coordinates":[27.44,37.77]},"properties":{"lat":37.77,"lon":27.44,"fecha":"2024-07-12","temp_mean":30.7,"temp_max":37.3,"temp_min":24.2,"humidity_mean":46.0,"wind_speed_max":13.5,"wind_gusts_max":40.0,"precipitation":0.0,"soil_temp":33.45,"elevacion_centro":13.53,"cloud_cover":17.0,"NDVI":0.09}},{"type":"Feature","geometry":{"type":"Point","coordinates":[23.17,44.13]},"properties":{"lat":44.13,"lon":23.17,"fecha":"2024-07-13","temp_mean":31.5,"temp_max":37.5,"temp_min":24.1,"humidity_mean":32.0,"wind_speed_max":15.4,"wind_gusts_max":33.1,"precipitation":0.0,"soil_temp":32.27,"elevacion_centro":84.2,"cloud_cover":2.0,"NDVI":0.22}},{"type":"Feature","geometry":{"type":"Point","coordinates":[-4.75,38.04]},"properties":{"lat":38.04,"lon":-4.75,"fecha":"2024-07-13","temp_mean":28.3,"temp_max":34.7,"temp_min":21.2,"humidity_mean":27.0,"wind_speed_max":21.1,"wind_gusts_max":42.8,"precipitation":0.0,"soil_temp":29.47,"elevacion_centro":438.88,"cloud_cover":18.0,"NDVI":0.39}},{"type":"Feature","geometry":{"type":"Point","coordinates":[27.14,44.37]},"properties":{"lat":44.37,"lon":27.14,"fecha":"2024-07-13","temp_mean":29.9,"temp_max":36.1,"temp_min":23.0,"humidity_mean":41.0,"wind_speed_max":13.8,"wind_gusts_max":30.6,"precipitation":0.0,"soil_temp":32.27,"elevacion_centro":43.88,"cloud_cover":7.0,"NDVI":0.27}},{"type":"Feature","geometry":{"type":"Point","coordinates":[27.52,44.05]},"properties":{"lat":44.05,"lon":27.52,"fecha":"2024-07-13","temp_mean":29.5,"temp_max":35.7,"temp_min":22.4,"humidity_mean":44.0,"wind_speed_max":20.2,"wind_gusts_max":39.6,"precipitation":0.0,"soil_temp":31.13,"elevacion_centro":97.91,"cloud_cover":3.0,"NDVI":0.25}},{"type":"Feature","geometry":{"type":"Point","coordinates":[26.34,41.88]},"properties":{"lat":41.88,"lon":26.34,"fecha":"2024-07-13","temp_mean":28.4,"temp_max":34.1,"temp_min":22.9,"humidity_mean":37.0,"wind_speed_max":22.6,"wind_gusts_max":50.0,"precipitation":0.0,"soil_temp":29.99,"elevacion_centro":410.81,"cloud_cover":7.0,"NDVI":0.59}},{"type":"Feature","geometry":{"type":"Point","coordinates":[28.08,41.11]},"properties":{"lat":41.11,"lon":28.08,"fecha":"2024-07-14","temp_mean":26.6,"temp_max":32.7,"temp_min":22.4,"humidity_mean":61.0,"wind_speed_max":25.9,"wind_gusts_max":50.8,"precipitation":0.0,"soil_temp":28.89,"elevacion_centro":82.82,"cloud_cover":0.0,"NDVI":0.23}},{"type":"Feature","geometry":{"type":"Point","coordinates":[28.29,41.1]},"properties":{"lat":41.1,"lon":28.29,"fecha":"2024-07-14","temp_mean":26.9,"temp_max":32.2,"temp_min":23.1,"humidity_mean":60.0,"wind_speed_max":26.1,"wind_gusts_max":52.9,"precipitation":0.0,"soil_temp":28.89,"elevacion_centro":58.44,"cloud_cover":0.0,"NDVI":0.19}},{"type":"Feature","geometry":{"type":"Point","coordinates":[12.26,53.38]},"properties":{"lat":53.38,"lon":12.26,"fecha":"2024-07-14","temp_mean":17.8,"temp_max":22.2,"temp_min":12.1,"humidity_mean":66.0,"wind_speed_max":18.9,"wind_gusts_max":41.0,"precipitation":0.0,"soil_temp":17.77,"elevacion_centro":91.09,"cloud_cover":34.0,"NDVI":0.11}},{"type":"Feature","geometry":{"type":"Point","coordinates":[-5.08,38.39]},"properties":{"lat":38.39,"lon":-5.08,"fecha":"2024-07-14","temp_mean":26.2,"temp_max":33.2,"temp_min":17.4,"humidity_mean":24.0,"wind_speed_max":13.7,"wind_gusts_max":32.0,"precipitation":0.0,"soil_temp":28.63,"elevacion_centro":571.22,"cloud_cover":1.0,"NDVI":0.21}},{"type":"Feature","geometry":{"type":"Point","coordinates":[16.31,39.81]},"properties":{"lat":39.81,"lon":16.31,"fecha":"2024-07-14","temp_mean":30.6,"temp_max":37.1,"temp_min":24.9,"humidity_mean":39.0,"wind_speed_max":15.3,"wind_gusts_max":40.3,"precipitation":0.0,"soil_temp":32.1,"elevacion_centro":428.3,"cloud_cover":12.0,"NDVI":0.32}},{"type":"Feature","geometry":{"type":"Point","coordinates":[28.71,41.14]},"properties":{"lat":41.14,"lon":28.71,"fecha":"2024-07-14","temp_mean":26.0,"temp_max":31.0,"temp_min":22.0,"humidity_mean":66.0,"wind_speed_max":22.7,"wind_gusts_max":43.9,"precipitation":0.0,"soil_temp":30.2,"elevacion_centro":104.5,"cloud_cover":1.0,"NDVI":0.36}},{"type":"Feature","geometry":{"type":"Point","coordinates":[27.61,41.47]},"properties":{"lat":41.47,"lon":27.61,"fecha":"2024-07-14","temp_mean":27.1,"temp_max":33.7,"temp_min":21.9,"humidity_mean":49.0,"wind_speed_max":25.1,"wind_gusts_max":47.5,"precipitation":0.0,"soil_temp":28.44,"elevacion_centro":143.58,"cloud_cover":0.0,"NDVI":0.21}},{"type":"Feature","geometry":{"type":"Point","coordinates":[27.71,43.23]},"properties":{"lat":43.23,"lon":27.71,"fecha":"2024-07-14","temp_mean":26.9,"temp_max":33.9,"temp_min":20.3,"humidity_mean":46.0,"wind_speed_max":19.0,"wind_gusts_max":42.8,"precipitation":0.0,"soil_temp":29.19,"elevacion_centro":119.01,"cloud_cover":2.0,"NDVI":0.59}},{"type":"Feature","geometry":{"type":"Point","coordinates":[29.62,45.29]},"properties":{"lat":45.29,"lon":29.62,"fecha":"2024-07-15","temp_mean":29.4,"temp_max":34.0,"temp_min":22.5,"humidity_mean":48.0,"wind_speed_max":20.9,"wind_gusts_max":41.0,"precipitation":0.0,"soil_temp":30.86,"elevacion_centro":0.35,"cloud_cover":81.0,"NDVI":0.7}},{"type":"Feature","geometry":{"type":"Point","coordinates":[24.55,43.47]},"properties":{"lat":43.47,"lon":24.55,"fecha":"2024-07-15","temp_mean":31.7,"temp_max":37.7,"temp_min":24.0,"humidity_mean":28.0,"wind_speed_max":17.3,"wind_gusts_max":32.8,"precipitation":0.0,"soil_temp":33.13,"elevacion_centro":54.02,"cloud_cover":2.0,"NDVI":0.6}},{"type":"Feature","geometry":{"type":"Point","coordinates":[27.76,39.26]},"properties":{"lat":39.26,"lon":27.76,"fecha":"2024-07-15","temp_mean":23.0,"temp_max":29.2,"temp_min":17.2,"humidity_mean":54.0,"wind_speed_max":29.7,"wind_gusts_max":70.6,"precipitation":0.0,"soil_temp":26.24,"elevacion_centro":779.44,"cloud_cover":1.0,"NDVI":0.67}},{"type":"Feature","geometry":{"type":"Point","coordinates":[24.23,43.34]},"properties":{"lat":43.34,"lon":24.23,"fecha":"2024-07-15","temp_mean":30.5,"temp_max":38.0,"temp_min":22.4,"humidity_mean":35.0,"wind_speed_max":16.6,"wind_gusts_max":32.8,"precipitation":0.0,"soil_temp":33.13,"elevacion_centro":218.54,"cloud_cover":2.0,"NDVI":0.57}},{"type":"Feature","geometry":{"type":"Point","coordinates":[23.73,44.17]},"properties":{"lat":44.17,"lon":23.73,"fecha":"2024-07-16","temp_mean":32.9,"temp_max":39.6,"temp_min":24.8,"humidity_mean":32.0,"wind_speed_max":25.5,"wind_gusts_max":47.5,"precipitation":0.0,"soil_temp":33.55,"elevacion_centro":155.45,"cloud_cover":10.0,"NDVI":0.21}},{"type":"Feature","geometry":{"type":"Point","coordinates":[-3.74,37.21]},"properties":{"lat":37.21,"lon":-3.74,"fecha":"2024-07-16","temp_mean":28.6,"temp_max":36.8,"temp_min":19.9,"humidity_mean":35.0,"wind_speed_max":12.9,"wind_gusts_max":27.0,"precipitation":0.0,"soil_temp":31.56,"elevacion_centro":564.54,"cloud_cover":0.0,"NDVI":0.47}},{"type":"Feature","geometry":{"type":"Point","coordinates":[24.34,42.52]},"properties":{"lat":42.52,"lon":24.34,"fecha":"2024-07-16","temp_mean":26.8,"temp_max":32.3,"temp_min":19.5,"humidity_mean":43.0,"wind_speed_max":19.1,"wind_gusts_max":43.9,"precipitation":0.0,"soil_temp":28.73,"elevacion_centro":615.88,"cloud_cover":8.0,"NDVI":0.67}},{"type":"Feature","geometry":{"type":"Point","coordinates":[26.93,42.08]},"properties":{"lat":42.08,"lon":26.93,"fecha":"2024-07-16","temp_mean":28.4,"temp_max":35.5,"temp_min":20.4,"humidity_mean":41.0,"wind_speed_max":24.6,"wind_gusts_max":50.0,"precipitation":0.0,"soil_temp":29.1,"elevacion_centro":314.86,"cloud_cover":45.0,"NDVI":0.73}},{"type":"Feature","geometry":{"type":"Point","coordinates":[23.94,43.26]},"properties":{"lat":43.26,"lon":23.94,"fecha":"2024-07-16","temp_mean":30.2,"temp_max":37.0,"temp_min":22.2,"humidity_mean":39.0,"wind_speed_max":16.5,"wind_gusts_max":36.4,"precipitation":0.0,"soil_temp":32.67,"elevacion_centro":335.16,"cloud_cover":12.0,"NDVI":0.23}},{"type":"Feature","geometry":{"type":"Point","coordinates":[24.31,44.83]},"properties":{"lat":44.83,"lon":24.31,"fecha":"2024-07-16","temp_mean":31.3,"temp_max":37.9,"temp_min":23.6,"humidity_mean":37.0,"wind_speed_max":18.8,"wind_gusts_max":49.3,"precipitation":0.0,"soil_temp":30.91,"elevacion_centro":230.12,"cloud_cover":15.0,"NDVI":0.38}},{"type":"Feature","geometry":{"type":"Point","coordinates":[24.03,43.28]},"properties":{"lat":43.28,"lon":24.03,"fecha":"2024-07-16","temp_mean":30.2,"temp_max":37.5,"temp_min":21.5,"humidity_mean":42.0,"wind_speed_max":16.3,"wind_gusts_max":35.6,"precipitation":0.0,"soil_temp":32.67,"elevacion_centro":218.43,"cloud_cover":11.0,"NDVI":0.55}},{"type":"Feature","geometry":{"type":"Point","coordinates":[19.86,41.64]},"properties":{"lat":41.64,"lon":19.86,"fecha":"2024-07-16","temp_mean":29.4,"temp_max":35.7,"temp_min":22.7,"humidity_mean":68.0,"wind_speed_max":7.4,"wind_gusts_max":32.4,"precipitation":0.0,"soil_temp":30.05,"elevacion_centro":212.58,"cloud_cover":8.0,"NDVI":0.48}},{"type":"Feature","geometry":{"type":"Point","coordinates":[32.35,39.36]},"properties":{"lat":39.36,"lon":32.35,"fecha":"2024-07-16","temp_mean":25.3,"temp_max":32.2,"temp_min":17.9,"humidity_mean":41.0,"wind_speed_max":22.7,"wind_gusts_max":42.1,"precipitation":0.0,"soil_temp":28.24,"elevacion_centro":972.52,"cloud_cover":7.0,"NDVI":0.18}},{"type":"Feature","geometry":{"type":"Point","coordinates":[16.47,40.07]},"properties":{"lat":40.07,"lon":16.47,"fecha":"2024-07-17","temp_mean":30.8,"temp_max":35.9,"temp_min":25.6,"humidity_mean":33.0,"wind_speed_max":16.5,"wind_gusts_max":41.0,"precipitation":0.0,"soil_temp":32.36,"elevacion_centro":530.38,"cloud_cover":11.0,"NDVI":0.2}},{"type":"Feature","geometry":{"type":"Point","coordinates":[21.84,41.52]},"properties":{"lat":41.52,"lon":21.84,"fecha":"2024-07-17","temp_mean":29.8,"temp_max":35.7,"temp_min":22.4,"humidity_mean":32.0,"wind_speed_max":9.9,"wind_gusts_max":28.8,"precipitation":0.0,"soil_temp":32.13,"elevacion_centro":613.21,"cloud_cover":10.0,"NDVI":0.47}},{"type":"Feature","geometry":{"type":"Point","coordinates":[27.87,39.47]},"properties":{"lat":39.47,"lon":27.87,"fecha":"2024-07-17","temp_mean":27.9,"temp_max":33.5,"temp_min":21.7,"humidity_mean":56.0,"wind_speed_max":25.9,"wind_gusts_max":58.3,"precipitation":0.0,"soil_temp":27.46,"elevacion_centro":216.52,"cloud_cover":3.0,"NDVI":0.52}},{"type":"Feature","geometry":{"type":"Point","coordinates":[23.08,37.76]},"properties":{"lat":37.76,"lon":23.08,"fecha":"2024-07-17","temp_mean":29.8,"temp_max":34.5,"temp_min":25.6,"humidity_mean":34.0,"wind_speed_max":24.4,"wind_gusts_max":57.6,"precipitation":0.0,"soil_temp":33.04,"elevacion_centro":557.29,"cloud_cover":0.0,"NDVI":0.34}},{"type":"Feature","geometry":{"type":"Point","coordinates":[24.89,42.49]},"properties":{"lat":42.49,"lon":24.89,"fecha":"2024-07-17","temp_mean":28.3,"temp_max":35.7,"temp_min":21.1,"humidity_mean":44.0,"wind_speed_max":20.4,"wind_gusts_max":43.9,"precipitation":0.0,"soil_temp":30.69,"elevacion_centro":519.16,"cloud_cover":9.0,"NDVI":0.69}},{"type":"Feature","geometry":{"type":"Point","coordinates":[16.97,40.64]},"properties":{"lat":40.64,"lon":16.97,"fecha":"2024-07-17","temp_mean":32.0,"temp_max":38.0,"temp_min":26.5,"humidity_mean":33.0,"wind_speed_max":20.8,"wind_gusts_max":42.5,"precipitation":0.0,"soil_temp":34.31,"elevacion_centro":273.63,"cloud_cover":10.0,"NDVI":0.68}},{"type":"Feature","geometry":{"type":"Point","coordinates":[27.96,39.52]},"properties":{"lat":39.52,"lon":27.96,"fecha":"2024-07-18","temp_mean":29.7,"temp_max":36.0,"temp_min":23.3,"humidity_mean":53.0,"wind_speed_max":25.8,"wind_gusts_max":54.7,"precipitation":0.0,"soil_temp":28.43,"elevacion_centro":212.94,"cloud_cover":4.0,"NDVI":0.37}},{"type":"Feature","geometry":{"type":"Point","coordinates":[27.19,38.33]},"properties":{"lat":38.33,"lon":27.19,"fecha":"2024-07-18","temp_mean":34.4,"temp_max":41.0,"temp_min":27.9,"humidity_mean":31.0,"wind_speed_max":21.0,"wind_gusts_max":43.6,"precipitation":0.0,"soil_temp":34.63,"elevacion_centro":196.63,"cloud_cover":2.0,"NDVI":0.72}},{"type":"Feature","geometry":{"type":"Point","coordinates":[-4.52,41.62]},"properties":{"lat":41.62,"lon":-4.52,"fecha":"2024-07-18","temp_mean":26.5,"temp_max":34.5,"temp_min":16.2,"humidity_mean":28.0,"wind_speed_max":18.1,"wind_gusts_max":36.4,"precipitation":0.0,"soil_temp":23.82,"elevacion_centro":761.9,"cloud_cover":15.0,"NDVI":0.15}},{"type":"Feature","geometry":{"type":"Point","coordinates":[25.54,42.19]},"properties":{"lat":42.19,"lon":25.54,"fecha":"2024-07-18","temp_mean":32.9,"temp_max":40.2,"temp_min":25.2,"humidity_mean":32.0,"wind_speed_max":22.1,"wind_gusts_max":40.7,"precipitation":0.0,"soil_temp":32.83,"elevacion_centro":162.92,"cloud_cover":14.0,"NDVI":0.21}},{"type":"Feature","geometry":{"type":"Point","coordinates":[26.62,40.96]},"properties":{"lat":40.96,"lon":26.62,"fecha":"2024-07-18","temp_mean":31.7,"temp_max":38.5,"temp_min":24.4,"humidity_mean":37.0,"wind_speed_max":24.7,"wind_gusts_max":48.6,"precipitation":0.0,"soil_temp":32.21,"elevacion_centro":168.05,"cloud_cover":4.0,"NDVI":0.17}},{"type":"Feature","geometry":{"type":"Point","coordinates":[26.87,42.01]},"properties":{"lat":42.01,"lon":26.87,"fecha":"2024-07-18","temp_mean":30.0,"temp_max":36.0,"temp_min":23.8,"humidity_mean":38.0,"wind_speed_max":26.7,"wind_gusts_max":51.8,"precipitation":0.0,"soil_temp":30.29,"elevacion_centro":392.31,"cloud_cover":8.0,"NDVI":0.9}},{"type":"Feature","geometry":{"type":"Point","coordinates":[26.67,42.43]},"properties":{"lat":42.43,"lon":26.67,"fecha":"2024-07-18","temp_mean":31.7,"temp_max":39.3,"temp_min":25.6,"humidity_mean":38.0,"wind_speed_max":25.2,"wind_gusts_max":51.5,"precipitation":0.2,"soil_temp":31.81,"elevacion_centro":248.54,"cloud_cover":12.0,"NDVI":0.26}},{"type":"Feature","geometry":{"type":"Point","coordinates":[21.86,37.66]},"properties":{"lat":37.66,"lon":21.86,"fecha":"2024-07-19","temp_mean":31.8,"temp_max":38.7,"temp_min":23.8,"humidity_mean":32.0,"wind_speed_max":15.7,"wind_gusts_max":37.1,"precipitation":0.0,"soil_temp":33.01,"elevacion_centro":196.58,"cloud_cover":4.0,"NDVI":0.44}},{"type":"Feature","geometry":{"type":"Point","coordinates":[16.93,48.96]},"properties":{"lat":48.96,"lon":16.93,"fecha":"2024-07-19","temp_mean":23.9,"temp_max":28.6,"temp_min":19.2,"humidity_mean":54.0,"wind_speed_max":18.2,"wind_gusts_max":33.1,"precipitation":0.0,"soil_temp":25.44,"elevacion_centro":174.94,"cloud_cover":37.0,"NDVI":0.38}},{"type":"Feature","geometry":{"type":"Point","coordinates":[26.4,41.17]},"properties":{"lat":41.17,"lon":26.4,"fecha":"2024-07-19","temp_mean":30.7,"temp_max":37.1,"temp_min":26.4,"humidity_mean":47.0,"wind_speed_max":25.0,"wind_gusts_max":55.1,"precipitation":0.4,"soil_temp":33.09,"elevacion_centro":58.85,"cloud_cover":38.0,"NDVI":0.78}},{"type":"Feature","geometry":{"type":"Point","coordinates":[23.31,38.19]},"properties":{"lat":38.19,"lon":23.31,"fecha":"2024-07-19","temp_mean":26.7,"temp_max":31.3,"temp_min":22.3,"humidity_mean":40.0,"wind_speed_max":26.2,"wind_gusts_max":72.7,"precipitation":0.0,"soil_temp":33.52,"elevacion_centro":815.69,"cloud_cover":0.0,"NDVI":0.38}},{"type":"Feature","geometry":{"type":"Point","coordinates":[23.96,44.21]},"properties":{"lat":44.21,"lon":23.96,"fecha":"2024-07-20","temp_mean":30.9,"temp_max":36.5,"temp_min":24.1,"humidity_mean":42.0,"wind_speed_max":22.7,"wind_gusts_max":39.2,"precipitation":0.2,"soil_temp":33.23,"elevacion_centro":167.02,"cloud_cover":36.0,"NDVI":0.29}},{"type":"Feature","geometry":{"type":"Point","coordinates":[15.95,41.18]},"properties":{"lat":41.18,"lon":15.95,"fecha":"2024-07-20","temp_mean":30.7,"temp_max":38.5,"temp_min":25.6,"humidity_mean":49.0,"wind_speed_max":19.2,"wind_gusts_max":46.4,"precipitation":1.3,"soil_temp":34.05,"elevacion_centro":72.83,"cloud_cover":13.0,"NDVI":0.44}},{"type":"Feature","geometry":{"type":"Point","coordinates":[-6.28,39.63]},"properties":{"lat":39.63,"lon":-6.28,"fecha":"2024-07-20","temp_mean":26.5,"temp_max":34.0,"temp_min":19.5,"humidity_mean":50.0,"wind_speed_max":22.4,"wind_gusts_max":46.4,"precipitation":0.0,"soil_temp":29.37,"elevacion_centro":356.26,"cloud_cover":5.0,"NDVI":0.26}},{"type":"Feature","geometry":{"type":"Point","coordinates":[13.51,37.78]},"properties":{"lat":37.78,"lon":13.51,"fecha":"2024-07-20","temp_mean":27.4,"temp_max":34.7,"temp_min":21.2,"humidity_mean":51.0,"wind_speed_max":19.5,"wind_gusts_max":43.9,"precipitation":0.0,"soil_temp":30.69,"elevacion_centro":462.2,"cloud_cover":0.0,"NDVI":0.34}},{"type":"Feature","geometry":{"type":"Point","coordinates":[21.48,41.55]},"properties":{"lat":41.55,"lon":21.48,"fecha":"2024-07-20","temp_mean":23.3,"temp_max":29.9,"temp_min":16.8,"humidity_mean":48.0,"wind_speed_max":8.6,"wind_gusts_max":31.0,"precipitation":0.0,"soil_temp":27.99,"elevacion_centro":1142.66,"cloud_cover":17.0,"NDVI":0.87}},{"type":"Feature","geometry":{"type":"Point","coordinates":[4.41,36.66]},"properties":{"lat":36.66,"lon":4.41,"fecha":"2024-07-21","temp_mean":29.8,"temp_max":37.3,"temp_min":23.6,"humidity_mean":40.0,"wind_speed_max":18.5,"wind_gusts_max":45.7,"precipitation":0.0,"soil_temp":32.07,"elevacion_centro":425.03,"cloud_cover":9.0,"NDVI":0.29}},{"type":"Feature","geometry":{"type":"Point","coordinates":[7.45,36.36]},"properties":{"lat":36.36,"lon":7.45,"fecha":"2024-07-21","temp_mean":31.5,"temp_max":43.0,"temp_min":23.4,"humidity_mean":33.0,"wind_speed_max":26.2,"wind_gusts_max":55.8,"precipitation":0.0,"soil_temp":33.48,"elevacion_centro":549.42,"cloud_cover":15.0,"NDVI":0.18}},{"type":"Feature","geometry":{"type":"Point","coordinates":[21.27,41.71]},"properties":{"lat":41.71,"lon":21.27,"fecha":"2024-07-22","temp_mean":22.7,"temp_max":27.9,"temp_min":18.5,"humidity_mean":59.0,"wind_speed_max":9.5,"wind_gusts_max":28.1,"precipitation":1.7,"soil_temp":28.52,"elevacion_centro":1055.03,"cloud_cover":28.0,"NDVI":0.6}},{"type":"Feature","geometry":{"type":"Point","coordinates":[15.95,38.01]},"properties":{"lat":38.01,"lon":15.95,"fecha":"2024-07-22","temp_mean":27.3,"temp_max":32.0,"temp_min":23.2,"humidity_mean":41.0,"wind_speed_max":14.2,"wind_gusts_max":40.3,"precipitation":0.0,"soil_temp":37.03,"elevacion_centro":601.33,"cloud_cover":21.0,"NDVI":0.62}},{"type":"Feature","geometry":{"type":"Point","coordinates":[20.01,44.83]},"properties":{"lat":44.83,"lon":20.01,"fecha":"2024-07-23","temp_mean":25.5,"temp_max":30.2,"temp_min":20.6,"humidity_mean":73.0,"wind_speed_max":12.1,"wind_gusts_max":27.4,"precipitation":0.4,"soil_temp":28.87,"elevacion_centro":77.7,"cloud_cover":38.0,"NDVI":0.67}},{"type":"Feature","geometry":{"type":"Point","coordinates":[-8.65,37.58]},"properties":{"lat":37.58,"lon":-8.65,"fecha":"2024-07-24","temp_mean":24.9,"temp_max":35.8,"temp_min":18.6,"humidity_mean":64.0,"wind_speed_max":19.1,"wind_gusts_max":38.5,"precipitation":0.0,"soil_temp":29.75,"elevacion_centro":64.54,"cloud_cover":8.0,"NDVI":0.54}},{"type":"Feature","geometry":{"type":"Point","coordinates":[-3.35,37.6]},"properties":{"lat":37.6,"lon":-3.35,"fecha":"2024-07-24","temp_mean":28.9,"temp_max":37.1,"temp_min":19.6,"humidity_mean":26.0,"wind_speed_max":18.0,"wind_gusts_max":35.3,"precipitation":0.0,"soil_temp":30.71,"elevacion_centro":1048.97,"cloud_cover":3.0,"NDVI":0.14}},{"type":"Feature","geometry":{"type":"Point","coordinates":[-5.66,35.44]},"properties":{"lat":35.44,"lon":-5.66,"fecha":"2024-07-24","temp_mean":24.5,"temp_max":33.8,"temp_min":16.0,"humidity_mean":65.0,"wind_speed_max":13.0,"wind_gusts_max":34.2,"precipitation":0.0,"soil_temp":28.7,"elevacion_centro":687.41,"cloud_cover":7.0,"NDVI":0.51}},{"type":"Feature","geometry":{"type":"Point","coordinates":[-8.52,39.79]},"properties":{"lat":39.79,"lon":-8.52,"fecha":"2024-07-24","temp_mean":25.1,"temp_max":34.2,"temp_min":18.5,"humidity_mean":65.0,"wind_speed_max":20.4,"wind_gusts_max":40.0,"precipitation":0.0,"soil_temp":24.68,"elevacion_centro":253.63,"cloud_cover":1.0,"NDVI":0.11}},{"type":"Feature","geometry":{"type":"Point","coordinates":[15.38,41.37]},"properties":{"lat":41.37,"lon":15.38,"fecha":"2024-07-26","temp_mean":27.3,"temp_max":33.4,"temp_min":22.4,"humidity_mean":40.0,"wind_speed_max":20.6,"wind_gusts_max":43.2,"precipitation":0.0,"soil_temp":30.75,"elevacion_centro":307.78,"cloud_cover":0.0,"NDVI":0.13}},{"type":"Feature","geometry":{"type":"Point","coordinates":[-5.48,36.07]},"properties":{"lat":36.07,"lon":-5.48,"fecha":"2024-07-27","temp_mean":21.7,"temp_max":24.8,"temp_min":18.6,"humidity_mean":87.0,"wind_speed_max":12.1,"wind_gusts_max":33.1,"precipitation":0.0,"soil_temp":25.72,"elevacion_centro":214.11,"cloud_cover":47.0,"NDVI":0.28}},{"type":"Feature","geometry":{"type":"Point","coordinates":[9.59,59.09]},"properties":{"lat":59.09,"lon":9.59,"fecha":"2024-07-27","temp_mean":17.6,"temp_max":22.4,"temp_min":12.9,"humidity_mean":72.0,"wind_speed_max":11.5,"wind_gusts_max":23.4,"precipitation":0.8,"soil_temp":16.2,"elevacion_centro":22.58,"cloud_cover":76.0,"NDVI":0.62}},{"type":"Feature","geometry":{"type":"Point","coordinates":[25.17,43.95]},"properties":{"lat":43.95,"lon":25.17,"fecha":"2024-07-27","temp_mean":24.2,"temp_max":29.6,"temp_min":19.2,"humidity_mean":61.0,"wind_speed_max":11.6,"wind_gusts_max":22.0,"precipitation":0.0,"soil_temp":28.46,"elevacion_centro":91.14,"cloud_cover":4.0,"NDVI":0.17}},{"type":"Feature","geometry":{"type":"Point","coordinates":[25.25,43.9]},"properties":{"lat":43.9,"lon":25.25,"fecha":"2024-07-27","temp_mean":24.3,"temp_max":29.5,"temp_min":19.5,"humidity_mean":62.0,"wind_speed_max":11.9,"wind_gusts_max":23.0,"precipitation":0.0,"soil_temp":28.46,"elevacion_centro":86.0,"cloud_cover":2.0,"NDVI":0.17}},{"type":"Feature","geometry":{"type":"Point","coordinates":[20.22,39.74]},"properties":{"lat":39.74,"lon":20.22,"fecha":"2024-07-27","temp_mean":28.0,"temp_max":33.3,"temp_min":22.2,"humidity_mean":50.0,"wind_speed_max":14.1,"wind_gusts_max":39.2,"precipitation":0.0,"soil_temp":31.64,"elevacion_centro":169.52,"cloud_cover":1.0,"NDVI":0.27}},{"type":"Feature","geometry":{"type":"Point","coordinates":[15.04,41.71]},"properties":{"lat":41.71,"lon":15.04,"fecha":"2024-07-28","temp_mean":29.6,"temp_max":36.0,"temp_min":23.6,"humidity_mean":39.0,"wind_speed_max":15.3,"wind_gusts_max":38.2,"precipitation":0.0,"soil_temp":30.49,"elevacion_centro":254.92,"cloud_cover":12.0,"NDVI":0.12}},{"type":"Feature","geometry":{"type":"Point","coordinates":[14.33,37.98]},"properties":{"lat":37.98,"lon":14.33,"fecha":"2024-07-28","temp_mean":25.6,"temp_max":30.0,"temp_min":20.5,"humidity_mean":53.0,"wind_speed_max":13.0,"wind_gusts_max":36.4,"precipitation":0.0,"soil_temp":31.19,"elevacion_centro":599.44,"cloud_cover":4.0,"NDVI":0.31}},{"type":"Feature","geometry":{"type":"Point","coordinates":[9.01,36.92]},"properties":{"lat":36.92,"lon":9.01,"fecha":"2024-07-28","temp_mean":31.5,"temp_max":39.2,"temp_min":24.6,"humidity_mean":39.0,"wind_speed_max":18.5,"wind_gusts_max":41.8,"precipitation":0.0,"soil_temp":31.8,"elevacion_centro":170.1,"cloud_cover":0.0,"NDVI":0.51}},{"type":"Feature","geometry":{"type":"Point","coordinates":[27.78,38.25]},"properties":{"lat":38.25,"lon":27.78,"fecha":"2024-07-28","temp_mean":28.8,"temp_max":36.9,"temp_min":20.9,"humidity_mean":42.0,"wind_speed_max":20.3,"wind_gusts_max":46.1,"precipitation":0.0,"soil_temp":31.61,"elevacion_centro":428.52,"cloud_cover":0.0,"NDVI":0.74}},{"type":"Feature","geometry":{"type":"Point","coordinates":[31.93,39.07]},"properties":{"lat":39.07,"lon":31.93,"fecha":"2024-07-29","temp_mean":24.3,"temp_max":31.3,"temp_min":16.5,"humidity_mean":33.0,"wind_speed_max":11.8,"wind_gusts_max":30.2,"precipitation":0.0,"soil_temp":25.58,"elevacion_centro":897.58,"cloud_cover":0.0,"NDVI":0.2}},{"type":"Feature","geometry":{"type":"Point","coordinates":[20.1,40.08]},"properties":{"lat":40.08,"lon":20.1,"fecha":"2024-07-29","temp_mean":24.5,"temp_max":32.2,"temp_min":15.9,"humidity_mean":50.0,"wind_speed_max":8.8,"wind_gusts_max":42.8,"precipitation":0.0,"soil_temp":31.49,"elevacion_centro":912.32,"cloud_cover":1.0,"NDVI":0.43}},{"type":"Feature","geometry":{"type":"Point","coordinates":[23.07,44.44]},"properties":{"lat":44.44,"lon":23.07,"fecha":"2024-07-29","temp_mean":25.9,"temp_max":31.9,"temp_min":18.1,"humidity_mean":39.0,"wind_speed_max":29.2,"wind_gusts_max":59.4,"precipitation":0.0,"soil_temp":28.93,"elevacion_centro":247.93,"cloud_cover":1.0,"NDVI":0.29}},{"type":"Feature","geometry":{"type":"Point","coordinates":[-2.02,39.65]},"properties":{"lat":39.65,"lon":-2.02,"fecha":"2024-07-30","temp_mean":29.3,"temp_max":36.9,"temp_min":22.5,"humidity_mean":24.0,"wind_speed_max":25.4,"wind_gusts_max":54.0,"precipitation":0.1,"soil_temp":29.15,"elevacion_centro":961.34,"cloud_cover":23.0,"NDVI":0.53}},{"type":"Feature","geometry":{"type":"Point","coordinates":[23.58,41.36]},"properties":{"lat":41.36,"lon":23.58,"fecha":"2024-07-30","temp_mean":20.1,"temp_max":24.2,"temp_min":15.0,"humidity_mean":50.0,"wind_speed_max":11.9,"wind_gusts_max":41.0,"precipitation":0.0,"soil_temp":25.77,"elevacion_centro":1196.14,"cloud_cover":6.0,"NDVI":0.26}},{"type":"Feature","geometry":{"type":"Point","coordinates":[21.79,42.64]},"properties":{"lat":42.64,"lon":21.79,"fecha":"2024-07-30","temp_mean":17.3,"temp_max":22.0,"temp_min":13.1,"humidity_mean":44.0,"wind_speed_max":17.7,"wind_gusts_max":49.3,"precipitation":0.0,"soil_temp":22.06,"elevacion_centro":1100.9,"cloud_cover":0.0,"NDVI":0.74}},{"type":"Feature","geometry":{"type":"Point","coordinates":[19.47,42.37]},"properties":{"lat":42.37,"lon":19.47,"fecha":"2024-07-30","temp_mean":23.7,"temp_max":30.0,"temp_min":18.7,"humidity_mean":37.0,"wind_speed_max":15.9,"wind_gusts_max":51.8,"precipitation":0.0,"soil_temp":24.02,"elevacion_centro":614.12,"cloud_cover":0.0,"NDVI":0.73}},{"type":"Feature","geometry":{"type":"Point","coordinates":[21.11,42.4]},"properties":{"lat":42.4,"lon":21.11,"fecha":"2024-07-30","temp_mean":21.8,"temp_max":27.5,"temp_min":16.0,"humidity_mean":41.0,"wind_speed_max":15.2,"wind_gusts_max":36.0,"precipitation":0.0,"soil_temp":23.59,"elevacion_centro":579.42,"cloud_cover":0.0,"NDVI":0.26}},{"type":"Feature","geometry":{"type":"Point","coordinates":[22.02,41.99]},"properties":{"lat":41.99,"lon":22.02,"fecha":"2024-07-30","temp_mean":22.7,"temp_max":28.3,"temp_min":17.7,"humidity_mean":33.0,"wind_speed_max":25.6,"wind_gusts_max":56.5,"precipitation":0.0,"soil_temp":26.25,"elevacion_centro":685.94,"cloud_cover":0.0,"NDVI":0.55}},{"type":"Feature","geometry":{"type":"Point","coordinates":[22.17,41.85]},"properties":{"lat":41.85,"lon":22.17,"fecha":"2024-07-30","temp_mean":24.8,"temp_max":31.3,"temp_min":18.2,"humidity_mean":31.0,"wind_speed_max":21.7,"wind_gusts_max":47.2,"precipitation":0.0,"soil_temp":26.25,"elevacion_centro":432.05,"cloud_cover":0.0,"NDVI":0.2}},{"type":"Feature","geometry":{"type":"Point","coordinates":[23.16,41.62]},"properties":{"lat":41.62,"lon":23.16,"fecha":"2024-07-30","temp_mean":23.3,"temp_max":28.7,"temp_min":18.8,"humidity_mean":37.0,"wind_speed_max":25.5,"wind_gusts_max":66.2,"precipitation":0.0,"soil_temp":28.07,"elevacion_centro":472.53,"cloud_cover":0.0,"NDVI":0.73}},{"type":"Feature","geometry":{"type":"Point","coordinates":[26.81,38.65]},"properties":{"lat":38.65,"lon":26.81,"fecha":"2024-07-30","temp_mean":29.4,"temp_max":34.1,"temp_min":24.9,"humidity_mean":39.0,"wind_speed_max":32.1,"wind_gusts_max":65.9,"precipitation":0.0,"soil_temp":32.75,"elevacion_centro":102.44,"cloud_cover":1.0,"NDVI":0.24}},{"type":"Feature","geometry":{"type":"Point","coordinates":[1.14,41.53]},"properties":{"lat":41.53,"lon":1.14,"fecha":"2024-07-31","temp_mean":29.3,"temp_max":36.2,"temp_min":22.4,"humidity_mean":27.0,"wind_speed_max":24.0,"wind_gusts_max":46.1,"precipitation":0.0,"soil_temp":29.77,"elevacion_centro":597.25,"cloud_cover":0.0,"NDVI":0.17}},{"type":"Feature","geometry":{"type":"Point","coordinates":[23.73,38.52]},"properties":{"lat":38.52,"lon":23.73,"fecha":"2024-07-31","temp_mean":27.0,"temp_max":31.9,"temp_min":21.6,"humidity_mean":48.0,"wind_speed_max":21.8,"wind_gusts_max":47.9,"precipitation":0.0,"soil_temp":28.1,"elevacion_centro":106.39,"cloud_cover":1.0,"NDVI":0.9}},{"type":"Feature","geometry":{"type":"Point","coordinates":[15.93,43.89]},"properties":{"lat":43.89,"lon":15.93,"fecha":"2024-07-31","temp_mean":26.3,"temp_max":34.8,"temp_min":18.2,"humidity_mean":39.0,"wind_speed_max":20.2,"wind_gusts_max":45.4,"precipitation":0.0,"soil_temp":28.3,"elevacion_centro":161.55,"cloud_cover":0.0,"NDVI":0.65}},{"type":"Feature","geometry":{"type":"Point","coordinates":[17.08,43.28]},"properties":{"lat":43.28,"lon":17.08,"fecha":"2024-07-31","temp_mean":23.0,"temp_max":27.8,"temp_min":16.4,"humidity_mean":42.0,"wind_speed_max":8.1,"wind_gusts_max":33.1,"precipitation":0.0,"soil_temp":27.4,"elevacion_centro":660.67,"cloud_cover":0.0,"NDVI":0.39}},{"type":"Feature","geometry":{"type":"Point","coordinates":[22.32,42.05]},"properties":{"lat":42.05,"lon":22.32,"fecha":"2024-07-31","temp_mean":18.3,"temp_max":24.5,"temp_min":12.0,"humidity_mean":40.0,"wind_speed_max":12.0,"wind_gusts_max":33.5,"precipitation":0.0,"soil_temp":23.96,"elevacion_centro":1406.48,"cloud_cover":0.0,"NDVI":0.78}},{"type":"Feature","geometry":{"type":"Point","coordinates":[19.57,45.52]},"properties":{"lat":45.52,"lon":19.57,"fecha":"2024-07-31","temp_mean":24.0,"temp_max":30.8,"temp_min":16.4,"humidity_mean":47.0,"wind_speed_max":9.7,"wind_gusts_max":19.4,"precipitation":0.0,"soil_temp":26.98,"elevacion_centro":82.45,"cloud_cover":0.0,"NDVI":0.28}},{"type":"Feature","geometry":{"type":"Point","coordinates":[17.75,43.27]},"properties":{"lat":43.27,"lon":17.75,"fecha":"2024-07-31","temp_mean":25.2,"temp_max":34.2,"temp_min":16.4,"humidity_mean":40.0,"wind_speed_max":12.1,"wind_gusts_max":28.4,"precipitation":0.0,"soil_temp":24.6,"elevacion_centro":359.25,"cloud_cover":0.0,"NDVI":0.7}},{"type":"Feature","geometry":{"type":"Point","coordinates":[-3.42,40.37]},"properties":{"lat":40.37,"lon":-3.42,"fecha":"2024-07-31","temp_mean":30.2,"temp_max":37.0,"temp_min":22.2,"humidity_mean":25.0,"wind_speed_max":16.5,"wind_gusts_max":38.9,"precipitation":0.0,"soil_temp":29.92,"elevacion_centro":666.21,"cloud_cover":0.0,"NDVI":0.19}},{"type":"Feature","geometry":{"type":"Point","coordinates":[15.6,40.98]},"properties":{"lat":40.98,"lon":15.6,"fecha":"2024-08-01","temp_mean":28.6,"temp_max":36.0,"temp_min":19.1,"humidity_mean":31.0,"wind_speed_max":13.0,"wind_gusts_max":32.0,"precipitation":0.0,"soil_temp":28.8,"elevacion_centro":560.62,"cloud_cover":1.0,"NDVI":0.56}},{"type":"Feature","geometry":{"type":"Point","coordinates":[15.71,40.88]},"properties":{"lat":40.88,"lon":15.71,"fecha":"2024-08-01","temp_mean":27.7,"temp_max":34.5,"temp_min":18.6,"humidity_mean":29.0,"wind_speed_max":15.0,"wind_gusts_max":33.1,"precipitation":0.0,"soil_temp":28.8,"elevacion_centro":596.24,"cloud_cover":1.0,"NDVI":0.31}},{"type":"Feature","geometry":{"type":"Point","coordinates":[19.89,40.33]},"properties":{"lat":40.33,"lon":19.89,"fecha":"2024-08-01","temp_mean":22.7,"temp_max":28.1,"temp_min":17.0,"humidity_mean":47.0,"wind_speed_max":10.9,"wind_gusts_max":42.1,"precipitation":0.0,"soil_temp":28.46,"elevacion_centro":1094.47,"cloud_cover":6.0,"NDVI":0.38}},{"type":"Feature","geometry":{"type":"Point","coordinates":[19.42,42.4]},"properties":{"lat":42.4,"lon":19.42,"fecha":"2024-08-01","temp_mean":24.2,"temp_max":30.2,"temp_min":17.2,"humidity_mean":42.0,"wind_speed_max":10.1,"wind_gusts_max":28.4,"precipitation":0.0,"soil_temp":23.52,"elevacion_centro":512.4,"cloud_cover":0.0,"NDVI":0.77}},{"type":"Feature","geometry":{"type":"Point","coordinates":[21.67,42.45]},"properties":{"lat":42.45,"lon":21.67,"fecha":"2024-08-01","temp_mean":23.6,"temp_max":33.8,"temp_min":11.2,"humidity_mean":33.0,"wind_speed_max":9.9,"wind_gusts_max":19.8,"precipitation":0.0,"soil_temp":23.05,"elevacion_centro":587.61,"cloud_cover":0.0,"NDVI":0.88}},{"type":"Feature","geometry":{"type":"Point","coordinates":[20.87,41.19]},"properties":{"lat":41.19,"lon":20.87,"fecha":"2024-08-02","temp_mean":24.6,"temp_max":30.7,"temp_min":17.3,"humidity_mean":48.0,"wind_speed_max":13.6,"wind_gusts_max":35.6,"precipitation":0.0,"soil_temp":26.47,"elevacion_centro":850.54,"cloud_cover":3.0,"NDVI":0.83}},{"type":"Feature","geometry":{"type":"Point","coordinates":[14.06,42.32]},"properties":{"lat":42.32,"lon":14.06,"fecha":"2024-08-02","temp_mean":29.2,"temp_max":34.8,"temp_min":23.8,"humidity_mean":50.0,"wind_speed_max":13.8,"wind_gusts_max":32.0,"precipitation":0.0,"soil_temp":29.09,"elevacion_centro":66.88,"cloud_cover":20.0,"NDVI":0.31}},{"type":"Feature","geometry":{"type":"Point","coordinates":[13.3,41.72]},"properties":{"lat":41.72,"lon":13.3,"fecha":"2024-08-02","temp_mean":28.2,"temp_max":35.2,"temp_min":22.3,"humidity_mean":39.0,"wind_speed_max":13.9,"wind_gusts_max":36.4,"precipitation":0.0,"soil_temp":30.53,"elevacion_centro":555.05,"cloud_cover":17.0,"NDVI":0.42}},{"type":"Feature","geometry":{"type":"Point","coordinates":[25.79,41.12]},"properties":{"lat":41.12,"lon":25.79,"fecha":"2024-08-03","temp_mean":26.6,"temp_max":32.0,"temp_min":21.0,"humidity_mean":52.0,"wind_speed_max":14.8,"wind_gusts_max":34.6,"precipitation":0.0,"soil_temp":30.44,"elevacion_centro":527.76,"cloud_cover":7.0,"NDVI":0.29}},{"type":"Feature","geometry":{"type":"Point","coordinates":[16.52,38.51]},"properties":{"lat":38.51,"lon":16.52,"fecha":"2024-08-03","temp_mean":31.8,"temp_max":36.5,"temp_min":26.2,"humidity_mean":29.0,"wind_speed_max":13.0,"wind_gusts_max":29.5,"precipitation":0.3,"soil_temp":36.71,"elevacion_centro":228.13,"cloud_cover":33.0,"NDVI":0.17}},{"type":"Feature","geometry":{"type":"Point","coordinates":[16.75,39.23]},"properties":{"lat":39.23,"lon":16.75,"fecha":"2024-08-03","temp_mean":26.4,"temp_max":33.0,"temp_min":20.0,"humidity_mean":35.0,"wind_speed_max":11.2,"wind_gusts_max":31.7,"precipitation":2.0,"soil_temp":33.26,"elevacion_centro":828.34,"cloud_cover":16.0,"NDVI":0.76}},{"type":"Feature","geometry":{"type":"Point","coordinates":[22.3,39.03]},"properties":{"lat":39.03,"lon":22.3,"fecha":"2024-08-04","temp_mean":27.8,"temp_max":33.3,"temp_min":22.7,"humidity_mean":44.0,"wind_speed_max":8.0,"wind_gusts_max":27.4,"precipitation":3.3,"soil_temp":31.19,"elevacion_centro":589.35,"cloud_cover":27.0,"NDVI":0.69}},{"type":"Feature","geometry":{"type":"Point","coordinates":[22.02,43.52]},"properties":{"lat":43.52,"lon":22.02,"fecha":"2024-08-04","temp_mean":18.6,"temp_max":23.0,"temp_min":14.9,"humidity_mean":59.0,"wind_speed_max":17.7,"wind_gusts_max":45.7,"precipitation":0.0,"soil_temp":24.35,"elevacion_centro":714.21,"cloud_cover":25.0,"NDVI":0.85}},{"type":"Feature","geometry":{"type":"Point","coordinates":[22.95,43.8]},"properties":{"lat":43.8,"lon":22.95,"fecha":"2024-08-04","temp_mean":25.0,"temp_max":29.1,"temp_min":21.3,"humidity_mean":40.0,"wind_speed_max":25.5,"wind_gusts_max":52.6,"precipitation":0.0,"soil_temp":28.09,"elevacion_centro":93.9,"cloud_cover":28.0,"NDVI":0.61}},{"type":"Feature","geometry":{"type":"Point","coordinates":[22.61,41.21]},"properties":{"lat":41.21,"lon":22.61,"fecha":"2024-08-05","temp_mean":28.6,"temp_max":34.2,"temp_min":23.6,"humidity_mean":30.0,"wind_speed_max":16.1,"wind_gusts_max":35.6,"precipitation":0.0,"soil_temp":30.58,"elevacion_centro":144.2,"cloud_cover":23.0,"NDVI":0.54}},{"type":"Feature","geometry":{"type":"Point","coordinates":[6.12,36.6]},"properties":{"lat":36.6,"lon":6.12,"fecha":"2024-08-05","temp_mean":26.7,"temp_max":33.3,"temp_min":19.3,"humidity_mean":46.0,"wind_speed_max":13.0,"wind_gusts_max":37.1,"precipitation":0.0,"soil_temp":28.72,"elevacion_centro":524.14,"cloud_cover":0.0,"NDVI":0.33}},{"type":"Feature","geometry":{"type":"Point","coordinates":[3.33,36.59]},"properties":{"lat":36.59,"lon":3.33,"fecha":"2024-08-06","temp_mean":31.6,"temp_max":38.9,"temp_min":22.1,"humidity_mean":25.0,"wind_speed_max":14.7,"wind_gusts_max":34.6,"precipitation":0.0,"soil_temp":32.9,"elevacion_centro":234.97,"cloud_cover":0.0,"NDVI":0.45}},{"type":"Feature","geometry":{"type":"Point","coordinates":[8.82,39.58]},"properties":{"lat":39.58,"lon":8.82,"fecha":"2024-08-06","temp_mean":26.6,"temp_max":33.5,"temp_min":21.5,"humidity_mean":65.0,"wind_speed_max":20.2,"wind_gusts_max":44.3,"precipitation":0.0,"soil_temp":30.29,"elevacion_centro":97.34,"cloud_cover":0.0,"NDVI":0.18}},{"type":"Feature","geometry":{"type":"Point","coordinates":[21.72,41.92]},"properties":{"lat":41.92,"lon":21.72,"fecha":"2024-08-06","temp_mean":25.2,"temp_max":33.0,"temp_min":17.3,"humidity_mean":40.0,"wind_speed_max":21.2,"wind_gusts_max":42.5,"precipitation":0.0,"soil_temp":25.92,"elevacion_centro":352.08,"cloud_cover":9.0,"NDVI":0.81}},{"type":"Feature","geometry":{"type":"Point","coordinates":[19.99,42.29]},"properties":{"lat":42.29,"lon":19.99,"fecha":"2024-08-06","temp_mean":17.4,"temp_max":22.7,"temp_min":10.2,"humidity_mean":55.0,"wind_speed_max":5.8,"wind_gusts_max":25.6,"precipitation":0.0,"soil_temp":22.02,"elevacion_centro":1405.11,"cloud_cover":22.0,"NDVI":0.65}},{"type":"Feature","geometry":{"type":"Point","coordinates":[2.93,43.34]},"properties":{"lat":43.34,"lon":2.93,"fecha":"2024-08-07","temp_mean":28.5,"temp_max":34.8,"temp_min":23.7,"humidity_mean":52.0,"wind_speed_max":18.1,"wind_gusts_max":37.4,"precipitation":0.1,"soil_temp":27.43,"elevacion_centro":121.41,"cloud_cover":62.0,"NDVI":0.58}},{"type":"Feature","geometry":{"type":"Point","coordinates":[24.51,44.21]},"properties":{"lat":44.21,"lon":24.51,"fecha":"2024-08-08","temp_mean":27.1,"temp_max":34.5,"temp_min":19.6,"humidity_mean":42.0,"wind_speed_max":17.1,"wind_gusts_max":34.2,"precipitation":0.0,"soil_temp":29.48,"elevacion_centro":98.65,"cloud_cover":13.0,"NDVI":0.16}},{"type":"Feature","geometry":{"type":"Point","coordinates":[24.73,35.15]},"properties":{"lat":35.15,"lon":24.73,"fecha":"2024-08-08","temp_mean":28.8,"temp_max":32.9,"temp_min":25.4,"humidity_mean":34.0,"wind_speed_max":21.4,"wind_gusts_max":55.4,"precipitation":0.0,"soil_temp":34.56,"elevacion_centro":234.93,"cloud_cover":0.0,"NDVI":0.29}},{"type":"Feature","geometry":{"type":"Point","coordinates":[21.02,41.49]},"properties":{"lat":41.49,"lon":21.02,"fecha":"2024-08-08","temp_mean":22.1,"temp_max":30.2,"temp_min":15.3,"humidity_mean":57.0,"wind_speed_max":13.6,"wind_gusts_max":34.9,"precipitation":0.0,"soil_temp":26.32,"elevacion_centro":977.33,"cloud_cover":10.0,"NDVI":0.86}},{"type":"Feature","geometry":{"type":"Point","coordinates":[26.76,65.97]},"properties":{"lat":65.97,"lon":26.76,"fecha":"2024-08-08","temp_mean":16.5,"temp_max":21.4,"temp_min":10.2,"humidity_mean":70.0,"wind_speed_max":11.5,"wind_gusts_max":25.6,"precipitation":0.0,"soil_temp":15.35,"elevacion_centro":175.58,"cloud_cover":2.0,"NDVI":0.39}},{"type":"Feature","geometry":{"type":"Point","coordinates":[15.87,39.79]},"properties":{"lat":39.79,"lon":15.87,"fecha":"2024-08-09","temp_mean":26.8,"temp_max":30.0,"temp_min":23.6,"humidity_mean":70.0,"wind_speed_max":10.2,"wind_gusts_max":32.8,"precipitation":0.0,"soil_temp":26.31,"elevacion_centro":181.01,"cloud_cover":19.0,"NDVI":0.47}},{"type":"Feature","geometry":{"type":"Point","coordinates":[26.92,38.79]},"properties":{"lat":38.79,"lon":26.92,"fecha":"2024-08-09","temp_mean":27.0,"temp_max":30.9,"temp_min":22.8,"humidity_mean":56.0,"wind_speed_max":25.3,"wind_gusts_max":56.5,"precipitation":0.0,"soil_temp":29.27,"elevacion_centro":36.38,"cloud_cover":0.0,"NDVI":0.05}},{"type":"Feature","geometry":{"type":"Point","coordinates":[4.14,36.63]},"properties":{"lat":36.63,"lon":4.14,"fecha":"2024-08-09","temp_mean":31.4,"temp_max":39.7,"temp_min":25.3,"humidity_mean":56.0,"wind_speed_max":14.3,"wind_gusts_max":34.2,"precipitation":0.0,"soil_temp":32.99,"elevacion_centro":157.51,"cloud_cover":3.0,"NDVI":0.57}},{"type":"Feature","geometry":{"type":"Point","coordinates":[4.56,36.72]},"properties":{"lat":36.72,"lon":4.56,"fecha":"2024-08-10","temp_mean":30.1,"temp_max":35.6,"temp_min":24.9,"humidity_mean":25.0,"wind_speed_max":14.3,"wind_gusts_max":38.5,"precipitation":0.2,"soil_temp":33.33,"elevacion_centro":860.76,"cloud_cover":49.0,"NDVI":0.34}},{"type":"Feature","geometry":{"type":"Point","coordinates":[-5.76,38.63]},"properties":{"lat":38.63,"lon":-5.76,"fecha":"2024-08-10","temp_mean":32.0,"temp_max":39.7,"temp_min":23.9,"humidity_mean":27.0,"wind_speed_max":17.0,"wind_gusts_max":37.1,"precipitation":0.0,"soil_temp":33.67,"elevacion_centro":432.83,"cloud_cover":0.0,"NDVI":0.28}},{"type":"Feature","geometry":{"type":"Point","coordinates":[14.12,41.23]},"properties":{"lat":41.23,"lon":14.12,"fecha":"2024-08-10","temp_mean":27.9,"temp_max":36.2,"temp_min":20.9,"humidity_mean":57.0,"wind_speed_max":19.3,"wind_gusts_max":44.6,"precipitation":0.0,"soil_temp":31.78,"elevacion_centro":352.21,"cloud_cover":2.0,"NDVI":0.54}},{"type":"Feature","geometry":{"type":"Point","coordinates":[20.29,41.48]},"properties":{"lat":41.48,"lon":20.29,"fecha":"2024-08-11","temp_mean":20.2,"temp_max":26.7,"temp_min":12.9,"humidity_mean":48.0,"wind_speed_max":7.9,"wind_gusts_max":27.0,"precipitation":0.0,"soil_temp":29.03,"elevacion_centro":1506.79,"cloud_cover":1.0,"NDVI":0.72}},{"type":"Feature","geometry":{"type":"Point","coordinates":[-6.43,38.43]},"properties":{"lat":38.43,"lon":-6.43,"fecha":"2024-08-11","temp_mean":29.3,"temp_max":36.4,"temp_min":21.8,"humidity_mean":41.0,"wind_speed_max":18.1,"wind_gusts_max":38.9,"precipitation":0.0,"soil_temp":33.09,"elevacion_centro":483.17,"cloud_cover":1.0,"NDVI":0.36}},{"type":"Feature","geometry":{"type":"Point","coordinates":[18.33,42.93]},"properties":{"lat":42.93,"lon":18.33,"fecha":"2024-08-11","temp_mean":23.8,"temp_max":31.6,"temp_min":15.6,"humidity_mean":52.0,"wind_speed_max":11.8,"wind_gusts_max":33.5,"precipitation":0.0,"soil_temp":26.89,"elevacion_centro":927.71,"cloud_cover":6.0,"NDVI":0.8}},{"type":"Feature","geometry":{"type":"Point","coordinates":[-6.39,41.62]},"properties":{"lat":41.62,"lon":-6.39,"fecha":"2024-08-11","temp_mean":28.5,"temp_max":35.5,"temp_min":22.4,"humidity_mean":30.0,"wind_speed_max":18.9,"wind_gusts_max":38.5,"precipitation":0.0,"soil_temp":29.99,"elevacion_centro":708.12,"cloud_cover":6.0,"NDVI":0.61}},{"type":"Feature","geometry":{"type":"Point","coordinates":[4.6,36.66]},"properties":{"lat":36.66,"lon":4.6,"fecha":"2024-08-11","temp_mean":30.0,"temp_max":36.8,"temp_min":24.4,"humidity_mean":25.0,"wind_speed_max":10.1,"wind_gusts_max":32.4,"precipitation":0.0,"soil_temp":33.79,"elevacion_centro":1082.36,"cloud_cover":13.0,"NDVI":0.34}},{"type":"Feature","geometry":{"type":"Point","coordinates":[23.66,41.19]},"properties":{"lat":41.19,"lon":23.66,"fecha":"2024-08-11","temp_mean":22.6,"temp_max":26.9,"temp_min":19.0,"humidity_mean":46.0,"wind_speed_max":9.0,"wind_gusts_max":29.9,"precipitation":0.0,"soil_temp":30.88,"elevacion_centro":1215.89,"cloud_cover":1.0,"NDVI":0.73}},{"type":"Feature","geometry":{"type":"Point","coordinates":[-0.97,40.39]},"properties":{"lat":40.39,"lon":-0.97,"fecha":"2024-08-11","temp_mean":23.1,"temp_max":29.7,"temp_min":16.6,"humidity_mean":38.0,"wind_speed_max":22.8,"wind_gusts_max":48.2,"precipitation":0.0,"soil_temp":26.81,"elevacion_centro":1350.22,"cloud_cover":7.0,"NDVI":0.39}},{"type":"Feature","geometry":{"type":"Point","coordinates":[20.09,39.93]},"properties":{"lat":39.93,"lon":20.09,"fecha":"2024-08-11","temp_mean":27.0,"temp_max":34.3,"temp_min":21.4,"humidity_mean":48.0,"wind_speed_max":15.4,"wind_gusts_max":41.4,"precipitation":0.0,"soil_temp":30.93,"elevacion_centro":235.99,"cloud_cover":0.0,"NDVI":0.42}},{"type":"Feature","geometry":{"type":"Point","coordinates":[19.63,40.3]},"properties":{"lat":40.3,"lon":19.63,"fecha":"2024-08-11","temp_mean":26.8,"temp_max":32.6,"temp_min":21.3,"humidity_mean":49.0,"wind_speed_max":9.5,"wind_gusts_max":36.0,"precipitation":0.0,"soil_temp":30.75,"elevacion_centro":520.11,"cloud_cover":0.0,"NDVI":0.31}},{"type":"Feature","geometry":{"type":"Point","coordinates":[23.94,38.2]},"properties":{"lat":38.2,"lon":23.94,"fecha":"2024-08-11","temp_mean":26.9,"temp_max":30.8,"temp_min":23.1,"humidity_mean":46.0,"wind_speed_max":27.2,"wind_gusts_max":66.6,"precipitation":0.0,"soil_temp":30.31,"elevacion_centro":378.6,"cloud_cover":0.0,"NDVI":0.48}},{"type":"Feature","geometry":{"type":"Point","coordinates":[8.13,36.58]},"properties":{"lat":36.58,"lon":8.13,"fecha":"2024-08-12","temp_mean":30.4,"temp_max":40.3,"temp_min":23.6,"humidity_mean":39.0,"wind_speed_max":19.5,"wind_gusts_max":47.9,"precipitation":0.0,"soil_temp":34.08,"elevacion_centro":482.94,"cloud_cover":4.0,"NDVI":0.57}},{"type":"Feature","geometry":{"type":"Point","coordinates":[20.83,40.93]},"properties":{"lat":40.93,"lon":20.83,"fecha":"2024-08-12","temp_mean":18.9,"temp_max":23.6,"temp_min":13.4,"humidity_mean":42.0,"wind_speed_max":6.2,"wind_gusts_max":29.5,"precipitation":0.0,"soil_temp":27.28,"elevacion_centro":2033.81,"cloud_cover":0.0,"NDVI":0.65}},{"type":"Feature","geometry":{"type":"Point","coordinates":[23.88,38.18]},"properties":{"lat":38.18,"lon":23.88,"fecha":"2024-08-12","temp_mean":28.2,"temp_max":32.9,"temp_min":24.6,"humidity_mean":46.0,"wind_speed_max":24.4,"wind_gusts_max":61.2,"precipitation":0.0,"soil_temp":30.08,"elevacion_centro":215.35,"cloud_cover":0.0,"NDVI":0.0}},{"type":"Feature","geometry":{"type":"Point","coordinates":[23.9,38.09]},"properties":{"lat":38.09,"lon":23.9,"fecha":"2024-08-12","temp_mean":26.7,"temp_max":31.7,"temp_min":23.0,"humidity_mean":42.0,"wind_speed_max":25.0,"wind_gusts_max":67.3,"precipitation":0.0,"soil_temp":30.08,"elevacion_centro":484.0,"cloud_cover":0.0,"NDVI":0.4}},{"type":"Feature","geometry":{"type":"Point","coordinates":[24.1,44.58]},"properties":{"lat":44.58,"lon":24.1,"fecha":"2024-08-13","temp_mean":29.8,"temp_max":37.1,"temp_min":21.9,"humidity_mean":40.0,"wind_speed_max":15.1,"wind_gusts_max":27.0,"precipitation":0.0,"soil_temp":32.18,"elevacion_centro":193.36,"cloud_cover":16.0,"NDVI":0.28}},{"type":"Feature","geometry":{"type":"Point","coordinates":[20.96,41.61]},"properties":{"lat":41.61,"lon":20.96,"fecha":"2024-08-13","temp_mean":26.3,"temp_max":34.2,"temp_min":17.1,"humidity_mean":42.0,"wind_speed_max":4.0,"wind_gusts_max":19.4,"precipitation":0.0,"soil_temp":27.8,"elevacion_centro":797.36,"cloud_cover":10.0,"NDVI":0.57}},{"type":"Feature","geometry":{"type":"Point","coordinates":[-3.66,37.0]},"properties":{"lat":37.0,"lon":-3.66,"fecha":"2024-08-14","temp_mean":24.3,"temp_max":31.3,"temp_min":17.6,"humidity_mean":37.0,"wind_speed_max":17.8,"wind_gusts_max":42.1,"precipitation":0.0,"soil_temp":30.52,"elevacion_centro":880.62,"cloud_cover":1.0,"NDVI":0.23}},{"type":"Feature","geometry":{"type":"Point","coordinates":[28.78,44.94]},"properties":{"lat":44.94,"lon":28.78,"fecha":"2024-08-14","temp_mean":25.0,"temp_max":31.0,"temp_min":20.0,"humidity_mean":67.0,"wind_speed_max":20.5,"wind_gusts_max":40.0,"precipitation":0.6,"soil_temp":28.24,"elevacion_centro":17.73,"cloud_cover":25.0,"NDVI":0.48}},{"type":"Feature","geometry":{"type":"Point","coordinates":[31.67,37.88]},"properties":{"lat":37.88,"lon":31.67,"fecha":"2024-08-14","temp_mean":25.7,"temp_max":33.1,"temp_min":17.3,"humidity_mean":32.0,"wind_speed_max":16.6,"wind_gusts_max":38.5,"precipitation":0.0,"soil_temp":25.15,"elevacion_centro":1160.92,"cloud_cover":0.0,"NDVI":0.11}},{"type":"Feature","geometry":{"type":"Point","coordinates":[19.35,42.41]},"properties":{"lat":42.41,"lon":19.35,"fecha":"2024-08-14","temp_mean":31.1,"temp_max":37.0,"temp_min":25.1,"humidity_mean":41.0,"wind_speed_max":10.5,"wind_gusts_max":28.8,"precipitation":0.0,"soil_temp":27.18,"elevacion_centro":207.69,"cloud_cover":2.0,"NDVI":0.27}},{"type":"Feature","geometry":{"type":"Point","coordinates":[26.04,39.8]},"properties":{"lat":39.8,"lon":26.04,"fecha":"2024-08-14","temp_mean":30.3,"temp_max":38.0,"temp_min":23.9,"humidity_mean":46.0,"wind_speed_max":27.4,"wind_gusts_max":51.5,"precipitation":0.0,"soil_temp":30.49,"elevacion_centro":36.06,"cloud_cover":1.0,"NDVI":0.72}},{"type":"Feature","geometry":{"type":"Point","coordinates":[-3.75,36.78]},"properties":{"lat":36.78,"lon":-3.75,"fecha":"2024-08-14","temp_mean":25.5,"temp_max":29.8,"temp_min":22.2,"humidity_mean":42.0,"wind_speed_max":14.6,"wind_gusts_max":37.4,"precipitation":0.1,"soil_temp":30.52,"elevacion_centro":409.34,"cloud_cover":3.0,"NDVI":0.3}},{"type":"Feature","geometry":{"type":"Point","coordinates":[22.97,44.38]},"properties":{"lat":44.38,"lon":22.97,"fecha":"2024-08-14","temp_mean":30.0,"temp_max":36.0,"temp_min":24.6,"humidity_mean":39.0,"wind_speed_max":24.2,"wind_gusts_max":51.8,"precipitation":0.0,"soil_temp":32.47,"elevacion_centro":235.5,"cloud_cover":16.0,"NDVI":0.19}},{"type":"Feature","geometry":{"type":"Point","coordinates":[16.76,39.29]},"properties":{"lat":39.29,"lon":16.76,"fecha":"2024-08-14","temp_mean":27.7,"temp_max":33.9,"temp_min":21.2,"humidity_mean":44.0,"wind_speed_max":15.3,"wind_gusts_max":43.9,"precipitation":0.0,"soil_temp":32.87,"elevacion_centro":595.84,"cloud_cover":11.0,"NDVI":0.73}},{"type":"Feature","geometry":{"type":"Point","coordinates":[22.48,46.58]},"properties":{"lat":46.58,"lon":22.48,"fecha":"2024-08-14","temp_mean":26.6,"temp_max":33.7,"temp_min":19.1,"humidity_mean":52.0,"wind_speed_max":11.3,"wind_gusts_max":32.4,"precipitation":0.0,"soil_temp":27.19,"elevacion_centro":301.24,"cloud_cover":6.0,"NDVI":0.51}},{"type":"Feature","geometry":{"type":"Point","coordinates":[22.01,54.53]},"properties":{"lat":54.53,"lon":22.01,"fecha":"2024-08-15","temp_mean":21.9,"temp_max":27.3,"temp_min":16.0,"humidity_mean":58.0,"wind_speed_max":15.0,"wind_gusts_max":27.7,"precipitation":0.0,"soil_temp":19.43,"elevacion_centro":67.34,"cloud_cover":65.0,"NDVI":0.2}},{"type":"Feature","geometry":{"type":"Point","coordinates":[16.05,38.02]},"properties":{"lat":38.02,"lon":16.05,"fecha":"2024-08-15","temp_mean":29.7,"temp_max":33.8,"temp_min":25.3,"humidity_mean":37.0,"wind_speed_max":8.9,"wind_gusts_max":25.9,"precipitation":0.0,"soil_temp":38.44,"elevacion_centro":244.84,"cloud_cover":1.0,"NDVI":0.53}},{"type":"Feature","geometry":{"type":"Point","coordinates":[30.95,40.37]},"properties":{"lat":40.37,"lon":30.95,"fecha":"2024-08-15","temp_mean":20.4,"temp_max":29.7,"temp_min":12.2,"humidity_mean":51.0,"wind_speed_max":20.9,"wind_gusts_max":47.5,"precipitation":0.0,"soil_temp":22.52,"elevacion_centro":1309.55,"cloud_cover":0.0,"NDVI":0.79}},{"type":"Feature","geometry":{"type":"Point","coordinates":[23.88,43.12]},"properties":{"lat":43.12,"lon":23.88,"fecha":"2024-08-15","temp_mean":28.0,"temp_max":34.6,"temp_min":20.7,"humidity_mean":43.0,"wind_speed_max":12.8,"wind_gusts_max":23.8,"precipitation":0.0,"soil_temp":28.55,"elevacion_centro":481.47,"cloud_cover":11.0,"NDVI":0.77}},{"type":"Feature","geometry":{"type":"Point","coordinates":[15.08,37.73]},"properties":{"lat":37.73,"lon":15.08,"fecha":"2024-08-15","temp_mean":24.9,"temp_max":29.2,"temp_min":20.5,"humidity_mean":40.0,"wind_speed_max":7.2,"wind_gusts_max":26.6,"precipitation":0.0,"soil_temp":33.59,"elevacion_centro":1188.69,"cloud_cover":11.0,"NDVI":0.54}},{"type":"Feature","geometry":{"type":"Point","coordinates":[31.65,37.83]},"properties":{"lat":37.83,"lon":31.65,"fecha":"2024-08-15","temp_mean":25.8,"temp_max":32.8,"temp_min":18.5,"humidity_mean":28.0,"wind_speed_max":14.2,"wind_gusts_max":33.5,"precipitation":0.0,"soil_temp":25.02,"elevacion_centro":1140.85,"cloud_cover":0.0,"NDVI":0.87}},{"type":"Feature","geometry":{"type":"Point","coordinates":[26.32,40.26]},"properties":{"lat":40.26,"lon":26.32,"fecha":"2024-08-15","temp_mean":27.8,"temp_max":34.3,"temp_min":22.7,"humidity_mean":49.0,"wind_speed_max":28.9,"wind_gusts_max":58.3,"precipitation":0.0,"soil_temp":31.4,"elevacion_centro":248.57,"cloud_cover":0.0,"NDVI":0.53}},{"type":"Feature","geometry":{"type":"Point","coordinates":[28.13,38.79]},"properties":{"lat":38.79,"lon":28.13,"fecha":"2024-08-16","temp_mean":26.7,"temp_max":36.1,"temp_min":19.5,"humidity_mean":44.0,"wind_speed_max":22.0,"wind_gusts_max":49.0,"precipitation":0.0,"soil_temp":29.19,"elevacion_centro":462.96,"cloud_cover":0.0,"NDVI":0.74}},{"type":"Feature","geometry":{"type":"Point","coordinates":[28.31,37.54]},"properties":{"lat":37.54,"lon":28.31,"fecha":"2024-08-16","temp_mean":28.1,"temp_max":34.2,"temp_min":21.0,"humidity_mean":19.0,"wind_speed_max":15.0,"wind_gusts_max":40.7,"precipitation":0.0,"soil_temp":32.22,"elevacion_centro":881.09,"cloud_cover":0.0,"NDVI":0.72}},{"type":"Feature","geometry":{"type":"Point","coordinates":[27.37,37.47]},"properties":{"lat":37.47,"lon":27.37,"fecha":"2024-08-16","temp_mean":33.1,"temp_max":40.8,"temp_min":26.9,"humidity_mean":24.0,"wind_speed_max":23.9,"wind_gusts_max":54.0,"precipitation":0.0,"soil_temp":34.75,"elevacion_centro":88.32,"cloud_cover":0.0,"NDVI":0.27}},{"type":"Feature","geometry":{"type":"Point","coordinates":[-6.46,37.26]},"properties":{"lat":37.26,"lon":-6.46,"fecha":"2024-08-16","temp_mean":28.8,"temp_max":38.1,"temp_min":20.1,"humidity_mean":48.0,"wind_speed_max":16.4,"wind_gusts_max":30.6,"precipitation":0.0,"soil_temp":31.95,"elevacion_centro":70.3,"cloud_cover":0.0,"NDVI":0.31}},{"type":"Feature","geometry":{"type":"Point","coordinates":[31.57,68.38]},"properties":{"lat":68.38,"lon":31.57,"fecha":"2024-08-16","temp_mean":19.1,"temp_max":23.5,"temp_min":15.2,"humidity_mean":74.0,"wind_speed_max":20.9,"wind_gusts_max":47.5,"precipitation":5.9,"soil_temp":16.82,"elevacion_centro":107.55,"cloud_cover":97.0,"NDVI":0.73}},{"type":"Feature","geometry":{"type":"Point","coordinates":[27.15,38.51]},"properties":{"lat":38.51,"lon":27.15,"fecha":"2024-08-16","temp_mean":30.5,"temp_max":38.2,"temp_min":24.8,"humidity_mean":30.0,"wind_speed_max":24.6,"wind_gusts_max":52.9,"precipitation":0.0,"soil_temp":32.76,"elevacion_centro":208.48,"cloud_cover":0.0,"NDVI":0.42}},{"type":"Feature","geometry":{"type":"Point","coordinates":[18.26,40.36]},"properties":{"lat":40.36,"lon":18.26,"fecha":"2024-08-16","temp_mean":29.7,"temp_max":33.6,"temp_min":26.0,"humidity_mean":75.0,"wind_speed_max":19.7,"wind_gusts_max":41.4,"precipitation":0.0,"soil_temp":36.48,"elevacion_centro":34.71,"cloud_cover":20.0,"NDVI":0.22}},{"type":"Feature","geometry":{"type":"Point","coordinates":[20.33,41.58]},"properties":{"lat":41.58,"lon":20.33,"fecha":"2024-08-16","temp_mean":21.4,"temp_max":26.7,"temp_min":17.3,"humidity_mean":40.0,"wind_speed_max":11.5,"wind_gusts_max":43.2,"precipitation":0.0,"soil_temp":27.28,"elevacion_centro":1693.39,"cloud_cover":5.0,"NDVI":0.75}},{"type":"Feature","geometry":{"type":"Point","coordinates":[26.53,37.6]},"properties":{"lat":37.6,"lon":26.53,"fecha":"2024-08-17","temp_mean":25.4,"temp_max":27.1,"temp_min":23.8,"humidity_mean":66.0,"wind_speed_max":47.9,"wind_gusts_max":64.1,"precipitation":0.0,"soil_temp":32.8,"elevacion_centro":114.06,"cloud_cover":0.0,"NDVI":0.15}},{"type":"Feature","geometry":{"type":"Point","coordinates":[27.67,38.09]},"properties":{"lat":38.09,"lon":27.67,"fecha":"2024-08-17","temp_mean":29.0,"temp_max":36.8,"temp_min":22.4,"humidity_mean":40.0,"wind_speed_max":20.2,"wind_gusts_max":43.9,"precipitation":0.0,"soil_temp":32.41,"elevacion_centro":170.79,"cloud_cover":0.0,"NDVI":0.61}},{"type":"Feature","geometry":{"type":"Point","coordinates":[17.37,43.57]},"properties":{"lat":43.57,"lon":17.37,"fecha":"2024-08-17","temp_mean":23.9,"temp_max":29.1,"temp_min":19.5,"humidity_mean":48.0,"wind_speed_max":13.7,"wind_gusts_max":31.3,"precipitation":0.0,"soil_temp":28.27,"elevacion_centro":1051.58,"cloud_cover":72.0,"NDVI":0.56}},{"type":"Feature","geometry":{"type":"Point","coordinates":[21.67,43.06]},"properties":{"lat":43.06,"lon":21.67,"fecha":"2024-08-18","temp_mean":27.6,"temp_max":33.4,"temp_min":21.1,"humidity_mean":45.0,"wind_speed_max":11.0,"wind_gusts_max":25.9,"precipitation":0.4,"soil_temp":28.82,"elevacion_centro":308.46,"cloud_cover":46.0,"NDVI":0.52}},{"type":"Feature","geometry":{"type":"Point","coordinates":[-6.34,37.37]},"properties":{"lat":37.37,"lon":-6.34,"fecha":"2024-08-18","temp_mean":32.5,"temp_max":41.5,"temp_min":22.2,"humidity_mean":37.0,"wind_speed_max":14.2,"wind_gusts_max":28.4,"precipitation":0.0,"soil_temp":33.8,"elevacion_centro":81.35,"cloud_cover":8.0,"NDVI":0.14}},{"type":"Feature","geometry":{"type":"Point","coordinates":[28.43,37.14]},"properties":{"lat":37.14,"lon":28.43,"fecha":"2024-08-18","temp_mean":26.8,"temp_max":33.0,"temp_min":20.2,"humidity_mean":29.0,"wind_speed_max":16.6,"wind_gusts_max":41.8,"precipitation":0.0,"soil_temp":34.59,"elevacion_centro":808.4,"cloud_cover":0.0,"NDVI":0.66}},{"type":"Feature","geometry":{"type":"Point","coordinates":[27.09,38.18]},"properties":{"lat":38.18,"lon":27.09,"fecha":"2024-08-21","temp_mean":25.9,"temp_max":31.9,"temp_min":21.8,"humidity_mean":65.0,"wind_speed_max":14.5,"wind_gusts_max":35.3,"precipitation":3.1,"soil_temp":32.25,"elevacion_centro":391.33,"cloud_cover":10.0,"NDVI":0.57}},{"type":"Feature","geometry":{"type":"Point","coordinates":[32.48,40.68]},"properties":{"lat":40.68,"lon":32.48,"fecha":"2024-08-21","temp_mean":22.7,"temp_max":30.2,"temp_min":15.7,"humidity_mean":50.0,"wind_speed_max":16.2,"wind_gusts_max":37.1,"precipitation":0.7,"soil_temp":25.21,"elevacion_centro":1449.24,"cloud_cover":31.0,"NDVI":0.27}},{"type":"Feature","geometry":{"type":"Point","coordinates":[30.27,38.67]},"properties":{"lat":38.67,"lon":30.27,"fecha":"2024-08-21","temp_mean":24.9,"temp_max":32.7,"temp_min":17.8,"humidity_mean":43.0,"wind_speed_max":18.9,"wind_gusts_max":42.5,"precipitation":0.0,"soil_temp":27.04,"elevacion_centro":1398.67,"cloud_cover":14.0,"NDVI":0.7}},{"type":"Feature","geometry":{"type":"Point","coordinates":[-3.11,42.15]},"properties":{"lat":42.15,"lon":-3.11,"fecha":"2024-08-22","temp_mean":21.7,"temp_max":28.9,"temp_min":15.9,"humidity_mean":54.0,"wind_speed_max":14.1,"wind_gusts_max":34.9,"precipitation":0.0,"soil_temp":21.6,"elevacion_centro":1282.03,"cloud_cover":8.0,"NDVI":0.54}},{"type":"Feature","geometry":{"type":"Point","coordinates":[-6.57,38.79]},"properties":{"lat":38.79,"lon":-6.57,"fecha":"2024-08-22","temp_mean":27.3,"temp_max":35.3,"temp_min":20.5,"humidity_mean":41.0,"wind_speed_max":18.0,"wind_gusts_max":37.1,"precipitation":0.0,"soil_temp":30.56,"elevacion_centro":219.61,"cloud_cover":0.0,"NDVI":0.15}},{"type":"Feature","geometry":{"type":"Point","coordinates":[21.22,45.67]},"properties":{"lat":45.67,"lon":21.22,"fecha":"2024-08-22","temp_mean":24.8,"temp_max":30.0,"temp_min":19.9,"humidity_mean":53.0,"wind_speed_max":15.7,"wind_gusts_max":34.9,"precipitation":0.0,"soil_temp":28.12,"elevacion_centro":89.14,"cloud_cover":60.0,"NDVI":0.39}},{"type":"Feature","geometry":{"type":"Point","coordinates":[25.26,45.97]},"properties":{"lat":45.97,"lon":25.26,"fecha":"2024-08-23","temp_mean":20.5,"temp_max":27.1,"temp_min":15.2,"humidity_mean":65.0,"wind_speed_max":8.8,"wind_gusts_max":20.9,"precipitation":0.0,"soil_temp":24.78,"elevacion_centro":444.06,"cloud_cover":45.0,"NDVI":0.72}},{"type":"Feature","geometry":{"type":"Point","coordinates":[22.88,43.55]},"properties":{"lat":43.55,"lon":22.88,"fecha":"2024-08-24","temp_mean":27.3,"temp_max":33.9,"temp_min":20.8,"humidity_mean":40.0,"wind_speed_max":9.4,"wind_gusts_max":23.8,"precipitation":0.0,"soil_temp":29.18,"elevacion_centro":276.91,"cloud_cover":28.0,"NDVI":0.45}},{"type":"Feature","geometry":{"type":"Point","coordinates":[6.41,36.8]},"properties":{"lat":36.8,"lon":6.41,"fecha":"2024-08-24","temp_mean":27.9,"temp_max":37.9,"temp_min":18.5,"humidity_mean":51.0,"wind_speed_max":10.9,"wind_gusts_max":26.6,"precipitation":0.0,"soil_temp":30.09,"elevacion_centro":364.2,"cloud_cover":20.0,"NDVI":0.69}},{"type":"Feature","geometry":{"type":"Point","coordinates":[22.76,43.15]},"properties":{"lat":43.15,"lon":22.76,"fecha":"2024-08-25","temp_mean":19.2,"temp_max":23.0,"temp_min":16.0,"humidity_mean":55.0,"wind_speed_max":14.5,"wind_gusts_max":37.8,"precipitation":0.0,"soil_temp":23.06,"elevacion_centro":1149.5,"cloud_cover":36.0,"NDVI":0.39}},{"type":"Feature","geometry":{"type":"Point","coordinates":[26.64,44.7]},"properties":{"lat":44.7,"lon":26.64,"fecha":"2024-08-25","temp_mean":28.3,"temp_max":34.8,"temp_min":21.1,"humidity_mean":37.0,"wind_speed_max":16.4,"wind_gusts_max":31.7,"precipitation":0.0,"soil_temp":29.71,"elevacion_centro":51.74,"cloud_cover":11.0,"NDVI":0.14}},{"type":"Feature","geometry":{"type":"Point","coordinates":[17.45,40.59]},"properties":{"lat":40.59,"lon":17.45,"fecha":"2024-08-25","temp_mean":28.0,"temp_max":32.5,"temp_min":22.9,"humidity_mean":50.0,"wind_speed_max":25.3,"wind_gusts_max":45.7,"precipitation":0.0,"soil_temp":32.43,"elevacion_centro":279.23,"cloud_cover":78.0,"NDVI":0.48}},{"type":"Feature","geometry":{"type":"Point","coordinates":[21.76,43.11]},"properties":{"lat":43.11,"lon":21.76,"fecha":"2024-08-26","temp_mean":25.7,"temp_max":31.8,"temp_min":18.2,"humidity_mean":44.0,"wind_speed_max":11.5,"wind_gusts_max":31.7,"precipitation":0.0,"soil_temp":26.02,"elevacion_centro":286.32,"cloud_cover":60.0,"NDVI":0.7}},{"type":"Feature","geometry":{"type":"Point","coordinates":[19.64,41.18]},"properties":{"lat":41.18,"lon":19.64,"fecha":"2024-08-26","temp_mean":27.6,"temp_max":35.3,"temp_min":22.0,"humidity_mean":58.0,"wind_speed_max":16.0,"wind_gusts_max":39.2,"precipitation":0.0,"soil_temp":30.38,"elevacion_centro":144.23,"cloud_cover":25.0,"NDVI":0.41}},{"type":"Feature","geometry":{"type":"Point","coordinates":[25.79,42.48]},"properties":{"lat":42.48,"lon":25.79,"fecha":"2024-08-26","temp_mean":25.6,"temp_max":32.4,"temp_min":18.5,"humidity_mean":52.0,"wind_speed_max":17.7,"wind_gusts_max":42.5,"precipitation":0.0,"soil_temp":27.37,"elevacion_centro":244.12,"cloud_cover":42.0,"NDVI":0.33}},{"type":"Feature","geometry":{"type":"Point","coordinates":[13.78,51.87]},"properties":{"lat":51.87,"lon":13.78,"fecha":"2024-08-26","temp_mean":19.4,"temp_max":24.0,"temp_min":15.2,"humidity_mean":64.0,"wind_speed_max":9.0,"wind_gusts_max":16.2,"precipitation":0.0,"soil_temp":21.26,"elevacion_centro":64.2,"cloud_cover":78.0,"NDVI":0.31}},{"type":"Feature","geometry":{"type":"Point","coordinates":[24.07,40.92]},"properties":{"lat":40.92,"lon":24.07,"fecha":"2024-08-26","temp_mean":17.1,"temp_max":22.3,"temp_min":13.3,"humidity_mean":55.0,"wind_speed_max":13.5,"wind_gusts_max":55.4,"precipitation":5.2,"soil_temp":30.06,"elevacion_centro":1570.26,"cloud_cover":30.0,"NDVI":0.37}},{"type":"Feature","geometry":{"type":"Point","coordinates":[8.14,36.42]},"properties":{"lat":36.42,"lon":8.14,"fecha":"2024-08-27","temp_mean":23.1,"temp_max":30.5,"temp_min":16.2,"humidity_mean":62.0,"wind_speed_max":13.7,"wind_gusts_max":37.1,"precipitation":0.0,"soil_temp":27.72,"elevacion_centro":566.09,"cloud_cover":10.0,"NDVI":0.53}},{"type":"Feature","geometry":{"type":"Point","coordinates":[-7.88,41.55]},"properties":{"lat":41.55,"lon":-7.88,"fecha":"2024-08-27","temp_mean":20.9,"temp_max":26.2,"temp_min":15.1,"humidity_mean":61.0,"wind_speed_max":13.7,"wind_gusts_max":35.6,"precipitation":0.0,"soil_temp":21.6,"elevacion_centro":644.75,"cloud_cover":20.0,"NDVI":0.77}},{"type":"Feature","geometry":{"type":"Point","coordinates":[19.68,41.95]},"properties":{"lat":41.95,"lon":19.68,"fecha":"2024-08-27","temp_mean":28.9,"temp_max":36.0,"temp_min":20.8,"humidity_mean":37.0,"wind_speed_max":18.1,"wind_gusts_max":38.5,"precipitation":0.0,"soil_temp":29.18,"elevacion_centro":91.04,"cloud_cover":47.0,"NDVI":0.45}},{"type":"Feature","geometry":{"type":"Point","coordinates":[32.54,52.3]},"properties":{"lat":52.3,"lon":32.54,"fecha":"2024-08-28","temp_mean":23.6,"temp_max":29.0,"temp_min":16.7,"humidity_mean":57.0,"wind_speed_max":15.0,"wind_gusts_max":28.4,"precipitation":0.0,"soil_temp":21.19,"elevacion_centro":149.56,"cloud_cover":87.0,"NDVI":0.76}},{"type":"Feature","geometry":{"type":"Point","coordinates":[-4.79,40.92]},"properties":{"lat":40.92,"lon":-4.79,"fecha":"2024-08-28","temp_mean":25.1,"temp_max":34.0,"temp_min":16.4,"humidity_mean":35.0,"wind_speed_max":16.6,"wind_gusts_max":40.3,"precipitation":0.2,"soil_temp":25.66,"elevacion_centro":875.82,"cloud_cover":46.0,"NDVI":0.19}},{"type":"Feature","geometry":{"type":"Point","coordinates":[12.32,41.85]},"properties":{"lat":41.85,"lon":12.32,"fecha":"2024-08-29","temp_mean":27.3,"temp_max":32.8,"temp_min":21.9,"humidity_mean":60.0,"wind_speed_max":18.1,"wind_gusts_max":34.2,"precipitation":0.0,"soil_temp":29.64,"elevacion_centro":51.77,"cloud_cover":25.0,"NDVI":0.25}},{"type":"Feature","geometry":{"type":"Point","coordinates":[-7.13,41.31]},"properties":{"lat":41.31,"lon":-7.13,"fecha":"2024-08-29","temp_mean":23.3,"temp_max":31.5,"temp_min":15.6,"humidity_mean":58.0,"wind_speed_max":13.3,"wind_gusts_max":33.8,"precipitation":0.0,"soil_temp":25.75,"elevacion_centro":521.84,"cloud_cover":18.0,"NDVI":0.43}},{"type":"Feature","geometry":{"type":"Point","coordinates":[14.98,40.28]},"properties":{"lat":40.28,"lon":14.98,"fecha":"2024-08-31","temp_mean":25.8,"temp_max":32.1,"temp_min":20.3,"humidity_mean":65.0,"wind_speed_max":14.5,"wind_gusts_max":40.3,"precipitation":0.0,"soil_temp":27.92,"elevacion_centro":104.39,"cloud_cover":9.0,"NDVI":0.36}},{"type":"Feature","geometry":{"type":"Point","coordinates":[20.2,41.93]},"properties":{"lat":41.93,"lon":20.2,"fecha":"2024-08-31","temp_mean":18.5,"temp_max":23.0,"temp_min":14.3,"humidity_mean":62.0,"wind_speed_max":19.9,"wind_gusts_max":69.5,"precipitation":0.1,"soil_temp":24.17,"elevacion_centro":1132.3,"cloud_cover":34.0,"NDVI":0.66}},{"type":"Feature","geometry":{"type":"Point","coordinates":[8.62,36.76]},"properties":{"lat":36.76,"lon":8.62,"fecha":"2024-08-31","temp_mean":29.4,"temp_max":36.0,"temp_min":23.3,"humidity_mean":50.0,"wind_speed_max":13.7,"wind_gusts_max":31.0,"precipitation":0.0,"soil_temp":30.21,"elevacion_centro":274.3,"cloud_cover":47.0,"NDVI":0.84}},{"type":"Feature","geometry":{"type":"Point","coordinates":[20.66,41.23]},"properties":{"lat":41.23,"lon":20.66,"fecha":"2024-09-01","temp_mean":22.3,"temp_max":28.6,"temp_min":16.8,"humidity_mean":51.0,"wind_speed_max":13.6,"wind_gusts_max":37.1,"precipitation":0.0,"soil_temp":22.6,"elevacion_centro":695.02,"cloud_cover":18.0,"NDVI":0.37}},{"type":"Feature","geometry":{"type":"Point","coordinates":[21.79,41.39]},"properties":{"lat":41.39,"lon":21.79,"fecha":"2024-09-02","temp_mean":25.4,"temp_max":31.7,"temp_min":19.1,"humidity_mean":36.0,"wind_speed_max":8.3,"wind_gusts_max":25.6,"precipitation":0.0,"soil_temp":25.3,"elevacion_centro":510.99,"cloud_cover":26.0,"NDVI":0.58}},{"type":"Feature","geometry":{"type":"Point","coordinates":[21.65,41.27]},"properties":{"lat":41.27,"lon":21.65,"fecha":"2024-09-02","temp_mean":22.0,"temp_max":28.0,"temp_min":15.4,"humidity_mean":48.0,"wind_speed_max":9.1,"wind_gusts_max":27.7,"precipitation":0.0,"soil_temp":25.3,"elevacion_centro":752.22,"cloud_cover":29.0,"NDVI":0.38}},{"type":"Feature","geometry":{"type":"Point","coordinates":[-7.11,41.74]},"properties":{"lat":41.74,"lon":-7.11,"fecha":"2024-09-02","temp_mean":20.8,"temp_max":26.4,"temp_min":16.2,"humidity_mean":60.0,"wind_speed_max":22.9,"wind_gusts_max":44.3,"precipitation":0.3,"soil_temp":25.83,"elevacion_centro":510.07,"cloud_cover":39.0,"NDVI":0.56}},{"type":"Feature","geometry":{"type":"Point","coordinates":[23.33,45.08]},"properties":{"lat":45.08,"lon":23.33,"fecha":"2024-09-03","temp_mean":24.3,"temp_max":31.1,"temp_min":18.0,"humidity_mean":50.0,"wind_speed_max":9.2,"wind_gusts_max":25.2,"precipitation":0.0,"soil_temp":26.63,"elevacion_centro":244.86,"cloud_cover":19.0,"NDVI":0.27}},{"type":"Feature","geometry":{"type":"Point","coordinates":[34.39,51.93]},"properties":{"lat":51.93,"lon":34.39,"fecha":"2024-09-03","temp_mean":22.9,"temp_max":28.3,"temp_min":18.7,"humidity_mean":39.0,"wind_speed_max":17.6,"wind_gusts_max":34.6,"precipitation":0.0,"soil_temp":20.62,"elevacion_centro":215.52,"cloud_cover":78.0,"NDVI":0.47}},{"type":"Feature","geometry":{"type":"Point","coordinates":[32.28,52.18]},"properties":{"lat":52.18,"lon":32.28,"fecha":"2024-09-04","temp_mean":21.8,"temp_max":27.5,"temp_min":16.5,"humidity_mean":49.0,"wind_speed_max":23.7,"wind_gusts_max":43.6,"precipitation":0.0,"soil_temp":21.06,"elevacion_centro":152.18,"cloud_cover":38.0,"NDVI":0.71}},{"type":"Feature","geometry":{"type":"Point","coordinates":[-8.1,42.02]},"properties":{"lat":42.02,"lon":-8.1,"fecha":"2024-09-04","temp_mean":11.6,"temp_max":17.4,"temp_min":6.2,"humidity_mean":74.0,"wind_speed_max":20.4,"wind_gusts_max":50.4,"precipitation":0.0,"soil_temp":17.76,"elevacion_centro":1204.84,"cloud_cover":43.0,"NDVI":0.47}},{"type":"Feature","geometry":{"type":"Point","coordinates":[20.64,45.5]},"properties":{"lat":45.5,"lon":20.64,"fecha":"2024-09-04","temp_mean":27.2,"temp_max":34.9,"temp_min":18.8,"humidity_mean":37.0,"wind_speed_max":14.6,"wind_gusts_max":25.2,"precipitation":0.0,"soil_temp":30.0,"elevacion_centro":80.61,"cloud_cover":13.0,"NDVI":0.22}},{"type":"Feature","geometry":{"type":"Point","coordinates":[17.09,47.35]},"properties":{"lat":47.35,"lon":17.09,"fecha":"2024-09-05","temp_mean":24.0,"temp_max":30.1,"temp_min":17.0,"humidity_mean":46.0,"wind_speed_max":15.8,"wind_gusts_max":29.9,"precipitation":0.0,"soil_temp":27.33,"elevacion_centro":154.54,"cloud_cover":30.0,"NDVI":0.65}},{"type":"Feature","geometry":{"type":"Point","coordinates":[21.71,41.29]},"properties":{"lat":41.29,"lon":21.71,"fecha":"2024-09-05","temp_mean":22.3,"temp_max":28.4,"temp_min":18.1,"humidity_mean":50.0,"wind_speed_max":8.2,"wind_gusts_max":32.0,"precipitation":0.0,"soil_temp":26.57,"elevacion_centro":889.34,"cloud_cover":30.0,"NDVI":0.47}},{"type":"Feature","geometry":{"type":"Point","coordinates":[21.93,45.83]},"properties":{"lat":45.83,"lon":21.93,"fecha":"2024-09-05","temp_mean":25.0,"temp_max":30.8,"temp_min":19.5,"humidity_mean":40.0,"wind_speed_max":20.8,"wind_gusts_max":39.2,"precipitation":0.0,"soil_temp":26.96,"elevacion_centro":145.01,"cloud_cover":19.0,"NDVI":0.7}},{"type":"Feature","geometry":{"type":"Point","coordinates":[10.64,49.25]},"properties":{"lat":49.25,"lon":10.64,"fecha":"2024-09-05","temp_mean":22.9,"temp_max":29.5,"temp_min":17.3,"humidity_mean":63.0,"wind_speed_max":20.4,"wind_gusts_max":45.7,"precipitation":0.0,"soil_temp":22.87,"elevacion_centro":472.77,"cloud_cover":62.0,"NDVI":0.8}},{"type":"Feature","geometry":{"type":"Point","coordinates":[11.56,52.49]},"properties":{"lat":52.49,"lon":11.56,"fecha":"2024-09-06","temp_mean":23.0,"temp_max":28.1,"temp_min":18.5,"humidity_mean":45.0,"wind_speed_max":21.1,"wind_gusts_max":43.6,"precipitation":0.0,"soil_temp":21.01,"elevacion_centro":89.24,"cloud_cover":28.0,"NDVI":0.63}},{"type":"Feature","geometry":{"type":"Point","coordinates":[24.11,44.73]},"properties":{"lat":44.73,"lon":24.11,"fecha":"2024-09-06","temp_mean":22.3,"temp_max":28.2,"temp_min":16.5,"humidity_mean":56.0,"wind_speed_max":16.9,"wind_gusts_max":32.8,"precipitation":0.0,"soil_temp":26.57,"elevacion_centro":250.37,"cloud_cover":54.0,"NDVI":0.64}},{"type":"Feature","geometry":{"type":"Point","coordinates":[6.41,36.72]},"properties":{"lat":36.72,"lon":6.41,"fecha":"2024-09-06","temp_mean":31.4,"temp_max":39.6,"temp_min":23.0,"humidity_mean":42.0,"wind_speed_max":22.9,"wind_gusts_max":56.2,"precipitation":0.0,"soil_temp":27.2,"elevacion_centro":164.27,"cloud_cover":44.0,"NDVI":0.49}},{"type":"Feature","geometry":{"type":"Point","coordinates":[30.01,36.25]},"properties":{"lat":36.25,"lon":30.01,"fecha":"2024-09-07","temp_mean":30.4,"temp_max":34.4,"temp_min":26.6,"humidity_mean":51.0,"wind_speed_max":16.9,"wind_gusts_max":45.0,"precipitation":0.0,"soil_temp":26.23,"elevacion_centro":9.01,"cloud_cover":23.0,"NDVI":-0.01}},{"type":"Feature","geometry":{"type":"Point","coordinates":[19.23,44.0]},"properties":{"lat":44.0,"lon":19.23,"fecha":"2024-09-07","temp_mean":21.7,"temp_max":27.2,"temp_min":16.7,"humidity_mean":68.0,"wind_speed_max":7.9,"wind_gusts_max":23.0,"precipitation":0.2,"soil_temp":22.83,"elevacion_centro":533.38,"cloud_cover":24.0,"NDVI":0.62}},{"type":"Feature","geometry":{"type":"Point","coordinates":[28.14,37.06]},"properties":{"lat":37.06,"lon":28.14,"fecha":"2024-09-07","temp_mean":25.4,"temp_max":31.3,"temp_min":20.9,"humidity_mean":36.0,"wind_speed_max":17.4,"wind_gusts_max":39.6,"precipitation":0.0,"soil_temp":32.69,"elevacion_centro":688.29,"cloud_cover":3.0,"NDVI":0.58}},{"type":"Feature","geometry":{"type":"Point","coordinates":[23.49,47.59]},"properties":{"lat":47.59,"lon":23.49,"fecha":"2024-09-07","temp_mean":23.4,"temp_max":29.2,"temp_min":18.5,"humidity_mean":44.0,"wind_speed_max":18.8,"wind_gusts_max":37.4,"precipitation":0.0,"soil_temp":23.67,"elevacion_centro":215.58,"cloud_cover":4.0,"NDVI":0.74}},{"type":"Feature","geometry":{"type":"Point","coordinates":[24.63,42.18]},"properties":{"lat":42.18,"lon":24.63,"fecha":"2024-09-08","temp_mean":23.9,"temp_max":29.8,"temp_min":18.8,"humidity_mean":44.0,"wind_speed_max":18.2,"wind_gusts_max":32.0,"precipitation":0.0,"soil_temp":19.24,"elevacion_centro":174.47,"cloud_cover":9.0,"NDVI":0.3}},{"type":"Feature","geometry":{"type":"Point","coordinates":[21.64,42.05]},"properties":{"lat":42.05,"lon":21.64,"fecha":"2024-09-08","temp_mean":23.8,"temp_max":30.2,"temp_min":16.6,"humidity_mean":51.0,"wind_speed_max":7.8,"wind_gusts_max":18.0,"precipitation":0.0,"soil_temp":23.23,"elevacion_centro":438.87,"cloud_cover":9.0,"NDVI":0.26}},{"type":"Feature","geometry":{"type":"Point","coordinates":[15.92,39.74]},"properties":{"lat":39.74,"lon":15.92,"fecha":"2024-09-08","temp_mean":26.9,"temp_max":29.9,"temp_min":23.1,"humidity_mean":58.0,"wind_speed_max":7.9,"wind_gusts_max":25.2,"precipitation":0.0,"soil_temp":25.7,"elevacion_centro":297.6,"cloud_cover":50.0,"NDVI":0.76}},{"type":"Feature","geometry":{"type":"Point","coordinates":[31.13,68.54]},"properties":{"lat":68.54,"lon":31.13,"fecha":"2024-09-11","temp_mean":18.3,"temp_max":21.7,"temp_min":15.7,"humidity_mean":66.0,"wind_speed_max":20.9,"wind_gusts_max":43.2,"precipitation":0.1,"soil_temp":15.86,"elevacion_centro":108.71,"cloud_cover":35.0,"NDVI":0.6}},{"type":"Feature","geometry":{"type":"Point","coordinates":[-9.13,38.59]},"properties":{"lat":38.59,"lon":-9.13,"fecha":"2024-09-11","temp_mean":20.2,"temp_max":27.8,"temp_min":14.7,"humidity_mean":64.0,"wind_speed_max":29.7,"wind_gusts_max":55.8,"precipitation":0.0,"soil_temp":20.49,"elevacion_centro":44.89,"cloud_cover":32.0,"NDVI":0.59}},{"type":"Feature","geometry":{"type":"Point","coordinates":[2.68,42.62]},"properties":{"lat":42.62,"lon":2.68,"fecha":"2024-09-12","temp_mean":16.3,"temp_max":19.7,"temp_min":14.0,"humidity_mean":59.0,"wind_speed_max":33.6,"wind_gusts_max":73.8,"precipitation":1.4,"soil_temp":13.92,"elevacion_centro":329.27,"cloud_cover":63.0,"NDVI":0.79}},{"type":"Feature","geometry":{"type":"Point","coordinates":[33.85,67.76]},"properties":{"lat":67.76,"lon":33.85,"fecha":"2024-09-13","temp_mean":15.0,"temp_max":18.2,"temp_min":12.6,"humidity_mean":93.0,"wind_speed_max":19.7,"wind_gusts_max":46.1,"precipitation":0.8,"soil_temp":15.5,"elevacion_centro":431.99,"cloud_cover":96.0,"NDVI":0.42}},{"type":"Feature","geometry":{"type":"Point","coordinates":[-7.65,40.14]},"properties":{"lat":40.14,"lon":-7.65,"fecha":"2024-09-13","temp_mean":20.1,"temp_max":26.8,"temp_min":14.2,"humidity_mean":48.0,"wind_speed_max":22.3,"wind_gusts_max":48.6,"precipitation":0.0,"soil_temp":24.5,"elevacion_centro":559.13,"cloud_cover":7.0,"NDVI":0.73}},{"type":"Feature","geometry":{"type":"Point","coordinates":[-6.31,40.4]},"properties":{"lat":40.4,"lon":-6.31,"fecha":"2024-09-13","temp_mean":17.8,"temp_max":23.9,"temp_min":11.9,"humidity_mean":42.0,"wind_speed_max":15.7,"wind_gusts_max":41.0,"precipitation":0.0,"soil_temp":21.23,"elevacion_centro":834.72,"cloud_cover":1.0,"NDVI":0.59}},{"type":"Feature","geometry":{"type":"Point","coordinates":[34.61,51.39]},"properties":{"lat":51.39,"lon":34.61,"fecha":"2024-09-14","temp_mean":22.1,"temp_max":27.6,"temp_min":17.0,"humidity_mean":34.0,"wind_speed_max":29.2,"wind_gusts_max":52.2,"precipitation":0.0,"soil_temp":18.84,"elevacion_centro":137.67,"cloud_cover":28.0,"NDVI":0.73}},{"type":"Feature","geometry":{"type":"Point","coordinates":[22.16,39.42]},"properties":{"lat":39.42,"lon":22.16,"fecha":"2024-09-14","temp_mean":22.1,"temp_max":26.5,"temp_min":15.4,"humidity_mean":54.0,"wind_speed_max":23.4,"wind_gusts_max":44.6,"precipitation":0.0,"soil_temp":21.07,"elevacion_centro":96.07,"cloud_cover":14.0,"NDVI":0.15}},{"type":"Feature","geometry":{"type":"Point","coordinates":[-7.73,40.11]},"properties":{"lat":40.11,"lon":-7.73,"fecha":"2024-09-14","temp_mean":21.5,"temp_max":28.9,"temp_min":15.2,"humidity_mean":38.0,"wind_speed_max":12.8,"wind_gusts_max":32.8,"precipitation":0.0,"soil_temp":23.73,"elevacion_centro":353.64,"cloud_cover":28.0,"NDVI":0.4}},{"type":"Feature","geometry":{"type":"Point","coordinates":[-8.2,41.15]},"properties":{"lat":41.15,"lon":-8.2,"fecha":"2024-09-14","temp_mean":20.9,"temp_max":28.4,"temp_min":15.1,"humidity_mean":44.0,"wind_speed_max":24.1,"wind_gusts_max":49.0,"precipitation":0.0,"soil_temp":19.69,"elevacion_centro":115.27,"cloud_cover":29.0,"NDVI":0.88}},{"type":"Feature","geometry":{"type":"Point","coordinates":[-5.52,37.57]},"properties":{"lat":37.57,"lon":-5.52,"fecha":"2024-09-15","temp_mean":26.8,"temp_max":34.2,"temp_min":20.1,"humidity_mean":49.0,"wind_speed_max":15.7,"wind_gusts_max":31.0,"precipitation":0.0,"soil_temp":28.68,"elevacion_centro":112.88,"cloud_cover":14.0,"NDVI":0.17}},{"type":"Feature","geometry":{"type":"Point","coordinates":[-8.15,41.5]},"properties":{"lat":41.5,"lon":-8.15,"fecha":"2024-09-15","temp_mean":20.7,"temp_max":29.4,"temp_min":13.1,"humidity_mean":32.0,"wind_speed_max":18.5,"wind_gusts_max":40.3,"precipitation":0.0,"soil_temp":20.25,"elevacion_centro":525.9,"cloud_cover":2.0,"NDVI":0.63}},{"type":"Feature","geometry":{"type":"Point","coordinates":[-8.4,40.68]},"properties":{"lat":40.68,"lon":-8.4,"fecha":"2024-09-16","temp_mean":25.9,"temp_max":32.5,"temp_min":20.9,"humidity_mean":17.0,"wind_speed_max":38.8,"wind_gusts_max":69.8,"precipitation":0.0,"soil_temp":23.7,"elevacion_centro":193.32,"cloud_cover":12.0,"NDVI":0.56}},{"type":"Feature","geometry":{"type":"Point","coordinates":[-6.23,42.65]},"properties":{"lat":42.65,"lon":-6.23,"fecha":"2024-09-16","temp_mean":16.0,"temp_max":25.6,"temp_min":7.3,"humidity_mean":35.0,"wind_speed_max":15.4,"wind_gusts_max":31.3,"precipitation":0.0,"soil_temp":15.94,"elevacion_centro":1145.11,"cloud_cover":40.0,"NDVI":0.17}},{"type":"Feature","geometry":{"type":"Point","coordinates":[-7.85,40.51]},"properties":{"lat":40.51,"lon":-7.85,"fecha":"2024-09-16","temp_mean":24.0,"temp_max":31.0,"temp_min":17.3,"humidity_mean":15.0,"wind_speed_max":34.6,"wind_gusts_max":64.1,"precipitation":0.0,"soil_temp":23.7,"elevacion_centro":396.07,"cloud_cover":11.0,"NDVI":0.3}},{"type":"Feature","geometry":{"type":"Point","coordinates":[31.8,52.31]},"properties":{"lat":52.31,"lon":31.8,"fecha":"2024-09-16","temp_mean":21.0,"temp_max":26.0,"temp_min":15.8,"humidity_mean":41.0,"wind_speed_max":26.9,"wind_gusts_max":48.6,"precipitation":0.0,"soil_temp":17.72,"elevacion_centro":169.64,"cloud_cover":3.0,"NDVI":0.36}},{"type":"Feature","geometry":{"type":"Point","coordinates":[32.17,52.16]},"properties":{"lat":52.16,"lon":32.17,"fecha":"2024-09-16","temp_mean":21.3,"temp_max":26.6,"temp_min":15.8,"humidity_mean":40.0,"wind_speed_max":27.0,"wind_gusts_max":48.6,"precipitation":0.0,"soil_temp":18.95,"elevacion_centro":150.05,"cloud_cover":4.0,"NDVI":0.73}},{"type":"Feature","geometry":{"type":"Point","coordinates":[-8.02,41.18]},"properties":{"lat":41.18,"lon":-8.02,"fecha":"2024-09-16","temp_mean":21.6,"temp_max":29.0,"temp_min":16.0,"humidity_mean":21.0,"wind_speed_max":27.2,"wind_gusts_max":69.1,"precipitation":0.0,"soil_temp":21.02,"elevacion_centro":547.4,"cloud_cover":22.0,"NDVI":0.41}},{"type":"Feature","geometry":{"type":"Point","coordinates":[-7.64,40.65]},"properties":{"lat":40.65,"lon":-7.64,"fecha":"2024-09-16","temp_mean":21.9,"temp_max":29.5,"temp_min":14.6,"humidity_mean":18.0,"wind_speed_max":27.0,"wind_gusts_max":47.5,"precipitation":0.0,"soil_temp":22.38,"elevacion_centro":600.81,"cloud_cover":15.0,"NDVI":0.89}},{"type":"Feature","geometry":{"type":"Point","coordinates":[-8.45,41.1]},"properties":{"lat":41.1,"lon":-8.45,"fecha":"2024-09-16","temp_mean":23.6,"temp_max":31.7,"temp_min":17.3,"humidity_mean":22.0,"wind_speed_max":25.1,"wind_gusts_max":49.7,"precipitation":0.0,"soil_temp":23.75,"elevacion_centro":240.36,"cloud_cover":25.0,"NDVI":0.73}},{"type":"Feature","geometry":{"type":"Point","coordinates":[-8.07,41.48]},"properties":{"lat":41.48,"lon":-8.07,"fecha":"2024-09-16","temp_mean":19.6,"temp_max":28.5,"temp_min":12.1,"humidity_mean":25.0,"wind_speed_max":26.1,"wind_gusts_max":56.5,"precipitation":0.0,"soil_temp":20.6,"elevacion_centro":700.53,"cloud_cover":22.0,"NDVI":0.69}},{"type":"Feature","geometry":{"type":"Point","coordinates":[-2.88,42.1]},"properties":{"lat":42.1,"lon":-2.88,"fecha":"2024-09-16","temp_mean":8.8,"temp_max":14.0,"temp_min":4.6,"humidity_mean":57.0,"wind_speed_max":20.1,"wind_gusts_max":46.1,"precipitation":0.0,"soil_temp":11.72,"elevacion_centro":1413.16,"cloud_cover":46.0,"NDVI":0.55}},{"type":"Feature","geometry":{"type":"Point","coordinates":[-7.58,41.54]},"properties":{"lat":41.54,"lon":-7.58,"fecha":"2024-09-16","temp_mean":19.1,"temp_max":27.2,"temp_min":11.1,"humidity_mean":22.0,"wind_speed_max":19.8,"wind_gusts_max":45.4,"precipitation":0.0,"soil_temp":20.25,"elevacion_centro":884.47,"cloud_cover":26.0,"NDVI":0.78}},{"type":"Feature","geometry":{"type":"Point","coordinates":[-8.14,41.29]},"properties":{"lat":41.29,"lon":-8.14,"fecha":"2024-09-16","temp_mean":21.5,"temp_max":31.6,"temp_min":13.9,"humidity_mean":23.0,"wind_speed_max":21.3,"wind_gusts_max":43.6,"precipitation":0.0,"soil_temp":20.6,"elevacion_centro":380.28,"cloud_cover":17.0,"NDVI":0.51}},{"type":"Feature","geometry":{"type":"Point","coordinates":[-8.26,41.52]},"properties":{"lat":41.52,"lon":-8.26,"fecha":"2024-09-17","temp_mean":21.3,"temp_max":26.3,"temp_min":17.6,"humidity_mean":31.0,"wind_speed_max":31.7,"wind_gusts_max":64.1,"precipitation":0.0,"soil_temp":19.95,"elevacion_centro":470.14,"cloud_cover":18.0,"NDVI":0.83}},{"type":"Feature","geometry":{"type":"Point","coordinates":[-7.97,40.43]},"properties":{"lat":40.43,"lon":-7.97,"fecha":"2024-09-17","temp_mean":23.4,"temp_max":28.7,"temp_min":18.4,"humidity_mean":29.0,"wind_speed_max":35.6,"wind_gusts_max":65.2,"precipitation":0.0,"soil_temp":21.77,"elevacion_centro":249.63,"cloud_cover":14.0,"NDVI":0.79}},{"type":"Feature","geometry":{"type":"Point","coordinates":[-8.19,41.55]},"properties":{"lat":41.55,"lon":-8.19,"fecha":"2024-09-17","temp_mean":21.1,"temp_max":25.6,"temp_min":17.5,"humidity_mean":33.0,"wind_speed_max":32.8,"wind_gusts_max":68.0,"precipitation":0.0,"soil_temp":19.95,"elevacion_centro":417.72,"cloud_cover":22.0,"NDVI":0.75}},{"type":"Feature","geometry":{"type":"Point","coordinates":[-7.4,41.75]},"properties":{"lat":41.75,"lon":-7.4,"fecha":"2024-09-17","temp_mean":18.8,"temp_max":24.9,"temp_min":12.6,"humidity_mean":39.0,"wind_speed_max":22.0,"wind_gusts_max":51.5,"precipitation":0.0,"soil_temp":18.48,"elevacion_centro":642.25,"cloud_cover":10.0,"NDVI":0.8}},{"type":"Feature","geometry":{"type":"Point","coordinates":[-7.99,40.87]},"properties":{"lat":40.87,"lon":-7.99,"fecha":"2024-09-17","temp_mean":19.5,"temp_max":24.5,"temp_min":14.1,"humidity_mean":36.0,"wind_speed_max":22.7,"wind_gusts_max":50.4,"precipitation":0.0,"soil_temp":19.84,"elevacion_centro":617.07,"cloud_cover":5.0,"NDVI":0.55}},{"type":"Feature","geometry":{"type":"Point","coordinates":[-7.72,41.42]},"properties":{"lat":41.42,"lon":-7.72,"fecha":"2024-09-17","temp_mean":17.3,"temp_max":22.4,"temp_min":11.8,"humidity_mean":41.0,"wind_speed_max":20.5,"wind_gusts_max":55.8,"precipitation":0.0,"soil_temp":19.49,"elevacion_centro":846.88,"cloud_cover":9.0,"NDVI":0.58}},{"type":"Feature","geometry":{"type":"Point","coordinates":[-7.62,41.45]},"properties":{"lat":41.45,"lon":-7.62,"fecha":"2024-09-17","temp_mean":16.5,"temp_max":21.3,"temp_min":11.4,"humidity_mean":43.0,"wind_speed_max":22.7,"wind_gusts_max":51.1,"precipitation":0.0,"soil_temp":19.49,"elevacion_centro":865.75,"cloud_cover":9.0,"NDVI":0.6}},{"type":"Feature","geometry":{"type":"Point","coordinates":[-8.21,41.26]},"properties":{"lat":41.26,"lon":-8.21,"fecha":"2024-09-17","temp_mean":22.2,"temp_max":27.4,"temp_min":17.5,"humidity_mean":32.0,"wind_speed_max":26.3,"wind_gusts_max":55.4,"precipitation":0.0,"soil_temp":19.95,"elevacion_centro":281.53,"cloud_cover":11.0,"NDVI":0.25}},{"type":"Feature","geometry":{"type":"Point","coordinates":[-7.99,40.25]},"properties":{"lat":40.25,"lon":-7.99,"fecha":"2024-09-17","temp_mean":21.9,"temp_max":29.5,"temp_min":14.4,"humidity_mean":34.0,"wind_speed_max":16.0,"wind_gusts_max":37.4,"precipitation":0.0,"soil_temp":21.77,"elevacion_centro":251.38,"cloud_cover":15.0,"NDVI":0.83}},{"type":"Feature","geometry":{"type":"Point","coordinates":[-8.28,41.62]},"properties":{"lat":41.62,"lon":-8.28,"fecha":"2024-09-17","temp_mean":22.7,"temp_max":27.9,"temp_min":19.0,"humidity_mean":33.0,"wind_speed_max":22.7,"wind_gusts_max":50.0,"precipitation":0.0,"soil_temp":19.95,"elevacion_centro":271.33,"cloud_cover":22.0,"NDVI":0.76}},{"type":"Feature","geometry":{"type":"Point","coordinates":[-8.72,41.46]},"properties":{"lat":41.46,"lon":-8.72,"fecha":"2024-09-17","temp_mean":23.5,"temp_max":29.0,"temp_min":19.9,"humidity_mean":32.0,"wind_speed_max":25.8,"wind_gusts_max":47.9,"precipitation":0.0,"soil_temp":22.83,"elevacion_centro":45.34,"cloud_cover":12.0,"NDVI":0.57}},{"type":"Feature","geometry":{"type":"Point","coordinates":[-8.07,41.33]},"properties":{"lat":41.33,"lon":-8.07,"fecha":"2024-09-17","temp_mean":21.8,"temp_max":27.4,"temp_min":15.9,"humidity_mean":34.0,"wind_speed_max":24.1,"wind_gusts_max":47.9,"precipitation":0.0,"soil_temp":19.95,"elevacion_centro":246.72,"cloud_cover":13.0,"NDVI":0.63}},{"type":"Feature","geometry":{"type":"Point","coordinates":[31.68,56.51]},"properties":{"lat":56.51,"lon":31.68,"fecha":"2024-09-18","temp_mean":17.0,"temp_max":23.6,"temp_min":10.1,"humidity_mean":71.0,"wind_speed_max":9.0,"wind_gusts_max":15.5,"precipitation":0.0,"soil_temp":15.89,"elevacion_centro":186.53,"cloud_cover":12.0,"NDVI":0.63}},{"type":"Feature","geometry":{"type":"Point","coordinates":[-7.9,41.21]},"properties":{"lat":41.21,"lon":-7.9,"fecha":"2024-09-18","temp_mean":15.6,"temp_max":22.3,"temp_min":8.7,"humidity_mean":48.0,"wind_speed_max":14.6,"wind_gusts_max":41.4,"precipitation":0.0,"soil_temp":18.71,"elevacion_centro":1110.99,"cloud_cover":1.0,"NDVI":0.72}},{"type":"Feature","geometry":{"type":"Point","coordinates":[-7.14,42.0]},"properties":{"lat":42.0,"lon":-7.14,"fecha":"2024-09-18","temp_mean":16.1,"temp_max":22.5,"temp_min":8.7,"humidity_mean":49.0,"wind_speed_max":15.2,"wind_gusts_max":31.7,"precipitation":0.0,"soil_temp":17.43,"elevacion_centro":981.76,"cloud_cover":0.0,"NDVI":0.47}},{"type":"Feature","geometry":{"type":"Point","coordinates":[-8.1,40.87]},"properties":{"lat":40.87,"lon":-8.1,"fecha":"2024-09-18","temp_mean":18.6,"temp_max":26.1,"temp_min":11.5,"humidity_mean":49.0,"wind_speed_max":13.7,"wind_gusts_max":34.9,"precipitation":0.0,"soil_temp":18.71,"elevacion_centro":726.11,"cloud_cover":0.0,"NDVI":0.4}},{"type":"Feature","geometry":{"type":"Point","coordinates":[-7.56,41.34]},"properties":{"lat":41.34,"lon":-7.56,"fecha":"2024-09-18","temp_mean":18.6,"temp_max":25.7,"temp_min":11.7,"humidity_mean":49.0,"wind_speed_max":12.7,"wind_gusts_max":32.0,"precipitation":0.0,"soil_temp":19.74,"elevacion_centro":656.08,"cloud_cover":1.0,"NDVI":0.27}},{"type":"Feature","geometry":{"type":"Point","coordinates":[-8.45,41.29]},"properties":{"lat":41.29,"lon":-8.45,"fecha":"2024-09-18","temp_mean":21.1,"temp_max":28.0,"temp_min":15.8,"humidity_mean":50.0,"wind_speed_max":22.7,"wind_gusts_max":49.3,"precipitation":0.0,"soil_temp":22.1,"elevacion_centro":259.84,"cloud_cover":0.0,"NDVI":0.43}},{"type":"Feature","geometry":{"type":"Point","coordinates":[-7.48,41.03]},"properties":{"lat":41.03,"lon":-7.48,"fecha":"2024-09-18","temp_mean":18.0,"temp_max":26.1,"temp_min":10.5,"humidity_mean":55.0,"wind_speed_max":12.9,"wind_gusts_max":30.6,"precipitation":0.0,"soil_temp":19.44,"elevacion_centro":721.48,"cloud_cover":18.0,"NDVI":0.33}},{"type":"Feature","geometry":{"type":"Point","coordinates":[34.95,51.2]},"properties":{"lat":51.2,"lon":34.95,"fecha":"2024-09-20","temp_mean":15.8,"temp_max":22.5,"temp_min":9.1,"humidity_mean":62.0,"wind_speed_max":16.1,"wind_gusts_max":30.6,"precipitation":0.0,"soil_temp":17.01,"elevacion_centro":195.1,"cloud_cover":16.0,"NDVI":0.36}},{"type":"Feature","geometry":{"type":"Point","coordinates":[7.03,52.4]},"properties":{"lat":52.4,"lon":7.03,"fecha":"2024-09-21","temp_mean":16.8,"temp_max":22.7,"temp_min":12.2,"humidity_mean":76.0,"wind_speed_max":11.5,"wind_gusts_max":21.6,"precipitation":0.0,"soil_temp":16.22,"elevacion_centro":24.61,"cloud_cover":5.0,"NDVI":0.61}},{"type":"Feature","geometry":{"type":"Point","coordinates":[20.08,44.92]},"properties":{"lat":44.92,"lon":20.08,"fecha":"2024-09-22","temp_mean":16.3,"temp_max":24.2,"temp_min":8.2,"humidity_mean":64.0,"wind_speed_max":11.7,"wind_gusts_max":15.8,"precipitation":0.0,"soil_temp":17.99,"elevacion_centro":78.13,"cloud_cover":0.0,"NDVI":0.19}},{"type":"Feature","geometry":{"type":"Point","coordinates":[31.45,53.18]},"properties":{"lat":53.18,"lon":31.45,"fecha":"2024-09-24","temp_mean":16.0,"temp_max":23.0,"temp_min":9.1,"humidity_mean":62.0,"wind_speed_max":16.5,"wind_gusts_max":29.9,"precipitation":0.0,"soil_temp":14.36,"elevacion_centro":168.24,"cloud_cover":76.0,"NDVI":0.7}},{"type":"Feature","geometry":{"type":"Point","coordinates":[34.26,51.57]},"properties":{"lat":51.57,"lon":34.26,"fecha":"2024-09-25","temp_mean":18.1,"temp_max":24.4,"temp_min":12.9,"humidity_mean":38.0,"wind_speed_max":20.1,"wind_gusts_max":38.2,"precipitation":0.0,"soil_temp":15.27,"elevacion_centro":197.51,"cloud_cover":27.0,"NDVI":0.39}},{"type":"Feature","geometry":{"type":"Point","coordinates":[23.39,43.98]},"properties":{"lat":43.98,"lon":23.39,"fecha":"2024-09-27","temp_mean":23.3,"temp_max":31.1,"temp_min":15.6,"humidity_mean":48.0,"wind_speed_max":10.1,"wind_gusts_max":21.2,"precipitation":0.0,"soil_temp":23.72,"elevacion_centro":48.47,"cloud_cover":0.0,"NDVI":0.33}},{"type":"Feature","geometry":{"type":"Point","coordinates":[34.55,51.25]},"properties":{"lat":51.25,"lon":34.55,"fecha":"2024-09-28","temp_mean":22.0,"temp_max":27.6,"temp_min":17.1,"humidity_mean":51.0,"wind_speed_max":28.1,"wind_gusts_max":50.0,"precipitation":0.0,"soil_temp":19.32,"elevacion_centro":186.74,"cloud_cover":24.0,"NDVI":0.32}},{"type":"Feature","geometry":{"type":"Point","coordinates":[34.57,51.3]},"properties":{"lat":51.3,"lon":34.57,"fecha":"2024-09-28","temp_mean":22.0,"temp_max":27.6,"temp_min":17.1,"humidity_mean":51.0,"wind_speed_max":28.1,"wind_gusts_max":50.0,"precipitation":0.0,"soil_temp":18.11,"elevacion_centro":144.54,"cloud_cover":24.0,"NDVI":0.67}},{"type":"Feature","geometry":{"type":"Point","coordinates":[22.46,38.08]},"properties":{"lat":38.08,"lon":22.46,"fecha":"2024-09-29","temp_mean":19.8,"temp_max":25.3,"temp_min":13.5,"humidity_mean":56.0,"wind_speed_max":18.7,"wind_gusts_max":56.9,"precipitation":0.1,"soil_temp":21.57,"elevacion_centro":780.74,"cloud_cover":14.0,"NDVI":0.45}},{"type":"Feature","geometry":{"type":"Point","coordinates":[9.72,37.3]},"properties":{"lat":37.3,"lon":9.72,"fecha":"2024-10-01","temp_mean":22.4,"temp_max":30.5,"temp_min":16.9,"humidity_mean":65.0,"wind_speed_max":14.9,"wind_gusts_max":34.9,"precipitation":0.0,"soil_temp":24.99,"elevacion_centro":221.83,"cloud_cover":1.0,"NDVI":0.69}},{"type":"Feature","geometry":{"type":"Point","coordinates":[21.41,37.81]},"properties":{"lat":37.81,"lon":21.41,"fecha":"2024-10-04","temp_mean":23.7,"temp_max":28.1,"temp_min":19.0,"humidity_mean":61.0,"wind_speed_max":26.3,"wind_gusts_max":51.1,"precipitation":0.0,"soil_temp":23.37,"elevacion_centro":152.56,"cloud_cover":27.0,"NDVI":0.43}},{"type":"Feature","geometry":{"type":"Point","coordinates":[3.6,46.83]},"properties":{"lat":46.83,"lon":3.6,"fecha":"2024-10-05","temp_mean":9.9,"temp_max":16.0,"temp_min":4.2,"humidity_mean":78.0,"wind_speed_max":13.9,"wind_gusts_max":26.6,"precipitation":0.0,"soil_temp":9.94,"elevacion_centro":219.68,"cloud_cover":28.0,"NDVI":0.74}},{"type":"Feature","geometry":{"type":"Point","coordinates":[26.83,38.73]},"properties":{"lat":38.73,"lon":26.83,"fecha":"2024-10-05","temp_mean":23.8,"temp_max":30.5,"temp_min":18.9,"humidity_mean":61.0,"wind_speed_max":17.4,"wind_gusts_max":39.2,"precipitation":0.0,"soil_temp":24.33,"elevacion_centro":86.8,"cloud_cover":30.0,"NDVI":0.66}},{"type":"Feature","geometry":{"type":"Point","coordinates":[34.86,37.98]},"properties":{"lat":37.98,"lon":34.86,"fecha":"2024-10-06","temp_mean":14.4,"temp_max":22.2,"temp_min":8.4,"humidity_mean":39.0,"wind_speed_max":20.0,"wind_gusts_max":41.8,"precipitation":0.0,"soil_temp":14.76,"elevacion_centro":1831.29,"cloud_cover":0.0,"NDVI":0.29}},{"type":"Feature","geometry":{"type":"Point","coordinates":[-6.1,38.34]},"properties":{"lat":38.34,"lon":-6.1,"fecha":"2024-10-06","temp_mean":20.9,"temp_max":28.1,"temp_min":14.7,"humidity_mean":64.0,"wind_speed_max":16.7,"wind_gusts_max":36.7,"precipitation":0.0,"soil_temp":21.81,"elevacion_centro":552.21,"cloud_cover":69.0,"NDVI":0.13}},{"type":"Feature","geometry":{"type":"Point","coordinates":[17.94,40.51]},"properties":{"lat":40.51,"lon":17.94,"fecha":"2024-10-13","temp_mean":18.6,"temp_max":23.4,"temp_min":15.5,"humidity_mean":80.0,"wind_speed_max":13.8,"wind_gusts_max":29.5,"precipitation":0.0,"soil_temp":21.81,"elevacion_centro":55.61,"cloud_cover":56.0,"NDVI":0.53}},{"type":"Feature","geometry":{"type":"Point","coordinates":[33.69,36.78]},"properties":{"lat":36.78,"lon":33.69,"fecha":"2024-10-15","temp_mean":13.2,"temp_max":19.8,"temp_min":8.0,"humidity_mean":59.0,"wind_speed_max":11.6,"wind_gusts_max":27.0,"precipitation":0.1,"soil_temp":16.73,"elevacion_centro":1770.21,"cloud_cover":50.0,"NDVI":0.27}},{"type":"Feature","geometry":{"type":"Point","coordinates":[3.07,39.79]},"properties":{"lat":39.79,"lon":3.07,"fecha":"2024-10-16","temp_mean":24.0,"temp_max":29.2,"temp_min":20.7,"humidity_mean":70.0,"wind_speed_max":24.1,"wind_gusts_max":42.1,"precipitation":0.0,"soil_temp":24.2,"elevacion_centro":0.35,"cloud_cover":23.0,"NDVI":0.3}},{"type":"Feature","geometry":{"type":"Point","coordinates":[31.7,39.03]},"properties":{"lat":39.03,"lon":31.7,"fecha":"2024-10-16","temp_mean":15.0,"temp_max":22.6,"temp_min":9.5,"humidity_mean":57.0,"wind_speed_max":21.2,"wind_gusts_max":37.4,"precipitation":0.0,"soil_temp":17.01,"elevacion_centro":913.0,"cloud_cover":1.0,"NDVI":0.25}},{"type":"Feature","geometry":{"type":"Point","coordinates":[19.56,45.07]},"properties":{"lat":45.07,"lon":19.56,"fecha":"2024-10-22","temp_mean":12.4,"temp_max":19.2,"temp_min":7.4,"humidity_mean":75.0,"wind_speed_max":12.0,"wind_gusts_max":21.2,"precipitation":0.0,"soil_temp":11.85,"elevacion_centro":122.81,"cloud_cover":0.0,"NDVI":0.18}},{"type":"Feature","geometry":{"type":"Point","coordinates":[20.52,45.72]},"properties":{"lat":45.72,"lon":20.52,"fecha":"2024-10-23","temp_mean":12.2,"temp_max":19.9,"temp_min":5.2,"humidity_mean":71.0,"wind_speed_max":10.8,"wind_gusts_max":21.6,"precipitation":0.0,"soil_temp":12.44,"elevacion_centro":78.41,"cloud_cover":45.0,"NDVI":0.52}},{"type":"Feature","geometry":{"type":"Point","coordinates":[29.31,38.73]},"properties":{"lat":38.73,"lon":29.31,"fecha":"2024-11-01","temp_mean":10.6,"temp_max":18.5,"temp_min":4.3,"humidity_mean":49.0,"wind_speed_max":9.1,"wind_gusts_max":23.4,"precipitation":0.0,"soil_temp":12.76,"elevacion_centro":1042.26,"cloud_cover":14.0,"NDVI":0.35}},{"type":"Feature","geometry":{"type":"Point","coordinates":[25.3,36.74]},"properties":{"lat":36.74,"lon":25.3,"fecha":"2024-11-03","temp_mean":17.2,"temp_max":19.9,"temp_min":15.0,"humidity_mean":63.0,"wind_speed_max":38.7,"wind_gusts_max":65.2,"precipitation":0.0,"soil_temp":20.06,"elevacion_centro":319.9,"cloud_cover":21.0,"NDVI":0.3}},{"type":"Feature","geometry":{"type":"Point","coordinates":[34.89,37.8]},"properties":{"lat":37.8,"lon":34.89,"fecha":"2024-11-06","temp_mean":0.8,"temp_max":8.8,"temp_min":-4.7,"humidity_mean":55.0,"wind_speed_max":8.5,"wind_gusts_max":25.2,"precipitation":0.0,"soil_temp":3.44,"elevacion_centro":1962.05,"cloud_cover":0.0,"NDVI":0.16}},{"type":"Feature","geometry":{"type":"Point","coordinates":[21.38,38.11]},"properties":{"lat":38.11,"lon":21.38,"fecha":"2024-11-06","temp_mean":16.5,"temp_max":22.3,"temp_min":11.9,"humidity_mean":53.0,"wind_speed_max":15.4,"wind_gusts_max":28.4,"precipitation":0.0,"soil_temp":17.02,"elevacion_centro":-1.7,"cloud_cover":1.0,"NDVI":0.38}},{"type":"Feature","geometry":{"type":"Point","coordinates":[33.26,37.64]},"properties":{"lat":37.64,"lon":33.26,"fecha":"2024-11-07","temp_mean":4.4,"temp_max":11.4,"temp_min":-0.2,"humidity_mean":49.0,"wind_speed_max":10.3,"wind_gusts_max":19.8,"precipitation":0.0,"soil_temp":6.73,"elevacion_centro":998.58,"cloud_cover":0.0,"NDVI":0.2}},{"type":"Feature","geometry":{"type":"Point","coordinates":[28.78,39.65]},"properties":{"lat":39.65,"lon":28.78,"fecha":"2024-11-07","temp_mean":9.8,"temp_max":19.4,"temp_min":3.2,"humidity_mean":53.0,"wind_speed_max":16.2,"wind_gusts_max":40.7,"precipitation":0.0,"soil_temp":7.47,"elevacion_centro":303.21,"cloud_cover":0.0,"NDVI":0.54}},{"type":"Feature","geometry":{"type":"Point","coordinates":[6.72,51.48]},"properties":{"lat":51.48,"lon":6.72,"fecha":"2024-12-01","temp_mean":3.8,"temp_max":6.6,"temp_min":1.2,"humidity_mean":78.0,"wind_speed_max":16.8,"wind_gusts_max":33.5,"precipitation":0.0,"soil_temp":2.05,"elevacion_centro":30.94,"cloud_cover":44.0,"NDVI":0.67}},{"type":"Feature","geometry":{"type":"Point","coordinates":[-8.2,42.09]},"properties":{"lat":42.09,"lon":-8.2,"fecha":"2025-01-17","temp_mean":1.3,"temp_max":8.2,"temp_min":-3.2,"humidity_mean":72.0,"wind_speed_max":10.8,"wind_gusts_max":28.1,"precipitation":0.0,"soil_temp":3.58,"elevacion_centro":1039.93,"cloud_cover":0.0,"NDVI":0.67}},{"type":"Feature","geometry":{"type":"Point","coordinates":[31.48,37.93]},"properties":{"lat":37.93,"lon":31.48,"fecha":"2025-01-30","temp_mean":4.3,"temp_max":9.0,"temp_min":0.9,"humidity_mean":66.0,"wind_speed_max":7.3,"wind_gusts_max":19.8,"precipitation":0.0,"soil_temp":3.35,"elevacion_centro":1122.07,"cloud_cover":58.0,"NDVI":0.18}},{"type":"Feature","geometry":{"type":"Point","coordinates":[24.25,42.21]},"properties":{"lat":42.21,"lon":24.25,"fecha":"2025-02-01","temp_mean":8.5,"temp_max":16.6,"temp_min":2.7,"humidity_mean":67.0,"wind_speed_max":12.2,"wind_gusts_max":25.9,"precipitation":0.0,"soil_temp":3.89,"elevacion_centro":213.52,"cloud_cover":33.0,"NDVI":0.31}},{"type":"Feature","geometry":{"type":"Point","coordinates":[23.81,43.45]},"properties":{"lat":43.45,"lon":23.81,"fecha":"2025-02-01","temp_mean":7.7,"temp_max":13.8,"temp_min":2.6,"humidity_mean":72.0,"wind_speed_max":17.2,"wind_gusts_max":33.8,"precipitation":0.0,"soil_temp":7.38,"elevacion_centro":169.2,"cloud_cover":29.0,"NDVI":0.46}},{"type":"Feature","geometry":{"type":"Point","coordinates":[32.84,39.01]},"properties":{"lat":39.01,"lon":32.84,"fecha":"2025-02-03","temp_mean":3.1,"temp_max":9.9,"temp_min":-1.1,"humidity_mean":73.0,"wind_speed_max":13.8,"wind_gusts_max":29.2,"precipitation":0.0,"soil_temp":3.6,"elevacion_centro":978.78,"cloud_cover":3.0,"NDVI":0.26}},{"type":"Feature","geometry":{"type":"Point","coordinates":[18.66,49.68]},"properties":{"lat":49.68,"lon":18.66,"fecha":"2025-02-08","temp_mean":2.3,"temp_max":8.1,"temp_min":-0.9,"humidity_mean":54.0,"wind_speed_max":11.7,"wind_gusts_max":28.4,"precipitation":0.0,"soil_temp":-0.99,"elevacion_centro":314.26,"cloud_cover":80.0,"NDVI":0.03}},{"type":"Feature","geometry":{"type":"Point","coordinates":[29.23,44.85]},"properties":{"lat":44.85,"lon":29.23,"fecha":"2025-02-12","temp_mean":-2.1,"temp_max":1.6,"temp_min":-4.5,"humidity_mean":68.0,"wind_speed_max":19.5,"wind_gusts_max":34.2,"precipitation":0.0,"soil_temp":0.05,"elevacion_centro":0.99,"cloud_cover":49.0,"NDVI":0.27}},{"type":"Feature","geometry":{"type":"Point","coordinates":[29.15,44.87]},"properties":{"lat":44.87,"lon":29.15,"fecha":"2025-02-13","temp_mean":0.1,"temp_max":3.5,"temp_min":-5.3,"humidity_mean":79.0,"wind_speed_max":18.8,"wind_gusts_max":33.8,"precipitation":0.0,"soil_temp":-0.77,"elevacion_centro":-0.47,"cloud_cover":16.0,"NDVI":-0.3}},{"type":"Feature","geometry":{"type":"Point","coordinates":[-6.13,57.32]},"properties":{"lat":57.32,"lon":-6.13,"fecha":"2025-02-14","temp_mean":0.9,"temp_max":3.2,"temp_min":-1.0,"humidity_mean":72.0,"wind_speed_max":14.7,"wind_gusts_max":31.0,"precipitation":0.2,"soil_temp":0.06,"elevacion_centro":123.1,"cloud_cover":92.0,"NDVI":0.59}},{"type":"Feature","geometry":{"type":"Point","coordinates":[9.94,45.14]},"properties":{"lat":45.14,"lon":9.94,"fecha":"2025-02-15","temp_mean":3.6,"temp_max":8.8,"temp_min":0.3,"humidity_mean":84.0,"wind_speed_max":8.9,"wind_gusts_max":18.7,"precipitation":0.0,"soil_temp":4.12,"elevacion_centro":41.73,"cloud_cover":50.0,"NDVI":0.13}},{"type":"Feature","geometry":{"type":"Point","coordinates":[-5.01,38.83]},"properties":{"lat":38.83,"lon":-5.01,"fecha":"2025-02-16","temp_mean":11.3,"temp_max":18.3,"temp_min":5.7,"humidity_mean":76.0,"wind_speed_max":12.5,"wind_gusts_max":24.8,"precipitation":0.0,"soil_temp":9.57,"elevacion_centro":342.89,"cloud_cover":13.0,"NDVI":0.44}},{"type":"Feature","geometry":{"type":"Point","coordinates":[14.97,37.74]},"properties":{"lat":37.74,"lon":14.97,"fecha":"2025-02-17","temp_mean":-0.8,"temp_max":4.1,"temp_min":-4.4,"humidity_mean":81.0,"wind_speed_max":8.9,"wind_gusts_max":26.6,"precipitation":0.0,"soil_temp":10.56,"elevacion_centro":2170.74,"cloud_cover":76.0,"NDVI":-0.03}},{"type":"Feature","geometry":{"type":"Point","coordinates":[29.46,44.94]},"properties":{"lat":44.94,"lon":29.46,"fecha":"2025-02-18","temp_mean":-0.4,"temp_max":1.6,"temp_min":-1.8,"humidity_mean":65.0,"wind_speed_max":15.8,"wind_gusts_max":30.6,"precipitation":0.7,"soil_temp":0.22,"elevacion_centro":0.27,"cloud_cover":97.0,"NDVI":0.16}},{"type":"Feature","geometry":{"type":"Point","coordinates":[-1.16,43.13]},"properties":{"lat":43.13,"lon":-1.16,"fecha":"2025-02-19","temp_mean":12.2,"temp_max":18.4,"temp_min":7.0,"humidity_mean":71.0,"wind_speed_max":13.5,"wind_gusts_max":36.4,"precipitation":0.0,"soil_temp":9.27,"elevacion_centro":467.37,"cloud_cover":57.0,"NDVI":0.5}},{"type":"Feature","geometry":{"type":"Point","coordinates":[29.2,45.22]},"properties":{"lat":45.22,"lon":29.2,"fecha":"2025-02-21","temp_mean":-3.9,"temp_max":0.2,"temp_min":-6.2,"humidity_mean":51.0,"wind_speed_max":24.3,"wind_gusts_max":46.4,"precipitation":0.0,"soil_temp":-0.01,"elevacion_centro":2.78,"cloud_cover":15.0,"NDVI":0.13}},{"type":"Feature","geometry":{"type":"Point","coordinates":[27.45,37.77]},"properties":{"lat":37.77,"lon":27.45,"fecha":"2025-02-22","temp_mean":1.3,"temp_max":6.8,"temp_min":-3.2,"humidity_mean":52.0,"wind_speed_max":22.2,"wind_gusts_max":58.7,"precipitation":0.0,"soil_temp":0.45,"elevacion_centro":12.76,"cloud_cover":20.0,"NDVI":-0.06}},{"type":"Feature","geometry":{"type":"Point","coordinates":[28.74,44.57]},"properties":{"lat":44.57,"lon":28.74,"fecha":"2025-02-22","temp_mean":-3.3,"temp_max":1.1,"temp_min":-7.3,"humidity_mean":61.0,"wind_speed_max":18.4,"wind_gusts_max":33.5,"precipitation":0.0,"soil_temp":-1.76,"elevacion_centro":0.32,"cloud_cover":6.0,"NDVI":0.26}},{"type":"Feature","geometry":{"type":"Point","coordinates":[29.45,45.3]},"properties":{"lat":45.3,"lon":29.45,"fecha":"2025-02-22","temp_mean":-4.6,"temp_max":-0.4,"temp_min":-8.6,"humidity_mean":71.0,"wind_speed_max":14.7,"wind_gusts_max":29.9,"precipitation":0.0,"soil_temp":-2.39,"elevacion_centro":1.84,"cloud_cover":4.0,"NDVI":0.31}},{"type":"Feature","geometry":{"type":"Point","coordinates":[28.64,36.89]},"properties":{"lat":36.89,"lon":28.64,"fecha":"2025-02-22","temp_mean":4.4,"temp_max":9.8,"temp_min":0.8,"humidity_mean":49.0,"wind_speed_max":12.1,"wind_gusts_max":31.3,"precipitation":0.0,"soil_temp":0.53,"elevacion_centro":-1.4,"cloud_cover":14.0,"NDVI":-0.03}},{"type":"Feature","geometry":{"type":"Point","coordinates":[24.56,46.77]},"properties":{"lat":46.77,"lon":24.56,"fecha":"2025-02-23","temp_mean":-2.9,"temp_max":4.4,"temp_min":-9.1,"humidity_mean":41.0,"wind_speed_max":6.5,"wind_gusts_max":19.4,"precipitation":0.0,"soil_temp":-2.73,"elevacion_centro":385.79,"cloud_cover":4.0,"NDVI":0.25}},{"type":"Feature","geometry":{"type":"Point","coordinates":[22.58,54.75]},"properties":{"lat":54.75,"lon":22.58,"fecha":"2025-02-23","temp_mean":-0.4,"temp_max":5.8,"temp_min":-3.7,"humidity_mean":52.0,"wind_speed_max":12.3,"wind_gusts_max":25.2,"precipitation":0.0,"soil_temp":-2.03,"elevacion_centro":52.34,"cloud_cover":12.0,"NDVI":0.26}},{"type":"Feature","geometry":{"type":"Point","coordinates":[29.59,45.14]},"properties":{"lat":45.14,"lon":29.59,"fecha":"2025-02-24","temp_mean":-1.6,"temp_max":5.2,"temp_min":-7.5,"humidity_mean":53.0,"wind_speed_max":15.2,"wind_gusts_max":32.8,"precipitation":0.0,"soil_temp":-1.91,"elevacion_centro":1.02,"cloud_cover":0.0,"NDVI":0.16}},{"type":"Feature","geometry":{"type":"Point","coordinates":[25.68,53.93]},"properties":{"lat":53.93,"lon":25.68,"fecha":"2025-02-25","temp_mean":-0.8,"temp_max":6.8,"temp_min":-6.8,"humidity_mean":50.0,"wind_speed_max":12.3,"wind_gusts_max":24.8,"precipitation":0.0,"soil_temp":-3.44,"elevacion_centro":140.51,"cloud_cover":8.0,"NDVI":0.38}},{"type":"Feature","geometry":{"type":"Point","coordinates":[0.61,40.64]},"properties":{"lat":40.64,"lon":0.61,"fecha":"2025-02-26","temp_mean":11.7,"temp_max":17.1,"temp_min":7.2,"humidity_mean":59.0,"wind_speed_max":26.0,"wind_gusts_max":51.1,"precipitation":0.0,"soil_temp":12.06,"elevacion_centro":-1.72,"cloud_cover":17.0,"NDVI":0.38}},{"type":"Feature","geometry":{"type":"Point","coordinates":[21.31,48.15]},"properties":{"lat":48.15,"lon":21.31,"fecha":"2025-03-03","temp_mean":2.2,"temp_max":8.7,"temp_min":-2.2,"humidity_mean":72.0,"wind_speed_max":10.2,"wind_gusts_max":24.8,"precipitation":0.0,"soil_temp":2.53,"elevacion_centro":94.03,"cloud_cover":18.0,"NDVI":0.27}},{"type":"Feature","geometry":{"type":"Point","coordinates":[29.44,45.23]},"properties":{"lat":45.23,"lon":29.44,"fecha":"2025-03-06","temp_mean":9.5,"temp_max":20.0,"temp_min":2.8,"humidity_mean":56.0,"wind_speed_max":11.7,"wind_gusts_max":25.2,"precipitation":0.0,"soil_temp":6.65,"elevacion_centro":1.68,"cloud_cover":25.0,"NDVI":0.21}},{"type":"Feature","geometry":{"type":"Point","coordinates":[21.76,54.64]},"properties":{"lat":54.64,"lon":21.76,"fecha":"2025-03-06","temp_mean":9.7,"temp_max":16.3,"temp_min":3.8,"humidity_mean":43.0,"wind_speed_max":26.5,"wind_gusts_max":51.1,"precipitation":0.0,"soil_temp":3.64,"elevacion_centro":13.34,"cloud_cover":30.0,"NDVI":0.42}},{"type":"Feature","geometry":{"type":"Point","coordinates":[22.4,54.63]},"properties":{"lat":54.63,"lon":22.4,"fecha":"2025-03-06","temp_mean":9.7,"temp_max":16.0,"temp_min":3.8,"humidity_mean":42.0,"wind_speed_max":29.5,"wind_gusts_max":52.2,"precipitation":0.0,"soil_temp":3.62,"elevacion_centro":54.21,"cloud_cover":35.0,"NDVI":0.23}},{"type":"Feature","geometry":{"type":"Point","coordinates":[31.45,53.19]},"properties":{"lat":53.19,"lon":31.45,"fecha":"2025-03-07","temp_mean":7.2,"temp_max":15.2,"temp_min":0.9,"humidity_mean":56.0,"wind_speed_max":19.6,"wind_gusts_max":36.4,"precipitation":0.0,"soil_temp":2.82,"elevacion_centro":166.8,"cloud_cover":33.0,"NDVI":0.09}},{"type":"Feature","geometry":{"type":"Point","coordinates":[21.23,54.45]},"properties":{"lat":54.45,"lon":21.23,"fecha":"2025-03-07","temp_mean":6.8,"temp_max":15.8,"temp_min":0.8,"humidity_mean":66.0,"wind_speed_max":11.3,"wind_gusts_max":23.4,"precipitation":0.0,"soil_temp":2.67,"elevacion_centro":16.1,"cloud_cover":4.0,"NDVI":0.26}},{"type":"Feature","geometry":{"type":"Point","coordinates":[18.81,43.9]},"properties":{"lat":43.9,"lon":18.81,"fecha":"2025-03-07","temp_mean":7.3,"temp_max":15.9,"temp_min":2.3,"humidity_mean":45.0,"wind_speed_max":9.6,"wind_gusts_max":24.1,"precipitation":0.0,"soil_temp":3.69,"elevacion_centro":839.91,"cloud_cover":47.0,"NDVI":0.21}},{"type":"Feature","geometry":{"type":"Point","coordinates":[21.24,54.58]},"properties":{"lat":54.58,"lon":21.24,"fecha":"2025-03-07","temp_mean":6.4,"temp_max":15.6,"temp_min":-0.3,"humidity_mean":66.0,"wind_speed_max":10.3,"wind_gusts_max":21.2,"precipitation":0.0,"soil_temp":2.67,"elevacion_centro":16.76,"cloud_cover":8.0,"NDVI":0.18}},{"type":"Feature","geometry":{"type":"Point","coordinates":[34.22,51.95]},"properties":{"lat":51.95,"lon":34.22,"fecha":"2025-03-08","temp_mean":6.4,"temp_max":15.2,"temp_min":0.3,"humidity_mean":67.0,"wind_speed_max":5.8,"wind_gusts_max":16.6,"precipitation":0.0,"soil_temp":2.34,"elevacion_centro":198.98,"cloud_cover":20.0,"NDVI":0.14}},{"type":"Feature","geometry":{"type":"Point","coordinates":[25.19,45.14]},"properties":{"lat":45.14,"lon":25.19,"fecha":"2025-03-08","temp_mean":7.0,"temp_max":13.2,"temp_min":3.0,"humidity_mean":44.0,"wind_speed_max":11.0,"wind_gusts_max":25.2,"precipitation":0.0,"soil_temp":4.42,"elevacion_centro":700.78,"cloud_cover":72.0,"NDVI":0.19}},{"type":"Feature","geometry":{"type":"Point","coordinates":[29.36,45.13]},"properties":{"lat":45.13,"lon":29.36,"fecha":"2025-03-08","temp_mean":7.7,"temp_max":17.4,"temp_min":0.8,"humidity_mean":60.0,"wind_speed_max":11.0,"wind_gusts_max":21.2,"precipitation":0.0,"soil_temp":6.37,"elevacion_centro":1.03,"cloud_cover":15.0,"NDVI":0.24}},{"type":"Feature","geometry":{"type":"Point","coordinates":[22.67,54.84]},"properties":{"lat":54.84,"lon":22.67,"fecha":"2025-03-09","temp_mean":5.9,"temp_max":14.9,"temp_min":-1.8,"humidity_mean":66.0,"wind_speed_max":10.3,"wind_gusts_max":20.2,"precipitation":0.0,"soil_temp":2.82,"elevacion_centro":44.67,"cloud_cover":54.0,"NDVI":0.05}},{"type":"Feature","geometry":{"type":"Point","coordinates":[25.77,43.7]},"properties":{"lat":43.7,"lon":25.77,"fecha":"2025-03-09","temp_mean":10.1,"temp_max":19.1,"temp_min":2.4,"humidity_mean":51.0,"wind_speed_max":14.8,"wind_gusts_max":27.0,"precipitation":0.0,"soil_temp":7.69,"elevacion_centro":19.2,"cloud_cover":35.0,"NDVI":0.11}},{"type":"Feature","geometry":{"type":"Point","coordinates":[29.3,44.92]},"properties":{"lat":44.92,"lon":29.3,"fecha":"2025-03-10","temp_mean":7.6,"temp_max":14.9,"temp_min":0.1,"humidity_mean":80.0,"wind_speed_max":14.3,"wind_gusts_max":30.2,"precipitation":0.0,"soil_temp":8.36,"elevacion_centro":0.68,"cloud_cover":59.0,"NDVI":0.32}},{"type":"Feature","geometry":{"type":"Point","coordinates":[21.11,51.51]},"properties":{"lat":51.51,"lon":21.11,"fecha":"2025-03-10","temp_mean":11.6,"temp_max":18.5,"temp_min":5.2,"humidity_mean":58.0,"wind_speed_max":19.0,"wind_gusts_max":34.6,"precipitation":0.0,"soil_temp":8.18,"elevacion_centro":129.2,"cloud_cover":75.0,"NDVI":0.27}},{"type":"Feature","geometry":{"type":"Point","coordinates":[26.24,53.62]},"properties":{"lat":53.62,"lon":26.24,"fecha":"2025-03-12","temp_mean":6.8,"temp_max":13.8,"temp_min":2.0,"humidity_mean":76.0,"wind_speed_max":18.0,"wind_gusts_max":34.6,"precipitation":0.0,"soil_temp":2.36,"elevacion_centro":136.72,"cloud_cover":82.0,"NDVI":0.25}},{"type":"Feature","geometry":{"type":"Point","coordinates":[29.11,44.95]},"properties":{"lat":44.95,"lon":29.11,"fecha":"2025-03-14","temp_mean":14.5,"temp_max":22.1,"temp_min":10.6,"humidity_mean":71.0,"wind_speed_max":19.2,"wind_gusts_max":36.7,"precipitation":0.0,"soil_temp":13.92,"elevacion_centro":1.85,"cloud_cover":62.0,"NDVI":0.25}},{"type":"Feature","geometry":{"type":"Point","coordinates":[34.02,37.87]},"properties":{"lat":37.87,"lon":34.02,"fecha":"2025-03-16","temp_mean":16.0,"temp_max":26.1,"temp_min":7.8,"humidity_mean":36.0,"wind_speed_max":8.8,"wind_gusts_max":21.2,"precipitation":0.0,"soil_temp":13.8,"elevacion_centro":1116.27,"cloud_cover":76.0,"NDVI":0.09}},{"type":"Feature","geometry":{"type":"Point","coordinates":[-3.85,52.45]},"properties":{"lat":52.45,"lon":-3.85,"fecha":"2025-03-19","temp_mean":6.0,"temp_max":13.7,"temp_min":-0.9,"humidity_mean":68.0,"wind_speed_max":13.9,"wind_gusts_max":31.3,"precipitation":0.0,"soil_temp":3.51,"elevacion_centro":401.47,"cloud_cover":43.0,"NDVI":0.44}},{"type":"Feature","geometry":{"type":"Point","coordinates":[31.32,54.92]},"properties":{"lat":54.92,"lon":31.32,"fecha":"2025-03-21","temp_mean":4.0,"temp_max":11.6,"temp_min":-1.6,"humidity_mean":61.0,"wind_speed_max":14.3,"wind_gusts_max":24.1,"precipitation":0.0,"soil_temp":1.27,"elevacion_centro":193.41,"cloud_cover":17.0,"NDVI":0.13}},{"type":"Feature","geometry":{"type":"Point","coordinates":[31.27,54.87]},"properties":{"lat":54.87,"lon":31.27,"fecha":"2025-03-21","temp_mean":4.1,"temp_max":11.8,"temp_min":-1.6,"humidity_mean":60.0,"wind_speed_max":14.0,"wind_gusts_max":24.5,"precipitation":0.0,"soil_temp":1.27,"elevacion_centro":185.0,"cloud_cover":21.0,"NDVI":0.16}},{"type":"Feature","geometry":{"type":"Point","coordinates":[34.07,52.22]},"properties":{"lat":52.22,"lon":34.07,"fecha":"2025-03-21","temp_mean":4.9,"temp_max":12.4,"temp_min":-0.5,"humidity_mean":61.0,"wind_speed_max":14.2,"wind_gusts_max":31.3,"precipitation":0.0,"soil_temp":2.02,"elevacion_centro":187.38,"cloud_cover":22.0,"NDVI":0.23}},{"type":"Feature","geometry":{"type":"Point","coordinates":[13.21,53.92]},"properties":{"lat":53.92,"lon":13.21,"fecha":"2025-03-22","temp_mean":6.5,"temp_max":11.5,"temp_min":2.5,"humidity_mean":66.0,"wind_speed_max":23.9,"wind_gusts_max":47.5,"precipitation":0.0,"soil_temp":5.87,"elevacion_centro":10.4,"cloud_cover":2.0,"NDVI":0.48}},{"type":"Feature","geometry":{"type":"Point","coordinates":[28.96,45.25]},"properties":{"lat":45.25,"lon":28.96,"fecha":"2025-03-22","temp_mean":8.0,"temp_max":13.0,"temp_min":3.6,"humidity_mean":66.0,"wind_speed_max":23.9,"wind_gusts_max":47.5,"precipitation":0.0,"soil_temp":7.07,"elevacion_centro":2.49,"cloud_cover":15.0,"NDVI":0.29}},{"type":"Feature","geometry":{"type":"Point","coordinates":[30.59,56.38]},"properties":{"lat":56.38,"lon":30.59,"fecha":"2025-03-22","temp_mean":1.8,"temp_max":7.8,"temp_min":-2.3,"humidity_mean":58.0,"wind_speed_max":16.1,"wind_gusts_max":37.1,"precipitation":0.0,"soil_temp":0.78,"elevacion_centro":96.04,"cloud_cover":2.0,"NDVI":0.16}},{"type":"Feature","geometry":{"type":"Point","coordinates":[13.7,52.82]},"properties":{"lat":52.82,"lon":13.7,"fecha":"2025-03-22","temp_mean":8.1,"temp_max":13.6,"temp_min":3.2,"humidity_mean":56.0,"wind_speed_max":21.1,"wind_gusts_max":46.1,"precipitation":0.0,"soil_temp":6.34,"elevacion_centro":36.15,"cloud_cover":0.0,"NDVI":0.16}},{"type":"Feature","geometry":{"type":"Point","coordinates":[19.89,54.46]},"properties":{"lat":54.46,"lon":19.89,"fecha":"2025-03-22","temp_mean":6.8,"temp_max":13.6,"temp_min":0.3,"humidity_mean":59.0,"wind_speed_max":27.6,"wind_gusts_max":60.8,"precipitation":0.0,"soil_temp":4.21,"elevacion_centro":7.12,"cloud_cover":3.0,"NDVI":0.25}},{"type":"Feature","geometry":{"type":"Point","coordinates":[27.8,59.09]},"properties":{"lat":59.09,"lon":27.8,"fecha":"2025-03-23","temp_mean":1.6,"temp_max":8.3,"temp_min":-4.2,"humidity_mean":41.0,"wind_speed_max":11.9,"wind_gusts_max":24.1,"precipitation":0.0,"soil_temp":-0.3,"elevacion_centro":36.63,"cloud_cover":37.0,"NDVI":0.14}},{"type":"Feature","geometry":{"type":"Point","coordinates":[33.5,54.93]},"properties":{"lat":54.93,"lon":33.5,"fecha":"2025-03-23","temp_mean":1.5,"temp_max":7.2,"temp_min":-4.1,"humidity_mean":56.0,"wind_speed_max":18.0,"wind_gusts_max":40.0,"precipitation":0.1,"soil_temp":0.01,"elevacion_centro":209.17,"cloud_cover":47.0,"NDVI":0.18}},{"type":"Feature","geometry":{"type":"Point","coordinates":[31.63,54.19]},"properties":{"lat":54.19,"lon":31.63,"fecha":"2025-03-23","temp_mean":1.5,"temp_max":6.2,"temp_min":-2.7,"humidity_mean":67.0,"wind_speed_max":23.7,"wind_gusts_max":44.6,"precipitation":0.8,"soil_temp":0.76,"elevacion_centro":160.54,"cloud_cover":67.0,"NDVI":0.14}},{"type":"Feature","geometry":{"type":"Point","coordinates":[31.17,54.88]},"properties":{"lat":54.88,"lon":31.17,"fecha":"2025-03-23","temp_mean":1.7,"temp_max":6.8,"temp_min":-3.5,"humidity_mean":58.0,"wind_speed_max":21.7,"wind_gusts_max":42.5,"precipitation":0.0,"soil_temp":0.08,"elevacion_centro":178.19,"cloud_cover":50.0,"NDVI":0.24}},{"type":"Feature","geometry":{"type":"Point","coordinates":[31.06,56.55]},"properties":{"lat":56.55,"lon":31.06,"fecha":"2025-03-23","temp_mean":1.1,"temp_max":6.7,"temp_min":-3.8,"humidity_mean":43.0,"wind_speed_max":15.6,"wind_gusts_max":36.7,"precipitation":0.0,"soil_temp":0.01,"elevacion_centro":102.59,"cloud_cover":19.0,"NDVI":0.76}},{"type":"Feature","geometry":{"type":"Point","coordinates":[22.86,54.8]},"properties":{"lat":54.8,"lon":22.86,"fecha":"2025-03-23","temp_mean":6.0,"temp_max":10.9,"temp_min":0.8,"humidity_mean":56.0,"wind_speed_max":25.3,"wind_gusts_max":49.7,"precipitation":0.0,"soil_temp":3.44,"elevacion_centro":45.69,"cloud_cover":19.0,"NDVI":0.35}},{"type":"Feature","geometry":{"type":"Point","coordinates":[30.42,56.33]},"properties":{"lat":56.33,"lon":30.42,"fecha":"2025-03-23","temp_mean":1.1,"temp_max":6.2,"temp_min":-3.8,"humidity_mean":48.0,"wind_speed_max":18.4,"wind_gusts_max":38.5,"precipitation":0.1,"soil_temp":0.01,"elevacion_centro":147.66,"cloud_cover":21.0,"NDVI":0.11}},{"type":"Feature","geometry":{"type":"Point","coordinates":[33.26,54.52]},"properties":{"lat":54.52,"lon":33.26,"fecha":"2025-03-23","temp_mean":1.1,"temp_max":7.1,"temp_min":-4.0,"humidity_mean":63.0,"wind_speed_max":21.3,"wind_gusts_max":42.5,"precipitation":2.2,"soil_temp":0.04,"elevacion_centro":235.57,"cloud_cover":47.0,"NDVI":0.18}},{"type":"Feature","geometry":{"type":"Point","coordinates":[29.3,45.21]},"properties":{"lat":45.21,"lon":29.3,"fecha":"2025-03-25","temp_mean":16.4,"temp_max":22.8,"temp_min":10.7,"humidity_mean":70.0,"wind_speed_max":15.1,"wind_gusts_max":27.7,"precipitation":0.0,"soil_temp":13.63,"elevacion_centro":4.13,"cloud_cover":61.0,"NDVI":0.39}},{"type":"Feature","geometry":{"type":"Point","coordinates":[29.65,45.29]},"properties":{"lat":45.29,"lon":29.65,"fecha":"2025-03-25","temp_mean":15.0,"temp_max":21.6,"temp_min":10.0,"humidity_mean":76.0,"wind_speed_max":15.1,"wind_gusts_max":28.1,"precipitation":0.2,"soil_temp":13.64,"elevacion_centro":0.73,"cloud_cover":66.0,"NDVI":0.2}},{"type":"Feature","geometry":{"type":"Point","coordinates":[-2.02,53.64]},"properties":{"lat":53.64,"lon":-2.02,"fecha":"2025-03-26","temp_mean":6.4,"temp_max":10.5,"temp_min":2.2,"humidity_mean":89.0,"wind_speed_max":15.2,"wind_gusts_max":31.3,"precipitation":0.0,"soil_temp":7.56,"elevacion_centro":378.01,"cloud_cover":65.0,"NDVI":0.44}},{"type":"Feature","geometry":{"type":"Point","coordinates":[21.01,54.75]},"properties":{"lat":54.75,"lon":21.01,"fecha":"2025-03-28","temp_mean":7.8,"temp_max":15.1,"temp_min":0.6,"humidity_mean":72.0,"wind_speed_max":12.6,"wind_gusts_max":27.4,"precipitation":0.0,"soil_temp":5.94,"elevacion_centro":14.41,"cloud_cover":11.0,"NDVI":0.23}},{"type":"Feature","geometry":{"type":"Point","coordinates":[20.57,54.61]},"properties":{"lat":54.61,"lon":20.57,"fecha":"2025-03-29","temp_mean":9.7,"temp_max":17.4,"temp_min":3.0,"humidity_mean":65.0,"wind_speed_max":13.7,"wind_gusts_max":29.2,"precipitation":0.0,"soil_temp":7.36,"elevacion_centro":27.88,"cloud_cover":24.0,"NDVI":0.26}},{"type":"Feature","geometry":{"type":"Point","coordinates":[30.59,53.22]},"properties":{"lat":53.22,"lon":30.59,"fecha":"2025-03-29","temp_mean":6.7,"temp_max":14.8,"temp_min":-0.7,"humidity_mean":67.0,"wind_speed_max":16.5,"wind_gusts_max":34.6,"precipitation":0.0,"soil_temp":4.39,"elevacion_centro":157.41,"cloud_cover":11.0,"NDVI":0.22}},{"type":"Feature","geometry":{"type":"Point","coordinates":[24.79,52.05]},"properties":{"lat":52.05,"lon":24.79,"fecha":"2025-03-30","temp_mean":9.8,"temp_max":15.8,"temp_min":2.9,"humidity_mean":60.0,"wind_speed_max":14.9,"wind_gusts_max":32.0,"precipitation":0.0,"soil_temp":8.15,"elevacion_centro":146.27,"cloud_cover":42.0,"NDVI":0.21}},{"type":"Feature","geometry":{"type":"Point","coordinates":[-7.64,41.74]},"properties":{"lat":41.74,"lon":-7.64,"fecha":"2025-03-31","temp_mean":13.2,"temp_max":20.2,"temp_min":6.4,"humidity_mean":55.0,"wind_speed_max":10.0,"wind_gusts_max":26.6,"precipitation":0.0,"soil_temp":10.29,"elevacion_centro":796.69,"cloud_cover":15.0,"NDVI":0.53}},{"type":"Feature","geometry":{"type":"Point","coordinates":[-7.87,41.45]},"properties":{"lat":41.45,"lon":-7.87,"fecha":"2025-03-31","temp_mean":13.9,"temp_max":22.4,"temp_min":6.3,"humidity_mean":59.0,"wind_speed_max":10.6,"wind_gusts_max":28.8,"precipitation":0.0,"soil_temp":11.65,"elevacion_centro":687.18,"cloud_cover":18.0,"NDVI":0.65}},{"type":"Feature","geometry":{"type":"Point","coordinates":[-7.94,41.73]},"properties":{"lat":41.73,"lon":-7.94,"fecha":"2025-03-31","temp_mean":12.8,"temp_max":18.9,"temp_min":8.0,"humidity_mean":52.0,"wind_speed_max":17.5,"wind_gusts_max":46.8,"precipitation":0.0,"soil_temp":11.65,"elevacion_centro":966.88,"cloud_cover":15.0,"NDVI":0.51}},{"type":"Feature","geometry":{"type":"Point","coordinates":[-3.92,43.08]},"properties":{"lat":43.08,"lon":-3.92,"fecha":"2025-04-01","temp_mean":10.9,"temp_max":19.5,"temp_min":5.0,"humidity_mean":67.0,"wind_speed_max":14.9,"wind_gusts_max":34.9,"precipitation":0.0,"soil_temp":11.08,"elevacion_centro":1022.74,"cloud_cover":1.0,"NDVI":0.51}},{"type":"Feature","geometry":{"type":"Point","coordinates":[30.89,55.3]},"properties":{"lat":55.3,"lon":30.89,"fecha":"2025-04-02","temp_mean":8.5,"temp_max":14.7,"temp_min":3.6,"humidity_mean":57.0,"wind_speed_max":21.0,"wind_gusts_max":45.4,"precipitation":0.0,"soil_temp":6.16,"elevacion_centro":181.55,"cloud_cover":9.0,"NDVI":0.22}},{"type":"Feature","geometry":{"type":"Point","coordinates":[24.01,53.88]},"properties":{"lat":53.88,"lon":24.01,"fecha":"2025-04-02","temp_mean":10.3,"temp_max":16.4,"temp_min":5.1,"humidity_mean":58.0,"wind_speed_max":20.9,"wind_gusts_max":44.3,"precipitation":0.0,"soil_temp":8.48,"elevacion_centro":126.65,"cloud_cover":15.0,"NDVI":0.32}},{"type":"Feature","geometry":{"type":"Point","coordinates":[31.92,54.26]},"properties":{"lat":54.26,"lon":31.92,"fecha":"2025-04-03","temp_mean":9.1,"temp_max":16.6,"temp_min":2.3,"humidity_mean":66.0,"wind_speed_max":13.3,"wind_gusts_max":32.0,"precipitation":0.0,"soil_temp":6.38,"elevacion_centro":191.75,"cloud_cover":11.0,"NDVI":0.28}},{"type":"Feature","geometry":{"type":"Point","coordinates":[18.58,50.42]},"properties":{"lat":50.42,"lon":18.58,"fecha":"2025-04-03","temp_mean":10.6,"temp_max":17.4,"temp_min":4.1,"humidity_mean":61.0,"wind_speed_max":14.6,"wind_gusts_max":30.6,"precipitation":0.0,"soil_temp":9.19,"elevacion_centro":235.25,"cloud_cover":1.0,"NDVI":0.1}},{"type":"Feature","geometry":{"type":"Point","coordinates":[32.33,54.66]},"properties":{"lat":54.66,"lon":32.33,"fecha":"2025-04-03","temp_mean":9.1,"temp_max":16.5,"temp_min":2.8,"humidity_mean":67.0,"wind_speed_max":14.9,"wind_gusts_max":29.9,"precipitation":0.0,"soil_temp":6.13,"elevacion_centro":170.74,"cloud_cover":12.0,"NDVI":0.33}},{"type":"Feature","geometry":{"type":"Point","coordinates":[31.41,54.28]},"properties":{"lat":54.28,"lon":31.41,"fecha":"2025-04-03","temp_mean":9.4,"temp_max":16.9,"temp_min":3.0,"humidity_mean":66.0,"wind_speed_max":14.2,"wind_gusts_max":31.7,"precipitation":0.0,"soil_temp":6.46,"elevacion_centro":200.74,"cloud_cover":4.0,"NDVI":0.28}},{"type":"Feature","geometry":{"type":"Point","coordinates":[5.72,52.06]},"properties":{"lat":52.06,"lon":5.72,"fecha":"2025-04-03","temp_mean":13.2,"temp_max":19.3,"temp_min":8.1,"humidity_mean":57.0,"wind_speed_max":16.8,"wind_gusts_max":37.4,"precipitation":0.0,"soil_temp":10.31,"elevacion_centro":25.01,"cloud_cover":0.0,"NDVI":0.29}},{"type":"Feature","geometry":{"type":"Point","coordinates":[31.55,55.73]},"properties":{"lat":55.73,"lon":31.55,"fecha":"2025-04-03","temp_mean":8.7,"temp_max":15.6,"temp_min":3.0,"humidity_mean":72.0,"wind_speed_max":14.4,"wind_gusts_max":31.7,"precipitation":0.0,"soil_temp":6.64,"elevacion_centro":154.73,"cloud_cover":21.0,"NDVI":0.35}},{"type":"Feature","geometry":{"type":"Point","coordinates":[33.31,54.77]},"properties":{"lat":54.77,"lon":33.31,"fecha":"2025-04-04","temp_mean":9.6,"temp_max":16.6,"temp_min":1.6,"humidity_mean":57.0,"wind_speed_max":21.6,"wind_gusts_max":48.2,"precipitation":0.0,"soil_temp":7.19,"elevacion_centro":237.36,"cloud_cover":56.0,"NDVI":0.2}},{"type":"Feature","geometry":{"type":"Point","coordinates":[33.3,55.1]},"properties":{"lat":55.1,"lon":33.3,"fecha":"2025-04-04","temp_mean":8.9,"temp_max":16.2,"temp_min":1.8,"humidity_mean":57.0,"wind_speed_max":23.1,"wind_gusts_max":45.7,"precipitation":0.0,"soil_temp":7.19,"elevacion_centro":228.32,"cloud_cover":45.0,"NDVI":0.14}},{"type":"Feature","geometry":{"type":"Point","coordinates":[33.22,54.92]},"properties":{"lat":54.92,"lon":33.22,"fecha":"2025-04-04","temp_mean":9.3,"temp_max":16.6,"temp_min":1.4,"humidity_mean":57.0,"wind_speed_max":21.8,"wind_gusts_max":47.2,"precipitation":0.0,"soil_temp":7.19,"elevacion_centro":188.18,"cloud_cover":52.0,"NDVI":0.17}},{"type":"Feature","geometry":{"type":"Point","coordinates":[-4.43,55.12]},"properties":{"lat":55.12,"lon":-4.43,"fecha":"2025-04-04","temp_mean":8.4,"temp_max":13.9,"temp_min":4.4,"humidity_mean":62.0,"wind_speed_max":22.9,"wind_gusts_max":50.8,"precipitation":0.0,"soil_temp":7.68,"elevacion_centro":414.23,"cloud_cover":4.0,"NDVI":0.4}},{"type":"Feature","geometry":{"type":"Point","coordinates":[31.49,54.31]},"properties":{"lat":54.31,"lon":31.49,"fecha":"2025-04-04","temp_mean":10.2,"temp_max":17.2,"temp_min":3.0,"humidity_mean":56.0,"wind_speed_max":24.7,"wind_gusts_max":49.3,"precipitation":0.0,"soil_temp":7.2,"elevacion_centro":203.58,"cloud_cover":45.0,"NDVI":0.26}},{"type":"Feature","geometry":{"type":"Point","coordinates":[32.87,54.34]},"properties":{"lat":54.34,"lon":32.87,"fecha":"2025-04-04","temp_mean":10.2,"temp_max":17.5,"temp_min":2.8,"humidity_mean":56.0,"wind_speed_max":24.4,"wind_gusts_max":49.7,"precipitation":0.0,"soil_temp":7.24,"elevacion_centro":230.17,"cloud_cover":44.0,"NDVI":0.23}},{"type":"Feature","geometry":{"type":"Point","coordinates":[32.52,54.81]},"properties":{"lat":54.81,"lon":32.52,"fecha":"2025-04-04","temp_mean":9.5,"temp_max":16.8,"temp_min":2.4,"humidity_mean":57.0,"wind_speed_max":23.6,"wind_gusts_max":41.8,"precipitation":0.0,"soil_temp":7.12,"elevacion_centro":178.82,"cloud_cover":48.0,"NDVI":0.23}},{"type":"Feature","geometry":{"type":"Point","coordinates":[4.51,52.02]},"properties":{"lat":52.02,"lon":4.51,"fecha":"2025-04-05","temp_mean":9.8,"temp_max":14.6,"temp_min":5.9,"humidity_mean":68.0,"wind_speed_max":17.7,"wind_gusts_max":38.2,"precipitation":0.0,"soil_temp":9.72,"elevacion_centro":-3.41,"cloud_cover":15.0,"NDVI":-0.03}},{"type":"Feature","geometry":{"type":"Point","coordinates":[-6.0,54.18]},"properties":{"lat":54.18,"lon":-6.0,"fecha":"2025-04-06","temp_mean":4.9,"temp_max":7.2,"temp_min":2.8,"humidity_mean":78.0,"wind_speed_max":19.3,"wind_gusts_max":46.4,"precipitation":0.0,"soil_temp":7.64,"elevacion_centro":475.22,"cloud_cover":7.0,"NDVI":0.31}},{"type":"Feature","geometry":{"type":"Point","coordinates":[-5.51,55.96]},"properties":{"lat":55.96,"lon":-5.51,"fecha":"2025-04-06","temp_mean":8.0,"temp_max":14.1,"temp_min":2.7,"humidity_mean":69.0,"wind_speed_max":16.4,"wind_gusts_max":37.4,"precipitation":0.0,"soil_temp":6.48,"elevacion_centro":192.21,"cloud_cover":19.0,"NDVI":0.28}},{"type":"Feature","geometry":{"type":"Point","coordinates":[-3.76,52.25]},"properties":{"lat":52.25,"lon":-3.76,"fecha":"2025-04-07","temp_mean":7.3,"temp_max":12.8,"temp_min":2.1,"humidity_mean":65.0,"wind_speed_max":17.3,"wind_gusts_max":32.4,"precipitation":0.0,"soil_temp":6.54,"elevacion_centro":444.16,"cloud_cover":0.0,"NDVI":0.23}},{"type":"Feature","geometry":{"type":"Point","coordinates":[10.57,46.61]},"properties":{"lat":46.61,"lon":10.57,"fecha":"2025-04-10","temp_mean":7.1,"temp_max":13.9,"temp_min":1.4,"humidity_mean":60.0,"wind_speed_max":8.6,"wind_gusts_max":47.2,"precipitation":0.0,"soil_temp":0.8,"elevacion_centro":1059.01,"cloud_cover":50.0,"NDVI":0.36}},{"type":"Feature","geometry":{"type":"Point","coordinates":[-3.59,55.53]},"properties":{"lat":55.53,"lon":-3.59,"fecha":"2025-04-10","temp_mean":8.4,"temp_max":14.9,"temp_min":2.6,"humidity_mean":75.0,"wind_speed_max":16.4,"wind_gusts_max":32.8,"precipitation":0.0,"soil_temp":7.17,"elevacion_centro":470.96,"cloud_cover":16.0,"NDVI":0.51}},{"type":"Feature","geometry":{"type":"Point","coordinates":[4.74,51.46]},"properties":{"lat":51.46,"lon":4.74,"fecha":"2025-04-10","temp_mean":9.6,"temp_max":14.1,"temp_min":4.9,"humidity_mean":71.0,"wind_speed_max":12.6,"wind_gusts_max":28.1,"precipitation":0.0,"soil_temp":9.37,"elevacion_centro":10.69,"cloud_cover":44.0,"NDVI":0.37}},{"type":"Feature","geometry":{"type":"Point","coordinates":[-7.63,55.14]},"properties":{"lat":55.14,"lon":-7.63,"fecha":"2025-04-11","temp_mean":9.1,"temp_max":17.5,"temp_min":2.2,"humidity_mean":75.0,"wind_speed_max":13.1,"wind_gusts_max":28.8,"precipitation":0.0,"soil_temp":9.93,"elevacion_centro":193.11,"cloud_cover":56.0,"NDVI":0.43}},{"type":"Feature","geometry":{"type":"Point","coordinates":[21.96,54.64]},"properties":{"lat":54.64,"lon":21.96,"fecha":"2025-04-12","temp_mean":7.3,"temp_max":14.6,"temp_min":-2.2,"humidity_mean":70.0,"wind_speed_max":25.1,"wind_gusts_max":48.2,"precipitation":0.0,"soil_temp":4.68,"elevacion_centro":49.86,"cloud_cover":74.0,"NDVI":0.41}},{"type":"Feature","geometry":{"type":"Point","coordinates":[25.84,52.84]},"properties":{"lat":52.84,"lon":25.84,"fecha":"2025-04-13","temp_mean":10.8,"temp_max":17.7,"temp_min":3.5,"humidity_mean":55.0,"wind_speed_max":14.4,"wind_gusts_max":29.2,"precipitation":0.0,"soil_temp":7.9,"elevacion_centro":152.44,"cloud_cover":41.0,"NDVI":0.36}},{"type":"Feature","geometry":{"type":"Point","coordinates":[32.45,55.24]},"properties":{"lat":55.24,"lon":32.45,"fecha":"2025-04-16","temp_mean":11.8,"temp_max":18.4,"temp_min":3.2,"humidity_mean":53.0,"wind_speed_max":20.7,"wind_gusts_max":38.9,"precipitation":0.0,"soil_temp":7.87,"elevacion_centro":210.1,"cloud_cover":78.0,"NDVI":0.18}},{"type":"Feature","geometry":{"type":"Point","coordinates":[34.31,51.36]},"properties":{"lat":51.36,"lon":34.31,"fecha":"2025-04-18","temp_mean":15.9,"temp_max":22.9,"temp_min":10.0,"humidity_mean":55.0,"wind_speed_max":17.4,"wind_gusts_max":37.1,"precipitation":0.0,"soil_temp":13.28,"elevacion_centro":143.19,"cloud_cover":31.0,"NDVI":0.24}},{"type":"Feature","geometry":{"type":"Point","coordinates":[31.17,54.83]},"properties":{"lat":54.83,"lon":31.17,"fecha":"2025-04-18","temp_mean":17.1,"temp_max":24.2,"temp_min":10.1,"humidity_mean":61.0,"wind_speed_max":16.8,"wind_gusts_max":34.9,"precipitation":0.0,"soil_temp":12.2,"elevacion_centro":192.7,"cloud_cover":24.0,"NDVI":0.28}},{"type":"Feature","geometry":{"type":"Point","coordinates":[22.39,54.53]},"properties":{"lat":54.53,"lon":22.39,"fecha":"2025-04-18","temp_mean":20.3,"temp_max":27.4,"temp_min":14.6,"humidity_mean":63.0,"wind_speed_max":15.8,"wind_gusts_max":27.7,"precipitation":1.0,"soil_temp":16.67,"elevacion_centro":77.3,"cloud_cover":64.0,"NDVI":0.26}},{"type":"Feature","geometry":{"type":"Point","coordinates":[30.06,55.93]},"properties":{"lat":55.93,"lon":30.06,"fecha":"2025-04-19","temp_mean":17.7,"temp_max":24.1,"temp_min":11.9,"humidity_mean":53.0,"wind_speed_max":19.2,"wind_gusts_max":40.7,"precipitation":0.0,"soil_temp":13.92,"elevacion_centro":175.24,"cloud_cover":2.0,"NDVI":0.23}},{"type":"Feature","geometry":{"type":"Point","coordinates":[31.83,54.19]},"properties":{"lat":54.19,"lon":31.83,"fecha":"2025-04-19","temp_mean":16.4,"temp_max":23.2,"temp_min":10.1,"humidity_mean":52.0,"wind_speed_max":18.6,"wind_gusts_max":40.3,"precipitation":0.0,"soil_temp":12.93,"elevacion_centro":217.28,"cloud_cover":15.0,"NDVI":0.21}},{"type":"Feature","geometry":{"type":"Point","coordinates":[30.84,38.42]},"properties":{"lat":38.42,"lon":30.84,"fecha":"2025-04-19","temp_mean":16.5,"temp_max":23.6,"temp_min":10.0,"humidity_mean":53.0,"wind_speed_max":17.4,"wind_gusts_max":45.7,"precipitation":0.1,"soil_temp":14.52,"elevacion_centro":997.94,"cloud_cover":11.0,"NDVI":0.18}},{"type":"Feature","geometry":{"type":"Point","coordinates":[34.36,53.99]},"properties":{"lat":53.99,"lon":34.36,"fecha":"2025-04-20","temp_mean":15.7,"temp_max":23.7,"temp_min":8.9,"humidity_mean":50.0,"wind_speed_max":14.3,"wind_gusts_max":33.5,"precipitation":0.0,"soil_temp":12.67,"elevacion_centro":187.24,"cloud_cover":1.0,"NDVI":0.25}},{"type":"Feature","geometry":{"type":"Point","coordinates":[-0.25,35.81]},"properties":{"lat":35.81,"lon":-0.25,"fecha":"2025-04-20","temp_mean":15.9,"temp_max":20.2,"temp_min":13.5,"humidity_mean":61.0,"wind_speed_max":29.1,"wind_gusts_max":60.1,"precipitation":2.6,"soil_temp":18.05,"elevacion_centro":1.4,"cloud_cover":52.0,"NDVI":0.07}},{"type":"Feature","geometry":{"type":"Point","coordinates":[32.46,54.63]},"properties":{"lat":54.63,"lon":32.46,"fecha":"2025-04-20","temp_mean":15.9,"temp_max":23.2,"temp_min":8.8,"humidity_mean":49.0,"wind_speed_max":17.2,"wind_gusts_max":37.4,"precipitation":0.0,"soil_temp":12.32,"elevacion_centro":170.55,"cloud_cover":23.0,"NDVI":0.17}},{"type":"Feature","geometry":{"type":"Point","coordinates":[31.94,52.09]},"properties":{"lat":52.09,"lon":31.94,"fecha":"2025-04-20","temp_mean":15.4,"temp_max":23.9,"temp_min":6.3,"humidity_mean":53.0,"wind_speed_max":10.8,"wind_gusts_max":25.9,"precipitation":0.0,"soil_temp":13.02,"elevacion_centro":127.42,"cloud_cover":14.0,"NDVI":0.23}},{"type":"Feature","geometry":{"type":"Point","coordinates":[34.62,56.12]},"properties":{"lat":56.12,"lon":34.62,"fecha":"2025-04-20","temp_mean":16.6,"temp_max":23.5,"temp_min":8.8,"humidity_mean":45.0,"wind_speed_max":19.0,"wind_gusts_max":39.6,"precipitation":0.0,"soil_temp":13.48,"elevacion_centro":196.07,"cloud_cover":9.0,"NDVI":0.17}},{"type":"Feature","geometry":{"type":"Point","coordinates":[26.17,52.06]},"properties":{"lat":52.06,"lon":26.17,"fecha":"2025-04-20","temp_mean":16.0,"temp_max":23.0,"temp_min":10.4,"humidity_mean":71.0,"wind_speed_max":12.4,"wind_gusts_max":27.0,"precipitation":0.6,"soil_temp":14.83,"elevacion_centro":136.32,"cloud_cover":54.0,"NDVI":0.28}},{"type":"Feature","geometry":{"type":"Point","coordinates":[31.48,54.2]},"properties":{"lat":54.2,"lon":31.48,"fecha":"2025-04-21","temp_mean":17.2,"temp_max":24.5,"temp_min":10.6,"humidity_mean":44.0,"wind_speed_max":17.8,"wind_gusts_max":34.9,"precipitation":0.0,"soil_temp":13.06,"elevacion_centro":213.54,"cloud_cover":15.0,"NDVI":0.23}},{"type":"Feature","geometry":{"type":"Point","coordinates":[28.64,52.14]},"properties":{"lat":52.14,"lon":28.64,"fecha":"2025-04-21","temp_mean":17.7,"temp_max":25.9,"temp_min":9.1,"humidity_mean":45.0,"wind_speed_max":11.2,"wind_gusts_max":27.0,"precipitation":0.0,"soil_temp":14.62,"elevacion_centro":119.33,"cloud_cover":4.0,"NDVI":0.19}},{"type":"Feature","geometry":{"type":"Point","coordinates":[27.25,51.98]},"properties":{"lat":51.98,"lon":27.25,"fecha":"2025-04-21","temp_mean":17.1,"temp_max":25.1,"temp_min":8.5,"humidity_mean":61.0,"wind_speed_max":12.9,"wind_gusts_max":28.4,"precipitation":0.0,"soil_temp":15.57,"elevacion_centro":126.53,"cloud_cover":24.0,"NDVI":0.22}},{"type":"Feature","geometry":{"type":"Point","coordinates":[28.96,52.16]},"properties":{"lat":52.16,"lon":28.96,"fecha":"2025-04-21","temp_mean":17.7,"temp_max":26.0,"temp_min":9.4,"humidity_mean":46.0,"wind_speed_max":11.5,"wind_gusts_max":27.0,"precipitation":0.0,"soil_temp":14.62,"elevacion_centro":117.93,"cloud_cover":8.0,"NDVI":0.27}},{"type":"Feature","geometry":{"type":"Point","coordinates":[33.29,52.77]},"properties":{"lat":52.77,"lon":33.29,"fecha":"2025-04-22","temp_mean":17.3,"temp_max":24.5,"temp_min":10.3,"humidity_mean":51.0,"wind_speed_max":10.7,"wind_gusts_max":24.8,"precipitation":0.0,"soil_temp":14.21,"elevacion_centro":136.51,"cloud_cover":9.0,"NDVI":0.28}},{"type":"Feature","geometry":{"type":"Point","coordinates":[29.25,51.51]},"properties":{"lat":51.51,"lon":29.25,"fecha":"2025-04-22","temp_mean":18.0,"temp_max":26.0,"temp_min":9.9,"humidity_mean":49.0,"wind_speed_max":12.2,"wind_gusts_max":27.0,"precipitation":0.0,"soil_temp":15.61,"elevacion_centro":148.69,"cloud_cover":0.0,"NDVI":0.53}},{"type":"Feature","geometry":{"type":"Point","coordinates":[32.0,54.34]},"properties":{"lat":54.34,"lon":32.0,"fecha":"2025-04-23","temp_mean":15.5,"temp_max":22.5,"temp_min":10.1,"humidity_mean":69.0,"wind_speed_max":19.7,"wind_gusts_max":38.5,"precipitation":2.6,"soil_temp":13.89,"elevacion_centro":204.43,"cloud_cover":41.0,"NDVI":0.2}},{"type":"Feature","geometry":{"type":"Point","coordinates":[33.09,52.33]},"properties":{"lat":52.33,"lon":33.09,"fecha":"2025-04-23","temp_mean":18.2,"temp_max":25.4,"temp_min":9.7,"humidity_mean":49.0,"wind_speed_max":10.8,"wind_gusts_max":22.7,"precipitation":0.0,"soil_temp":14.84,"elevacion_centro":186.73,"cloud_cover":10.0,"NDVI":0.75}},{"type":"Feature","geometry":{"type":"Point","coordinates":[8.22,44.07]},"properties":{"lat":44.07,"lon":8.22,"fecha":"2025-04-28","temp_mean":17.8,"temp_max":21.7,"temp_min":14.7,"humidity_mean":68.0,"wind_speed_max":21.6,"wind_gusts_max":47.9,"precipitation":0.2,"soil_temp":14.9,"elevacion_centro":2.08,"cloud_cover":43.0,"NDVI":0.16}},{"type":"Feature","geometry":{"type":"Point","coordinates":[-8.25,41.5]},"properties":{"lat":41.5,"lon":-8.25,"fecha":"2025-04-29","temp_mean":17.9,"temp_max":24.5,"temp_min":12.4,"humidity_mean":60.0,"wind_speed_max":19.4,"wind_gusts_max":45.7,"precipitation":0.0,"soil_temp":14.93,"elevacion_centro":385.08,"cloud_cover":63.0,"NDVI":0.43}},{"type":"Feature","geometry":{"type":"Point","coordinates":[4.74,52.18]},"properties":{"lat":52.18,"lon":4.74,"fecha":"2025-05-01","temp_mean":18.0,"temp_max":25.2,"temp_min":10.6,"humidity_mean":69.0,"wind_speed_max":9.9,"wind_gusts_max":22.7,"precipitation":0.0,"soil_temp":17.06,"elevacion_centro":-0.9,"cloud_cover":36.0,"NDVI":0.22}},{"type":"Feature","geometry":{"type":"Point","coordinates":[27.08,52.13]},"properties":{"lat":52.13,"lon":27.08,"fecha":"2025-05-11","temp_mean":7.4,"temp_max":13.0,"temp_min":1.4,"humidity_mean":63.0,"wind_speed_max":14.4,"wind_gusts_max":33.8,"precipitation":0.1,"soil_temp":8.12,"elevacion_centro":128.63,"cloud_cover":20.0,"NDVI":0.26}},{"type":"Feature","geometry":{"type":"Point","coordinates":[8.74,55.91]},"properties":{"lat":55.91,"lon":8.74,"fecha":"2025-05-13","temp_mean":12.3,"temp_max":17.9,"temp_min":4.5,"humidity_mean":69.0,"wind_speed_max":21.5,"wind_gusts_max":44.3,"precipitation":0.0,"soil_temp":11.66,"elevacion_centro":20.85,"cloud_cover":63.0,"NDVI":0.6}},{"type":"Feature","geometry":{"type":"Point","coordinates":[7.02,53.1]},"properties":{"lat":53.1,"lon":7.02,"fecha":"2025-05-13","temp_mean":13.8,"temp_max":19.5,"temp_min":7.4,"humidity_mean":59.0,"wind_speed_max":16.3,"wind_gusts_max":29.9,"precipitation":0.0,"soil_temp":14.08,"elevacion_centro":3.52,"cloud_cover":10.0,"NDVI":0.27}},{"type":"Feature","geometry":{"type":"Point","coordinates":[13.0,60.85]},"properties":{"lat":60.85,"lon":13.0,"fecha":"2025-05-19","temp_mean":14.5,"temp_max":22.3,"temp_min":4.8,"humidity_mean":42.0,"wind_speed_max":16.5,"wind_gusts_max":38.5,"precipitation":0.0,"soil_temp":10.55,"elevacion_centro":435.0,"cloud_cover":13.0,"NDVI":0.52}},{"type":"Feature","geometry":{"type":"Point","coordinates":[14.31,37.12]},"properties":{"lat":37.12,"lon":14.31,"fecha":"2025-05-20","temp_mean":20.8,"temp_max":25.9,"temp_min":14.3,"humidity_mean":75.0,"wind_speed_max":14.1,"wind_gusts_max":32.4,"precipitation":0.0,"soil_temp":22.86,"elevacion_centro":40.99,"cloud_cover":43.0,"NDVI":0.5}},{"type":"Feature","geometry":{"type":"Point","coordinates":[33.34,38.49]},"properties":{"lat":38.49,"lon":33.34,"fecha":"2025-05-20","temp_mean":17.8,"temp_max":24.5,"temp_min":9.9,"humidity_mean":31.0,"wind_speed_max":20.2,"wind_gusts_max":40.7,"precipitation":0.0,"soil_temp":17.69,"elevacion_centro":925.19,"cloud_cover":0.0,"NDVI":0.11}},{"type":"Feature","geometry":{"type":"Point","coordinates":[2.96,42.59]},"properties":{"lat":42.59,"lon":2.96,"fecha":"2025-05-26","temp_mean":21.7,"temp_max":27.3,"temp_min":17.5,"humidity_mean":49.0,"wind_speed_max":25.3,"wind_gusts_max":51.8,"precipitation":0.0,"soil_temp":21.79,"elevacion_centro":16.82,"cloud_cover":48.0,"NDVI":0.73}},{"type":"Feature","geometry":{"type":"Point","coordinates":[-7.8,37.89]},"properties":{"lat":37.89,"lon":-7.8,"fecha":"2025-05-29","temp_mean":28.5,"temp_max":37.2,"temp_min":19.2,"humidity_mean":33.0,"wind_speed_max":20.7,"wind_gusts_max":43.9,"precipitation":0.0,"soil_temp":25.88,"elevacion_centro":144.33,"cloud_cover":20.0,"NDVI":0.49}},{"type":"Feature","geometry":{"type":"Point","coordinates":[17.76,40.59]},"properties":{"lat":40.59,"lon":17.76,"fecha":"2025-06-02","temp_mean":22.9,"temp_max":30.7,"temp_min":15.9,"humidity_mean":63.0,"wind_speed_max":18.8,"wind_gusts_max":37.1,"precipitation":0.0,"soil_temp":26.68,"elevacion_centro":74.98,"cloud_cover":4.0,"NDVI":0.53}},{"type":"Feature","geometry":{"type":"Point","coordinates":[30.59,59.94]},"properties":{"lat":59.94,"lon":30.59,"fecha":"2025-06-02","temp_mean":14.2,"temp_max":19.6,"temp_min":6.5,"humidity_mean":71.0,"wind_speed_max":17.7,"wind_gusts_max":36.0,"precipitation":1.2,"soil_temp":12.61,"elevacion_centro":21.03,"cloud_cover":81.0,"NDVI":0.57}},{"type":"Feature","geometry":{"type":"Point","coordinates":[-4.31,39.68]},"properties":{"lat":39.68,"lon":-4.31,"fecha":"2025-06-07","temp_mean":24.8,"temp_max":32.0,"temp_min":17.6,"humidity_mean":30.0,"wind_speed_max":18.5,"wind_gusts_max":37.1,"precipitation":0.0,"soil_temp":22.43,"elevacion_centro":672.14,"cloud_cover":3.0,"NDVI":0.37}},{"type":"Feature","geometry":{"type":"Point","coordinates":[14.38,37.32]},"properties":{"lat":37.32,"lon":14.38,"fecha":"2025-06-08","temp_mean":26.4,"temp_max":32.9,"temp_min":20.0,"humidity_mean":24.0,"wind_speed_max":23.0,"wind_gusts_max":47.9,"precipitation":0.0,"soil_temp":26.39,"elevacion_centro":600.5,"cloud_cover":0.0,"NDVI":0.61}},{"type":"Feature","geometry":{"type":"Point","coordinates":[16.13,41.02]},"properties":{"lat":41.02,"lon":16.13,"fecha":"2025-06-11","temp_mean":23.6,"temp_max":29.4,"temp_min":17.7,"humidity_mean":49.0,"wind_speed_max":16.2,"wind_gusts_max":35.6,"precipitation":0.0,"soil_temp":27.27,"elevacion_centro":476.61,"cloud_cover":1.0,"NDVI":0.59}},{"type":"Feature","geometry":{"type":"Point","coordinates":[27.34,38.48]},"properties":{"lat":38.48,"lon":27.34,"fecha":"2025-06-13","temp_mean":25.9,"temp_max":33.0,"temp_min":20.0,"humidity_mean":48.0,"wind_speed_max":15.4,"wind_gusts_max":43.2,"precipitation":0.0,"soil_temp":28.79,"elevacion_centro":242.17,"cloud_cover":0.0,"NDVI":0.19}},{"type":"Feature","geometry":{"type":"Point","coordinates":[4.9,43.63]},"properties":{"lat":43.63,"lon":4.9,"fecha":"2025-06-13","temp_mean":25.3,"temp_max":32.7,"temp_min":17.3,"humidity_mean":56.0,"wind_speed_max":16.8,"wind_gusts_max":36.0,"precipitation":0.0,"soil_temp":29.3,"elevacion_centro":41.69,"cloud_cover":28.0,"NDVI":0.79}},{"type":"Feature","geometry":{"type":"Point","coordinates":[26.93,38.7]},"properties":{"lat":38.7,"lon":26.93,"fecha":"2025-06-14","temp_mean":23.9,"temp_max":30.5,"temp_min":18.6,"humidity_mean":41.0,"wind_speed_max":27.7,"wind_gusts_max":57.6,"precipitation":0.0,"soil_temp":26.4,"elevacion_centro":104.68,"cloud_cover":0.0,"NDVI":0.37}},{"type":"Feature","geometry":{"type":"Point","coordinates":[14.23,37.33]},"properties":{"lat":37.33,"lon":14.23,"fecha":"2025-06-14","temp_mean":25.4,"temp_max":32.9,"temp_min":19.4,"humidity_mean":46.0,"wind_speed_max":22.8,"wind_gusts_max":48.2,"precipitation":0.0,"soil_temp":28.07,"elevacion_centro":336.81,"cloud_cover":6.0,"NDVI":0.24}},{"type":"Feature","geometry":{"type":"Point","coordinates":[4.29,51.56]},"properties":{"lat":51.56,"lon":4.29,"fecha":"2025-06-15","temp_mean":17.4,"temp_max":20.0,"temp_min":14.4,"humidity_mean":69.0,"wind_speed_max":19.5,"wind_gusts_max":41.8,"precipitation":0.1,"soil_temp":19.03,"elevacion_centro":2.1,"cloud_cover":31.0,"NDVI":0.51}},{"type":"Feature","geometry":{"type":"Point","coordinates":[5.26,35.72]},"properties":{"lat":35.72,"lon":5.26,"fecha":"2025-06-15","temp_mean":23.7,"temp_max":29.8,"temp_min":18.0,"humidity_mean":24.0,"wind_speed_max":13.0,"wind_gusts_max":33.8,"precipitation":0.0,"soil_temp":30.25,"elevacion_centro":1316.99,"cloud_cover":50.0,"NDVI":0.39}},{"type":"Feature","geometry":{"type":"Point","coordinates":[17.05,60.33]},"properties":{"lat":60.33,"lon":17.05,"fecha":"2025-06-15","temp_mean":19.7,"temp_max":26.1,"temp_min":11.9,"humidity_mean":59.0,"wind_speed_max":12.6,"wind_gusts_max":28.8,"precipitation":0.0,"soil_temp":17.74,"elevacion_centro":54.02,"cloud_cover":90.0,"NDVI":0.39}},{"type":"Feature","geometry":{"type":"Point","coordinates":[9.0,39.54]},"properties":{"lat":39.54,"lon":9.0,"fecha":"2025-06-15","temp_mean":29.1,"temp_max":38.8,"temp_min":21.0,"humidity_mean":33.0,"wind_speed_max":21.9,"wind_gusts_max":47.9,"precipitation":0.0,"soil_temp":29.63,"elevacion_centro":233.11,"cloud_cover":13.0,"NDVI":0.69}},{"type":"Feature","geometry":{"type":"Point","coordinates":[9.23,36.68]},"properties":{"lat":36.68,"lon":9.23,"fecha":"2025-06-15","temp_mean":29.0,"temp_max":36.8,"temp_min":19.9,"humidity_mean":33.0,"wind_speed_max":14.3,"wind_gusts_max":33.5,"precipitation":0.0,"soil_temp":27.1,"elevacion_centro":122.95,"cloud_cover":3.0,"NDVI":0.24}},{"type":"Feature","geometry":{"type":"Point","coordinates":[27.52,37.62]},"properties":{"lat":37.62,"lon":27.52,"fecha":"2025-06-15","temp_mean":26.4,"temp_max":32.6,"temp_min":20.4,"humidity_mean":33.0,"wind_speed_max":27.2,"wind_gusts_max":56.2,"precipitation":0.0,"soil_temp":27.6,"elevacion_centro":49.41,"cloud_cover":0.0,"NDVI":0.34}},{"type":"Feature","geometry":{"type":"Point","coordinates":[13.96,37.57]},"properties":{"lat":37.57,"lon":13.96,"fecha":"2025-06-15","temp_mean":27.4,"temp_max":36.8,"temp_min":17.2,"humidity_mean":42.0,"wind_speed_max":15.9,"wind_gusts_max":37.8,"precipitation":0.0,"soil_temp":27.82,"elevacion_centro":432.71,"cloud_cover":5.0,"NDVI":0.26}},{"type":"Feature","geometry":{"type":"Point","coordinates":[28.13,39.59]},"properties":{"lat":39.59,"lon":28.13,"fecha":"2025-06-19","temp_mean":23.8,"temp_max":31.0,"temp_min":16.5,"humidity_mean":52.0,"wind_speed_max":24.3,"wind_gusts_max":48.2,"precipitation":0.0,"soil_temp":24.78,"elevacion_centro":180.93,"cloud_cover":8.0,"NDVI":0.35}},{"type":"Feature","geometry":{"type":"Point","coordinates":[8.78,40.44]},"properties":{"lat":40.44,"lon":8.78,"fecha":"2025-06-20","temp_mean":25.8,"temp_max":32.6,"temp_min":19.3,"humidity_mean":46.0,"wind_speed_max":21.5,"wind_gusts_max":44.6,"precipitation":0.0,"soil_temp":26.62,"elevacion_centro":365.48,"cloud_cover":0.0,"NDVI":0.31}},{"type":"Feature","geometry":{"type":"Point","coordinates":[2.87,36.4]},"properties":{"lat":36.4,"lon":2.87,"fecha":"2025-06-21","temp_mean":23.4,"temp_max":29.7,"temp_min":16.5,"humidity_mean":31.0,"wind_speed_max":12.5,"wind_gusts_max":35.6,"precipitation":0.0,"soil_temp":29.06,"elevacion_centro":1156.5,"cloud_cover":0.0,"NDVI":0.42}},{"type":"Feature","geometry":{"type":"Point","coordinates":[1.24,41.64]},"properties":{"lat":41.64,"lon":1.24,"fecha":"2025-06-21","temp_mean":27.3,"temp_max":34.8,"temp_min":20.8,"humidity_mean":44.0,"wind_speed_max":22.0,"wind_gusts_max":45.0,"precipitation":0.0,"soil_temp":28.33,"elevacion_centro":534.8,"cloud_cover":27.0,"NDVI":0.32}},{"type":"Feature","geometry":{"type":"Point","coordinates":[27.86,39.13]},"properties":{"lat":39.13,"lon":27.86,"fecha":"2025-06-22","temp_mean":21.3,"temp_max":27.0,"temp_min":16.5,"humidity_mean":47.0,"wind_speed_max":31.8,"wind_gusts_max":64.8,"precipitation":0.0,"soil_temp":23.67,"elevacion_centro":334.32,"cloud_cover":0.0,"NDVI":0.57}},{"type":"Feature","geometry":{"type":"Point","coordinates":[26.12,38.36]},"properties":{"lat":38.36,"lon":26.12,"fecha":"2025-06-22","temp_mean":24.2,"temp_max":28.6,"temp_min":20.8,"humidity_mean":39.0,"wind_speed_max":30.3,"wind_gusts_max":70.9,"precipitation":0.0,"soil_temp":28.93,"elevacion_centro":95.32,"cloud_cover":0.0,"NDVI":0.74}},{"type":"Feature","geometry":{"type":"Point","coordinates":[18.41,42.82]},"properties":{"lat":42.82,"lon":18.41,"fecha":"2025-06-23","temp_mean":21.6,"temp_max":28.6,"temp_min":12.4,"humidity_mean":56.0,"wind_speed_max":13.4,"wind_gusts_max":34.9,"precipitation":0.0,"soil_temp":21.23,"elevacion_centro":495.01,"cloud_cover":0.0,"NDVI":0.87}},{"type":"Feature","geometry":{"type":"Point","coordinates":[26.04,38.33]},"properties":{"lat":38.33,"lon":26.04,"fecha":"2025-06-23","temp_mean":24.7,"temp_max":29.8,"temp_min":19.4,"humidity_mean":32.0,"wind_speed_max":28.1,"wind_gusts_max":66.6,"precipitation":0.0,"soil_temp":29.35,"elevacion_centro":392.89,"cloud_cover":0.0,"NDVI":0.59}},{"type":"Feature","geometry":{"type":"Point","coordinates":[26.37,39.75]},"properties":{"lat":39.75,"lon":26.37,"fecha":"2025-06-24","temp_mean":26.0,"temp_max":33.5,"temp_min":17.9,"humidity_mean":38.0,"wind_speed_max":22.8,"wind_gusts_max":45.4,"precipitation":0.0,"soil_temp":27.48,"elevacion_centro":63.41,"cloud_cover":0.0,"NDVI":0.73}},{"type":"Feature","geometry":{"type":"Point","coordinates":[16.08,39.63]},"properties":{"lat":39.63,"lon":16.08,"fecha":"2025-06-24","temp_mean":24.6,"temp_max":30.4,"temp_min":19.8,"humidity_mean":74.0,"wind_speed_max":12.9,"wind_gusts_max":31.7,"precipitation":0.0,"soil_temp":24.35,"elevacion_centro":304.77,"cloud_cover":12.0,"NDVI":0.56}},{"type":"Feature","geometry":{"type":"Point","coordinates":[24.25,41.15]},"properties":{"lat":41.15,"lon":24.25,"fecha":"2025-06-24","temp_mean":25.4,"temp_max":32.5,"temp_min":17.5,"humidity_mean":47.0,"wind_speed_max":12.6,"wind_gusts_max":31.0,"precipitation":0.0,"soil_temp":28.04,"elevacion_centro":257.3,"cloud_cover":0.0,"NDVI":0.35}},{"type":"Feature","geometry":{"type":"Point","coordinates":[13.94,37.19]},"properties":{"lat":37.19,"lon":13.94,"fecha":"2025-06-25","temp_mean":26.0,"temp_max":31.3,"temp_min":21.3,"humidity_mean":63.0,"wind_speed_max":16.9,"wind_gusts_max":36.7,"precipitation":0.0,"soil_temp":29.09,"elevacion_centro":105.73,"cloud_cover":0.0,"NDVI":0.48}},{"type":"Feature","geometry":{"type":"Point","coordinates":[-0.37,40.83]},"properties":{"lat":40.83,"lon":-0.37,"fecha":"2025-06-25","temp_mean":26.8,"temp_max":33.5,"temp_min":20.5,"humidity_mean":22.0,"wind_speed_max":25.9,"wind_gusts_max":55.4,"precipitation":0.0,"soil_temp":28.03,"elevacion_centro":1009.06,"cloud_cover":2.0,"NDVI":0.59}},{"type":"Feature","geometry":{"type":"Point","coordinates":[19.69,46.84]},"properties":{"lat":46.84,"lon":19.69,"fecha":"2025-06-25","temp_mean":28.0,"temp_max":34.3,"temp_min":20.0,"humidity_mean":45.0,"wind_speed_max":16.8,"wind_gusts_max":38.5,"precipitation":0.0,"soil_temp":29.55,"elevacion_centro":117.2,"cloud_cover":3.0,"NDVI":0.53}},{"type":"Feature","geometry":{"type":"Point","coordinates":[27.94,44.1]},"properties":{"lat":44.1,"lon":27.94,"fecha":"2025-06-25","temp_mean":26.6,"temp_max":32.7,"temp_min":19.5,"humidity_mean":46.0,"wind_speed_max":15.5,"wind_gusts_max":31.3,"precipitation":0.0,"soil_temp":28.88,"elevacion_centro":88.67,"cloud_cover":3.0,"NDVI":0.81}},{"type":"Feature","geometry":{"type":"Point","coordinates":[12.74,37.72]},"properties":{"lat":37.72,"lon":12.74,"fecha":"2025-06-26","temp_mean":29.1,"temp_max":35.3,"temp_min":21.1,"humidity_mean":44.0,"wind_speed_max":19.6,"wind_gusts_max":38.5,"precipitation":0.0,"soil_temp":30.47,"elevacion_centro":112.54,"cloud_cover":0.0,"NDVI":0.26}},{"type":"Feature","geometry":{"type":"Point","coordinates":[23.94,37.69]},"properties":{"lat":37.69,"lon":23.94,"fecha":"2025-06-26","temp_mean":32.0,"temp_max":37.0,"temp_min":25.9,"humidity_mean":27.0,"wind_speed_max":32.2,"wind_gusts_max":62.3,"precipitation":0.0,"soil_temp":34.3,"elevacion_centro":68.84,"cloud_cover":0.0,"NDVI":0.34}},{"type":"Feature","geometry":{"type":"Point","coordinates":[27.36,38.53]},"properties":{"lat":38.53,"lon":27.36,"fecha":"2025-06-26","temp_mean":29.0,"temp_max":35.7,"temp_min":22.0,"humidity_mean":30.0,"wind_speed_max":14.5,"wind_gusts_max":40.7,"precipitation":0.0,"soil_temp":32.39,"elevacion_centro":645.35,"cloud_cover":0.0,"NDVI":0.25}},{"type":"Feature","geometry":{"type":"Point","coordinates":[25.57,44.16]},"properties":{"lat":44.16,"lon":25.57,"fecha":"2025-06-26","temp_mean":29.3,"temp_max":36.7,"temp_min":20.2,"humidity_mean":43.0,"wind_speed_max":16.6,"wind_gusts_max":30.2,"precipitation":0.0,"soil_temp":30.1,"elevacion_centro":92.24,"cloud_cover":17.0,"NDVI":0.32}},{"type":"Feature","geometry":{"type":"Point","coordinates":[25.17,41.99]},"properties":{"lat":41.99,"lon":25.17,"fecha":"2025-06-26","temp_mean":30.1,"temp_max":37.6,"temp_min":20.1,"humidity_mean":34.0,"wind_speed_max":12.0,"wind_gusts_max":26.3,"precipitation":0.0,"soil_temp":29.22,"elevacion_centro":274.33,"cloud_cover":2.0,"NDVI":0.66}},{"type":"Feature","geometry":{"type":"Point","coordinates":[18.23,40.01]},"properties":{"lat":40.01,"lon":18.23,"fecha":"2025-06-26","temp_mean":30.3,"temp_max":38.3,"temp_min":22.2,"humidity_mean":44.0,"wind_speed_max":16.6,"wind_gusts_max":35.3,"precipitation":0.0,"soil_temp":33.64,"elevacion_centro":174.51,"cloud_cover":0.0,"NDVI":0.41}},{"type":"Feature","geometry":{"type":"Point","coordinates":[9.38,39.56]},"properties":{"lat":39.56,"lon":9.38,"fecha":"2025-06-26","temp_mean":31.8,"temp_max":38.9,"temp_min":24.1,"humidity_mean":33.0,"wind_speed_max":20.7,"wind_gusts_max":43.6,"precipitation":0.0,"soil_temp":30.84,"elevacion_centro":139.52,"cloud_cover":0.0,"NDVI":0.43}},{"type":"Feature","geometry":{"type":"Point","coordinates":[29.58,38.5]},"properties":{"lat":38.5,"lon":29.58,"fecha":"2025-06-27","temp_mean":29.1,"temp_max":35.9,"temp_min":20.9,"humidity_mean":22.0,"wind_speed_max":23.8,"wind_gusts_max":42.5,"precipitation":0.0,"soil_temp":27.35,"elevacion_centro":893.83,"cloud_cover":0.0,"NDVI":0.46}},{"type":"Feature","geometry":{"type":"Point","coordinates":[30.41,40.37]},"properties":{"lat":40.37,"lon":30.41,"fecha":"2025-06-27","temp_mean":23.8,"temp_max":32.5,"temp_min":15.6,"humidity_mean":44.0,"wind_speed_max":20.7,"wind_gusts_max":52.6,"precipitation":0.0,"soil_temp":22.94,"elevacion_centro":576.9,"cloud_cover":0.0,"NDVI":0.82}},{"type":"Feature","geometry":{"type":"Point","coordinates":[27.73,43.42]},"properties":{"lat":43.42,"lon":27.73,"fecha":"2025-06-27","temp_mean":25.9,"temp_max":31.0,"temp_min":21.4,"humidity_mean":50.0,"wind_speed_max":19.3,"wind_gusts_max":41.4,"precipitation":0.0,"soil_temp":29.02,"elevacion_centro":298.54,"cloud_cover":20.0,"NDVI":0.77}},{"type":"Feature","geometry":{"type":"Point","coordinates":[27.87,39.51]},"properties":{"lat":39.51,"lon":27.87,"fecha":"2025-06-27","temp_mean":28.5,"temp_max":36.1,"temp_min":21.3,"humidity_mean":35.0,"wind_speed_max":27.1,"wind_gusts_max":51.8,"precipitation":0.0,"soil_temp":28.29,"elevacion_centro":163.54,"cloud_cover":0.0,"NDVI":0.68}},{"type":"Feature","geometry":{"type":"Point","coordinates":[6.07,36.25]},"properties":{"lat":36.25,"lon":6.07,"fecha":"2025-06-28","temp_mean":23.2,"temp_max":29.6,"temp_min":17.5,"humidity_mean":52.0,"wind_speed_max":18.5,"wind_gusts_max":38.5,"precipitation":0.0,"soil_temp":27.21,"elevacion_centro":848.23,"cloud_cover":0.0,"NDVI":0.2}},{"type":"Feature","geometry":{"type":"Point","coordinates":[13.8,42.12]},"properties":{"lat":42.12,"lon":13.8,"fecha":"2025-06-28","temp_mean":24.3,"temp_max":29.5,"temp_min":18.0,"humidity_mean":55.0,"wind_speed_max":16.8,"wind_gusts_max":54.7,"precipitation":0.0,"soil_temp":23.62,"elevacion_centro":626.63,"cloud_cover":0.0,"NDVI":0.7}},{"type":"Feature","geometry":{"type":"Point","coordinates":[12.19,41.94]},"properties":{"lat":41.94,"lon":12.19,"fecha":"2025-06-29","temp_mean":29.3,"temp_max":34.9,"temp_min":25.5,"humidity_mean":50.0,"wind_speed_max":25.4,"wind_gusts_max":50.4,"precipitation":0.0,"soil_temp":30.87,"elevacion_centro":46.06,"cloud_cover":0.0,"NDVI":0.54}},{"type":"Feature","geometry":{"type":"Point","coordinates":[26.97,38.14]},"properties":{"lat":38.14,"lon":26.97,"fecha":"2025-06-29","temp_mean":24.2,"temp_max":30.1,"temp_min":19.2,"humidity_mean":43.0,"wind_speed_max":33.5,"wind_gusts_max":73.1,"precipitation":0.0,"soil_temp":30.23,"elevacion_centro":407.37,"cloud_cover":0.0,"NDVI":0.41}},{"type":"Feature","geometry":{"type":"Point","coordinates":[16.78,40.52]},"properties":{"lat":40.52,"lon":16.78,"fecha":"2025-06-29","temp_mean":28.9,"temp_max":33.8,"temp_min":24.3,"humidity_mean":36.0,"wind_speed_max":26.7,"wind_gusts_max":45.4,"precipitation":0.0,"soil_temp":29.66,"elevacion_centro":85.83,"cloud_cover":0.0,"NDVI":0.29}},{"type":"Feature","geometry":{"type":"Point","coordinates":[-3.54,57.45]},"properties":{"lat":57.45,"lon":-3.54,"fecha":"2025-06-29","temp_mean":14.3,"temp_max":19.0,"temp_min":9.1,"humidity_mean":60.0,"wind_speed_max":22.2,"wind_gusts_max":47.9,"precipitation":0.0,"soil_temp":13.89,"elevacion_centro":423.2,"cloud_cover":47.0,"NDVI":0.56}},{"type":"Feature","geometry":{"type":"Point","coordinates":[13.92,41.18]},"properties":{"lat":41.18,"lon":13.92,"fecha":"2025-06-29","temp_mean":25.9,"temp_max":31.5,"temp_min":20.6,"humidity_mean":41.0,"wind_speed_max":21.4,"wind_gusts_max":52.2,"precipitation":0.0,"soil_temp":30.31,"elevacion_centro":596.69,"cloud_cover":0.0,"NDVI":0.79}},{"type":"Feature","geometry":{"type":"Point","coordinates":[20.27,47.0]},"properties":{"lat":47.0,"lon":20.27,"fecha":"2025-07-01","temp_mean":24.6,"temp_max":30.0,"temp_min":18.3,"humidity_mean":35.0,"wind_speed_max":19.6,"wind_gusts_max":36.0,"precipitation":0.0,"soil_temp":27.84,"elevacion_centro":86.54,"cloud_cover":0.0,"NDVI":0.44}},{"type":"Feature","geometry":{"type":"Point","coordinates":[11.3,50.54]},"properties":{"lat":50.54,"lon":11.3,"fecha":"2025-07-02","temp_mean":26.0,"temp_max":31.3,"temp_min":20.6,"humidity_mean":43.0,"wind_speed_max":11.8,"wind_gusts_max":29.2,"precipitation":0.0,"soil_temp":26.88,"elevacion_centro":604.47,"cloud_cover":11.0,"NDVI":0.68}},{"type":"Feature","geometry":{"type":"Point","coordinates":[13.35,51.38]},"properties":{"lat":51.38,"lon":13.35,"fecha":"2025-07-02","temp_mean":27.2,"temp_max":35.2,"temp_min":16.0,"humidity_mean":43.0,"wind_speed_max":13.0,"wind_gusts_max":25.6,"precipitation":0.0,"soil_temp":27.03,"elevacion_centro":94.31,"cloud_cover":7.0,"NDVI":0.44}},{"type":"Feature","geometry":{"type":"Point","coordinates":[21.41,43.33]},"properties":{"lat":43.33,"lon":21.41,"fecha":"2025-07-02","temp_mean":23.2,"temp_max":29.2,"temp_min":16.5,"humidity_mean":35.0,"wind_speed_max":11.4,"wind_gusts_max":29.5,"precipitation":0.0,"soil_temp":24.49,"elevacion_centro":557.86,"cloud_cover":0.0,"NDVI":0.4}},{"type":"Feature","geometry":{"type":"Point","coordinates":[9.03,39.46]},"properties":{"lat":39.46,"lon":9.03,"fecha":"2025-07-02","temp_mean":29.2,"temp_max":35.0,"temp_min":23.5,"humidity_mean":43.0,"wind_speed_max":18.0,"wind_gusts_max":41.8,"precipitation":0.0,"soil_temp":32.87,"elevacion_centro":136.39,"cloud_cover":32.0,"NDVI":0.24}},{"type":"Feature","geometry":{"type":"Point","coordinates":[28.81,45.14]},"properties":{"lat":45.14,"lon":28.81,"fecha":"2025-07-02","temp_mean":22.8,"temp_max":28.0,"temp_min":16.2,"humidity_mean":42.0,"wind_speed_max":21.4,"wind_gusts_max":43.2,"precipitation":0.0,"soil_temp":24.86,"elevacion_centro":83.66,"cloud_cover":12.0,"NDVI":0.52}},{"type":"Feature","geometry":{"type":"Point","coordinates":[16.73,40.38]},"properties":{"lat":40.38,"lon":16.73,"fecha":"2025-07-02","temp_mean":31.5,"temp_max":38.8,"temp_min":24.1,"humidity_mean":38.0,"wind_speed_max":16.5,"wind_gusts_max":33.8,"precipitation":0.0,"soil_temp":31.64,"elevacion_centro":15.32,"cloud_cover":11.0,"NDVI":0.2}},{"type":"Feature","geometry":{"type":"Point","coordinates":[26.5,38.37]},"properties":{"lat":38.37,"lon":26.5,"fecha":"2025-07-02","temp_mean":25.7,"temp_max":28.7,"temp_min":23.3,"humidity_mean":47.0,"wind_speed_max":33.3,"wind_gusts_max":41.8,"precipitation":0.0,"soil_temp":32.62,"elevacion_centro":55.21,"cloud_cover":1.0,"NDVI":0.43}},{"type":"Feature","geometry":{"type":"Point","coordinates":[27.19,38.3]},"properties":{"lat":38.3,"lon":27.19,"fecha":"2025-07-03","temp_mean":26.5,"temp_max":33.5,"temp_min":18.5,"humidity_mean":30.0,"wind_speed_max":20.8,"wind_gusts_max":40.0,"precipitation":0.0,"soil_temp":28.17,"elevacion_centro":156.32,"cloud_cover":0.0,"NDVI":0.69}},{"type":"Feature","geometry":{"type":"Point","coordinates":[22.9,43.71]},"properties":{"lat":43.71,"lon":22.9,"fecha":"2025-07-03","temp_mean":27.0,"temp_max":34.8,"temp_min":16.8,"humidity_mean":34.0,"wind_speed_max":11.6,"wind_gusts_max":26.3,"precipitation":0.0,"soil_temp":27.91,"elevacion_centro":226.24,"cloud_cover":0.0,"NDVI":0.57}},{"type":"Feature","geometry":{"type":"Point","coordinates":[27.9,38.28]},"properties":{"lat":38.28,"lon":27.9,"fecha":"2025-07-03","temp_mean":24.5,"temp_max":32.2,"temp_min":17.5,"humidity_mean":30.0,"wind_speed_max":25.7,"wind_gusts_max":59.4,"precipitation":0.0,"soil_temp":25.83,"elevacion_centro":433.76,"cloud_cover":0.0,"NDVI":0.69}},{"type":"Feature","geometry":{"type":"Point","coordinates":[26.46,38.24]},"properties":{"lat":38.24,"lon":26.46,"fecha":"2025-07-03","temp_mean":27.3,"temp_max":33.1,"temp_min":22.1,"humidity_mean":30.0,"wind_speed_max":35.1,"wind_gusts_max":65.2,"precipitation":0.0,"soil_temp":31.05,"elevacion_centro":46.06,"cloud_cover":0.0,"NDVI":0.23}},{"type":"Feature","geometry":{"type":"Point","coordinates":[16.24,40.81]},"properties":{"lat":40.81,"lon":16.24,"fecha":"2025-07-03","temp_mean":30.1,"temp_max":37.5,"temp_min":21.5,"humidity_mean":33.0,"wind_speed_max":18.6,"wind_gusts_max":38.9,"precipitation":0.0,"soil_temp":31.75,"elevacion_centro":390.73,"cloud_cover":1.0,"NDVI":0.18}},{"type":"Feature","geometry":{"type":"Point","coordinates":[25.85,35.03]},"properties":{"lat":35.03,"lon":25.85,"fecha":"2025-07-03","temp_mean":25.1,"temp_max":28.0,"temp_min":22.3,"humidity_mean":43.0,"wind_speed_max":35.5,"wind_gusts_max":89.6,"precipitation":0.0,"soil_temp":30.82,"elevacion_centro":118.09,"cloud_cover":0.0,"NDVI":0.35}},{"type":"Feature","geometry":{"type":"Point","coordinates":[13.51,37.43]},"properties":{"lat":37.43,"lon":13.51,"fecha":"2025-07-03","temp_mean":25.4,"temp_max":30.6,"temp_min":19.7,"humidity_mean":61.0,"wind_speed_max":15.6,"wind_gusts_max":37.1,"precipitation":0.0,"soil_temp":30.81,"elevacion_centro":467.9,"cloud_cover":14.0,"NDVI":0.16}},{"type":"Feature","geometry":{"type":"Point","coordinates":[-5.31,36.85]},"properties":{"lat":36.85,"lon":-5.31,"fecha":"2025-07-04","temp_mean":26.7,"temp_max":32.7,"temp_min":20.6,"humidity_mean":41.0,"wind_speed_max":13.6,"wind_gusts_max":41.8,"precipitation":0.0,"soil_temp":27.73,"elevacion_centro":692.44,"cloud_cover":0.0,"NDVI":0.43}},{"type":"Feature","geometry":{"type":"Point","coordinates":[26.69,42.55]},"properties":{"lat":42.55,"lon":26.69,"fecha":"2025-07-04","temp_mean":26.4,"temp_max":34.6,"temp_min":16.2,"humidity_mean":41.0,"wind_speed_max":11.5,"wind_gusts_max":24.5,"precipitation":0.0,"soil_temp":28.1,"elevacion_centro":143.22,"cloud_cover":0.0,"NDVI":0.37}},{"type":"Feature","geometry":{"type":"Point","coordinates":[19.1,43.82]},"properties":{"lat":43.82,"lon":19.1,"fecha":"2025-07-04","temp_mean":22.8,"temp_max":28.8,"temp_min":17.0,"humidity_mean":38.0,"wind_speed_max":14.1,"wind_gusts_max":31.3,"precipitation":0.0,"soil_temp":23.57,"elevacion_centro":1214.36,"cloud_cover":10.0,"NDVI":0.86}},{"type":"Feature","geometry":{"type":"Point","coordinates":[23.87,37.81]},"properties":{"lat":37.81,"lon":23.87,"fecha":"2025-07-04","temp_mean":28.6,"temp_max":32.3,"temp_min":25.3,"humidity_mean":31.0,"wind_speed_max":29.7,"wind_gusts_max":62.3,"precipitation":0.0,"soil_temp":28.4,"elevacion_centro":93.45,"cloud_cover":0.0,"NDVI":0.28}},{"type":"Feature","geometry":{"type":"Point","coordinates":[27.62,39.46]},"properties":{"lat":39.46,"lon":27.62,"fecha":"2025-07-04","temp_mean":22.6,"temp_max":28.9,"temp_min":16.6,"humidity_mean":51.0,"wind_speed_max":26.2,"wind_gusts_max":55.1,"precipitation":0.0,"soil_temp":23.83,"elevacion_centro":445.1,"cloud_cover":0.0,"NDVI":0.64}},{"type":"Feature","geometry":{"type":"Point","coordinates":[25.13,44.54]},"properties":{"lat":44.54,"lon":25.13,"fecha":"2025-07-04","temp_mean":29.4,"temp_max":37.3,"temp_min":19.3,"humidity_mean":34.0,"wind_speed_max":21.5,"wind_gusts_max":40.3,"precipitation":0.0,"soil_temp":28.89,"elevacion_centro":184.23,"cloud_cover":0.0,"NDVI":0.34}},{"type":"Feature","geometry":{"type":"Point","coordinates":[3.49,43.44]},"properties":{"lat":43.44,"lon":3.49,"fecha":"2025-07-04","temp_mean":30.2,"temp_max":35.5,"temp_min":24.6,"humidity_mean":48.0,"wind_speed_max":19.0,"wind_gusts_max":34.2,"precipitation":0.2,"soil_temp":34.53,"elevacion_centro":73.52,"cloud_cover":34.0,"NDVI":0.34}},{"type":"Feature","geometry":{"type":"Point","coordinates":[-6.79,42.21]},"properties":{"lat":42.21,"lon":-6.79,"fecha":"2025-07-04","temp_mean":17.2,"temp_max":22.4,"temp_min":13.4,"humidity_mean":60.0,"wind_speed_max":17.6,"wind_gusts_max":45.4,"precipitation":0.4,"soil_temp":24.96,"elevacion_centro":1937.88,"cloud_cover":50.0,"NDVI":0.57}},{"type":"Feature","geometry":{"type":"Point","coordinates":[15.65,41.15]},"properties":{"lat":41.15,"lon":15.65,"fecha":"2025-07-04","temp_mean":30.3,"temp_max":37.8,"temp_min":22.5,"humidity_mean":37.0,"wind_speed_max":17.5,"wind_gusts_max":44.3,"precipitation":0.0,"soil_temp":29.86,"elevacion_centro":361.53,"cloud_cover":22.0,"NDVI":0.19}},{"type":"Feature","geometry":{"type":"Point","coordinates":[24.45,43.65]},"properties":{"lat":43.65,"lon":24.45,"fecha":"2025-07-05","temp_mean":27.7,"temp_max":34.2,"temp_min":20.1,"humidity_mean":52.0,"wind_speed_max":12.7,"wind_gusts_max":22.7,"precipitation":0.0,"soil_temp":30.54,"elevacion_centro":112.49,"cloud_cover":3.0,"NDVI":0.38}},{"type":"Feature","geometry":{"type":"Point","coordinates":[15.17,37.2]},"properties":{"lat":37.2,"lon":15.17,"fecha":"2025-07-05","temp_mean":29.5,"temp_max":33.4,"temp_min":24.2,"humidity_mean":48.0,"wind_speed_max":15.8,"wind_gusts_max":33.5,"precipitation":0.0,"soil_temp":32.99,"elevacion_centro":16.53,"cloud_cover":0.0,"NDVI":0.06}},{"type":"Feature","geometry":{"type":"Point","coordinates":[2.64,43.17]},"properties":{"lat":43.17,"lon":2.64,"fecha":"2025-07-05","temp_mean":27.5,"temp_max":31.8,"temp_min":24.4,"humidity_mean":50.0,"wind_speed_max":29.1,"wind_gusts_max":59.0,"precipitation":0.2,"soil_temp":25.92,"elevacion_centro":189.93,"cloud_cover":57.0,"NDVI":0.35}},{"type":"Feature","geometry":{"type":"Point","coordinates":[3.76,43.52]},"properties":{"lat":43.52,"lon":3.76,"fecha":"2025-07-05","temp_mean":30.3,"temp_max":36.7,"temp_min":23.8,"humidity_mean":34.0,"wind_speed_max":24.5,"wind_gusts_max":50.0,"precipitation":0.0,"soil_temp":33.03,"elevacion_centro":77.79,"cloud_cover":48.0,"NDVI":0.64}},{"type":"Feature","geometry":{"type":"Point","coordinates":[18.52,42.98]},"properties":{"lat":42.98,"lon":18.52,"fecha":"2025-07-05","temp_mean":23.0,"temp_max":28.7,"temp_min":16.1,"humidity_mean":42.0,"wind_speed_max":15.7,"wind_gusts_max":40.7,"precipitation":0.0,"soil_temp":21.75,"elevacion_centro":1261.93,"cloud_cover":6.0,"NDVI":0.81}},{"type":"Feature","geometry":{"type":"Point","coordinates":[21.33,41.59]},"properties":{"lat":41.59,"lon":21.33,"fecha":"2025-07-05","temp_mean":21.1,"temp_max":26.3,"temp_min":15.5,"humidity_mean":30.0,"wind_speed_max":8.6,"wind_gusts_max":29.5,"precipitation":0.0,"soil_temp":26.77,"elevacion_centro":1594.31,"cloud_cover":7.0,"NDVI":0.49}},{"type":"Feature","geometry":{"type":"Point","coordinates":[24.23,38.24]},"properties":{"lat":38.24,"lon":24.23,"fecha":"2025-07-05","temp_mean":27.4,"temp_max":30.5,"temp_min":23.9,"humidity_mean":41.0,"wind_speed_max":30.0,"wind_gusts_max":59.8,"precipitation":0.0,"soil_temp":29.14,"elevacion_centro":71.59,"cloud_cover":0.0,"NDVI":0.68}},{"type":"Feature","geometry":{"type":"Point","coordinates":[20.07,40.61]},"properties":{"lat":40.61,"lon":20.07,"fecha":"2025-07-06","temp_mean":29.1,"temp_max":35.5,"temp_min":23.4,"humidity_mean":46.0,"wind_speed_max":14.7,"wind_gusts_max":35.6,"precipitation":0.0,"soil_temp":30.97,"elevacion_centro":224.66,"cloud_cover":12.0,"NDVI":0.83}},{"type":"Feature","geometry":{"type":"Point","coordinates":[19.08,46.43]},"properties":{"lat":46.43,"lon":19.08,"fecha":"2025-07-06","temp_mean":28.1,"temp_max":34.9,"temp_min":17.5,"humidity_mean":41.0,"wind_speed_max":14.6,"wind_gusts_max":28.4,"precipitation":0.0,"soil_temp":29.89,"elevacion_centro":92.5,"cloud_cover":37.0,"NDVI":0.44}},{"type":"Feature","geometry":{"type":"Point","coordinates":[-8.61,41.7]},"properties":{"lat":41.7,"lon":-8.61,"fecha":"2025-07-06","temp_mean":21.7,"temp_max":27.8,"temp_min":16.5,"humidity_mean":66.0,"wind_speed_max":17.9,"wind_gusts_max":42.8,"precipitation":0.0,"soil_temp":24.24,"elevacion_centro":327.87,"cloud_cover":6.0,"NDVI":0.84}},{"type":"Feature","geometry":{"type":"Point","coordinates":[2.9,43.14]},"properties":{"lat":43.14,"lon":2.9,"fecha":"2025-07-07","temp_mean":22.0,"temp_max":27.1,"temp_min":18.7,"humidity_mean":56.0,"wind_speed_max":39.7,"wind_gusts_max":79.9,"precipitation":0.0,"soil_temp":25.61,"elevacion_centro":144.43,"cloud_cover":25.0,"NDVI":0.7}},{"type":"Feature","geometry":{"type":"Point","coordinates":[1.36,41.98]},"properties":{"lat":41.98,"lon":1.36,"fecha":"2025-07-07","temp_mean":22.8,"temp_max":29.5,"temp_min":17.6,"humidity_mean":57.0,"wind_speed_max":19.4,"wind_gusts_max":44.6,"precipitation":0.3,"soil_temp":24.55,"elevacion_centro":590.27,"cloud_cover":17.0,"NDVI":0.65}},{"type":"Feature","geometry":{"type":"Point","coordinates":[8.97,42.33]},"properties":{"lat":42.33,"lon":8.97,"fecha":"2025-07-07","temp_mean":19.2,"temp_max":23.1,"temp_min":16.7,"humidity_mean":63.0,"wind_speed_max":18.3,"wind_gusts_max":69.5,"precipitation":0.4,"soil_temp":29.48,"elevacion_centro":1020.73,"cloud_cover":56.0,"NDVI":0.38}},{"type":"Feature","geometry":{"type":"Point","coordinates":[26.98,44.85]},"properties":{"lat":44.85,"lon":26.98,"fecha":"2025-07-07","temp_mean":29.9,"temp_max":37.2,"temp_min":21.4,"humidity_mean":35.0,"wind_speed_max":22.6,"wind_gusts_max":39.6,"precipitation":0.0,"soil_temp":29.72,"elevacion_centro":66.88,"cloud_cover":10.0,"NDVI":0.24}},{"type":"Feature","geometry":{"type":"Point","coordinates":[28.1,44.33]},"properties":{"lat":44.33,"lon":28.1,"fecha":"2025-07-07","temp_mean":28.5,"temp_max":35.1,"temp_min":22.3,"humidity_mean":42.0,"wind_speed_max":23.1,"wind_gusts_max":48.6,"precipitation":0.0,"soil_temp":30.03,"elevacion_centro":103.12,"cloud_cover":2.0,"NDVI":0.21}},{"type":"Feature","geometry":{"type":"Point","coordinates":[21.65,43.12]},"properties":{"lat":43.12,"lon":21.65,"fecha":"2025-07-07","temp_mean":27.9,"temp_max":35.0,"temp_min":20.9,"humidity_mean":33.0,"wind_speed_max":22.1,"wind_gusts_max":59.8,"precipitation":0.0,"soil_temp":29.08,"elevacion_centro":514.74,"cloud_cover":9.0,"NDVI":0.76}},{"type":"Feature","geometry":{"type":"Point","coordinates":[20.84,45.57]},"properties":{"lat":45.57,"lon":20.84,"fecha":"2025-07-07","temp_mean":26.8,"temp_max":35.6,"temp_min":21.5,"humidity_mean":50.0,"wind_speed_max":37.1,"wind_gusts_max":78.5,"precipitation":0.1,"soil_temp":30.04,"elevacion_centro":78.43,"cloud_cover":35.0,"NDVI":0.24}},{"type":"Feature","geometry":{"type":"Point","coordinates":[27.63,44.65]},"properties":{"lat":44.65,"lon":27.63,"fecha":"2025-07-07","temp_mean":30.0,"temp_max":37.7,"temp_min":22.2,"humidity_mean":37.0,"wind_speed_max":28.2,"wind_gusts_max":48.6,"precipitation":0.0,"soil_temp":30.89,"elevacion_centro":21.75,"cloud_cover":8.0,"NDVI":0.31}},{"type":"Feature","geometry":{"type":"Point","coordinates":[0.44,40.92]},"properties":{"lat":40.92,"lon":0.44,"fecha":"2025-07-07","temp_mean":25.1,"temp_max":31.7,"temp_min":20.2,"humidity_mean":44.0,"wind_speed_max":28.8,"wind_gusts_max":69.1,"precipitation":0.0,"soil_temp":28.55,"elevacion_centro":303.62,"cloud_cover":5.0,"NDVI":0.72}},{"type":"Feature","geometry":{"type":"Point","coordinates":[-7.4,38.68]},"properties":{"lat":38.68,"lon":-7.4,"fecha":"2025-07-08","temp_mean":29.5,"temp_max":36.1,"temp_min":22.7,"humidity_mean":47.0,"wind_speed_max":15.7,"wind_gusts_max":33.5,"precipitation":0.0,"soil_temp":30.81,"elevacion_centro":306.21,"cloud_cover":0.0,"NDVI":0.34}},{"type":"Feature","geometry":{"type":"Point","coordinates":[-7.44,38.58]},"properties":{"lat":38.58,"lon":-7.44,"fecha":"2025-07-08","temp_mean":28.9,"temp_max":36.0,"temp_min":21.5,"humidity_mean":49.0,"wind_speed_max":17.0,"wind_gusts_max":34.9,"precipitation":0.0,"soil_temp":30.81,"elevacion_centro":249.35,"cloud_cover":0.0,"NDVI":0.34}},{"type":"Feature","geometry":{"type":"Point","coordinates":[5.32,43.38]},"properties":{"lat":43.38,"lon":5.32,"fecha":"2025-07-08","temp_mean":22.0,"temp_max":25.5,"temp_min":18.2,"humidity_mean":42.0,"wind_speed_max":38.8,"wind_gusts_max":85.0,"precipitation":0.0,"soil_temp":24.27,"elevacion_centro":200.58,"cloud_cover":5.0,"NDVI":0.57}},{"type":"Feature","geometry":{"type":"Point","coordinates":[15.24,41.91]},"properties":{"lat":41.91,"lon":15.24,"fecha":"2025-07-08","temp_mean":27.7,"temp_max":34.1,"temp_min":21.6,"humidity_mean":54.0,"wind_speed_max":30.7,"wind_gusts_max":58.7,"precipitation":0.7,"soil_temp":29.38,"elevacion_centro":5.13,"cloud_cover":24.0,"NDVI":0.56}},{"type":"Feature","geometry":{"type":"Point","coordinates":[14.55,37.15]},"properties":{"lat":37.15,"lon":14.55,"fecha":"2025-07-08","temp_mean":26.6,"temp_max":33.1,"temp_min":20.8,"humidity_mean":65.0,"wind_speed_max":20.6,"wind_gusts_max":39.6,"precipitation":0.0,"soil_temp":30.88,"elevacion_centro":351.22,"cloud_cover":0.0,"NDVI":0.58}},{"type":"Feature","geometry":{"type":"Point","coordinates":[21.81,43.29]},"properties":{"lat":43.29,"lon":21.81,"fecha":"2025-07-08","temp_mean":28.1,"temp_max":36.3,"temp_min":18.6,"humidity_mean":44.0,"wind_speed_max":25.9,"wind_gusts_max":54.7,"precipitation":0.0,"soil_temp":28.48,"elevacion_centro":181.67,"cloud_cover":28.0,"NDVI":0.72}},{"type":"Feature","geometry":{"type":"Point","coordinates":[22.73,41.26]},"properties":{"lat":41.26,"lon":22.73,"fecha":"2025-07-08","temp_mean":28.4,"temp_max":34.4,"temp_min":21.4,"humidity_mean":45.0,"wind_speed_max":14.8,"wind_gusts_max":35.3,"precipitation":0.0,"soil_temp":29.01,"elevacion_centro":266.71,"cloud_cover":4.0,"NDVI":0.44}},{"type":"Feature","geometry":{"type":"Point","coordinates":[3.59,43.9]},"properties":{"lat":43.9,"lon":3.59,"fecha":"2025-07-08","temp_mean":17.8,"temp_max":23.5,"temp_min":12.6,"humidity_mean":52.0,"wind_speed_max":30.1,"wind_gusts_max":60.1,"precipitation":0.0,"soil_temp":22.54,"elevacion_centro":581.66,"cloud_cover":13.0,"NDVI":0.61}},{"type":"Feature","geometry":{"type":"Point","coordinates":[12.31,41.95]},"properties":{"lat":41.95,"lon":12.31,"fecha":"2025-07-09","temp_mean":24.0,"temp_max":29.2,"temp_min":19.6,"humidity_mean":42.0,"wind_speed_max":28.0,"wind_gusts_max":54.4,"precipitation":0.0,"soil_temp":26.51,"elevacion_centro":71.6,"cloud_cover":0.0,"NDVI":0.5}},{"type":"Feature","geometry":{"type":"Point","coordinates":[16.83,40.39]},"properties":{"lat":40.39,"lon":16.83,"fecha":"2025-07-09","temp_mean":26.2,"temp_max":31.8,"temp_min":22.2,"humidity_mean":42.0,"wind_speed_max":32.8,"wind_gusts_max":63.0,"precipitation":0.0,"soil_temp":27.78,"elevacion_centro":3.81,"cloud_cover":8.0,"NDVI":0.6}},{"type":"Feature","geometry":{"type":"Point","coordinates":[13.71,37.48]},"properties":{"lat":37.48,"lon":13.71,"fecha":"2025-07-09","temp_mean":24.8,"temp_max":30.6,"temp_min":19.4,"humidity_mean":53.0,"wind_speed_max":22.0,"wind_gusts_max":50.0,"precipitation":0.0,"soil_temp":28.01,"elevacion_centro":310.0,"cloud_cover":1.0,"NDVI":0.68}},{"type":"Feature","geometry":{"type":"Point","coordinates":[4.22,52.01]},"properties":{"lat":52.01,"lon":4.22,"fecha":"2025-07-09","temp_mean":17.7,"temp_max":21.6,"temp_min":13.5,"humidity_mean":66.0,"wind_speed_max":8.6,"wind_gusts_max":24.5,"precipitation":0.0,"soil_temp":17.8,"elevacion_centro":3.49,"cloud_cover":45.0,"NDVI":0.07}},{"type":"Feature","geometry":{"type":"Point","coordinates":[14.01,37.16]},"properties":{"lat":37.16,"lon":14.01,"fecha":"2025-07-09","temp_mean":27.6,"temp_max":32.7,"temp_min":21.8,"humidity_mean":49.0,"wind_speed_max":20.7,"wind_gusts_max":40.3,"precipitation":0.0,"soil_temp":29.94,"elevacion_centro":159.85,"cloud_cover":0.0,"NDVI":0.41}},{"type":"Feature","geometry":{"type":"Point","coordinates":[22.32,42.2]},"properties":{"lat":42.2,"lon":22.32,"fecha":"2025-07-09","temp_mean":19.8,"temp_max":25.7,"temp_min":12.0,"humidity_mean":60.0,"wind_speed_max":16.1,"wind_gusts_max":46.8,"precipitation":0.2,"soil_temp":24.15,"elevacion_centro":634.76,"cloud_cover":11.0,"NDVI":0.88}},{"type":"Feature","geometry":{"type":"Point","coordinates":[27.61,44.36]},"properties":{"lat":44.36,"lon":27.61,"fecha":"2025-07-10","temp_mean":22.5,"temp_max":27.0,"temp_min":16.0,"humidity_mean":51.0,"wind_speed_max":25.1,"wind_gusts_max":46.8,"precipitation":0.0,"soil_temp":26.92,"elevacion_centro":35.14,"cloud_cover":31.0,"NDVI":0.24}},{"type":"Feature","geometry":{"type":"Point","coordinates":[14.13,37.12]},"properties":{"lat":37.12,"lon":14.13,"fecha":"2025-07-10","temp_mean":25.7,"temp_max":30.2,"temp_min":19.1,"humidity_mean":47.0,"wind_speed_max":26.4,"wind_gusts_max":50.8,"precipitation":0.0,"soil_temp":29.52,"elevacion_centro":18.54,"cloud_cover":1.0,"NDVI":0.17}},{"type":"Feature","geometry":{"type":"Point","coordinates":[26.03,66.85]},"properties":{"lat":66.85,"lon":26.03,"fecha":"2025-07-11","temp_mean":18.2,"temp_max":23.5,"temp_min":11.0,"humidity_mean":59.0,"wind_speed_max":14.1,"wind_gusts_max":33.1,"precipitation":0.0,"soil_temp":15.67,"elevacion_centro":213.5,"cloud_cover":2.0,"NDVI":0.61}},{"type":"Feature","geometry":{"type":"Point","coordinates":[22.54,44.49]},"properties":{"lat":44.49,"lon":22.54,"fecha":"2025-07-11","temp_mean":20.3,"temp_max":25.5,"temp_min":15.6,"humidity_mean":61.0,"wind_speed_max":16.3,"wind_gusts_max":34.6,"precipitation":0.0,"soil_temp":21.05,"elevacion_centro":47.32,"cloud_cover":7.0,"NDVI":0.21}},{"type":"Feature","geometry":{"type":"Point","coordinates":[-5.47,36.13]},"properties":{"lat":36.13,"lon":-5.47,"fecha":"2025-07-11","temp_mean":21.1,"temp_max":24.2,"temp_min":19.0,"humidity_mean":71.0,"wind_speed_max":25.4,"wind_gusts_max":59.0,"precipitation":0.0,"soil_temp":24.08,"elevacion_centro":28.67,"cloud_cover":15.0,"NDVI":0.4}},{"type":"Feature","geometry":{"type":"Point","coordinates":[17.11,39.05]},"properties":{"lat":39.05,"lon":17.11,"fecha":"2025-07-11","temp_mean":25.1,"temp_max":28.5,"temp_min":22.0,"humidity_mean":45.0,"wind_speed_max":26.7,"wind_gusts_max":52.9,"precipitation":0.0,"soil_temp":26.5,"elevacion_centro":29.59,"cloud_cover":22.0,"NDVI":0.21}},{"type":"Feature","geometry":{"type":"Point","coordinates":[3.23,48.05]},"properties":{"lat":48.05,"lon":3.23,"fecha":"2025-07-11","temp_mean":22.2,"temp_max":28.4,"temp_min":14.5,"humidity_mean":57.0,"wind_speed_max":17.5,"wind_gusts_max":37.4,"precipitation":0.0,"soil_temp":23.71,"elevacion_centro":180.9,"cloud_cover":6.0,"NDVI":0.83}},{"type":"Feature","geometry":{"type":"Point","coordinates":[19.67,41.13]},"properties":{"lat":41.13,"lon":19.67,"fecha":"2025-07-11","temp_mean":22.9,"temp_max":29.1,"temp_min":15.7,"humidity_mean":51.0,"wind_speed_max":19.3,"wind_gusts_max":40.0,"precipitation":0.0,"soil_temp":25.86,"elevacion_centro":163.41,"cloud_cover":1.0,"NDVI":0.72}},{"type":"Feature","geometry":{"type":"Point","coordinates":[15.76,41.23]},"properties":{"lat":41.23,"lon":15.76,"fecha":"2025-07-11","temp_mean":24.5,"temp_max":30.1,"temp_min":19.5,"humidity_mean":36.0,"wind_speed_max":21.3,"wind_gusts_max":44.3,"precipitation":0.0,"soil_temp":23.2,"elevacion_centro":158.78,"cloud_cover":10.0,"NDVI":0.14}},{"type":"Feature","geometry":{"type":"Point","coordinates":[13.72,42.59]},"properties":{"lat":42.59,"lon":13.72,"fecha":"2025-07-12","temp_mean":24.7,"temp_max":31.1,"temp_min":18.4,"humidity_mean":47.0,"wind_speed_max":17.1,"wind_gusts_max":40.0,"precipitation":0.0,"soil_temp":23.05,"elevacion_centro":222.28,"cloud_cover":7.0,"NDVI":0.72}},{"type":"Feature","geometry":{"type":"Point","coordinates":[15.21,37.12]},"properties":{"lat":37.12,"lon":15.21,"fecha":"2025-07-13","temp_mean":28.1,"temp_max":34.0,"temp_min":20.1,"humidity_mean":43.0,"wind_speed_max":27.0,"wind_gusts_max":55.4,"precipitation":0.0,"soil_temp":29.82,"elevacion_centro":50.93,"cloud_cover":0.0,"NDVI":0.14}},{"type":"Feature","geometry":{"type":"Point","coordinates":[32.46,35.0]},"properties":{"lat":35.0,"lon":32.46,"fecha":"2025-07-13","temp_mean":25.7,"temp_max":30.2,"temp_min":20.7,"humidity_mean":66.0,"wind_speed_max":15.2,"wind_gusts_max":36.4,"precipitation":0.0,"soil_temp":32.95,"elevacion_centro":112.86,"cloud_cover":4.0,"NDVI":0.23}},{"type":"Feature","geometry":{"type":"Point","coordinates":[23.16,44.27]},"properties":{"lat":44.27,"lon":23.16,"fecha":"2025-07-13","temp_mean":27.5,"temp_max":34.8,"temp_min":18.5,"humidity_mean":33.0,"wind_speed_max":13.2,"wind_gusts_max":28.8,"precipitation":0.0,"soil_temp":27.56,"elevacion_centro":214.52,"cloud_cover":5.0,"NDVI":0.24}},{"type":"Feature","geometry":{"type":"Point","coordinates":[27.39,44.57]},"properties":{"lat":44.57,"lon":27.39,"fecha":"2025-07-13","temp_mean":26.6,"temp_max":33.0,"temp_min":17.5,"humidity_mean":40.0,"wind_speed_max":10.7,"wind_gusts_max":24.8,"precipitation":0.0,"soil_temp":28.61,"elevacion_centro":23.87,"cloud_cover":2.0,"NDVI":0.17}},{"type":"Feature","geometry":{"type":"Point","coordinates":[22.6,43.65]},"properties":{"lat":43.65,"lon":22.6,"fecha":"2025-07-13","temp_mean":26.0,"temp_max":33.7,"temp_min":17.4,"humidity_mean":36.0,"wind_speed_max":15.7,"wind_gusts_max":31.0,"precipitation":0.0,"soil_temp":26.23,"elevacion_centro":351.26,"cloud_cover":18.0,"NDVI":0.87}},{"type":"Feature","geometry":{"type":"Point","coordinates":[26.75,41.57]},"properties":{"lat":41.57,"lon":26.75,"fecha":"2025-07-14","temp_mean":28.1,"temp_max":35.5,"temp_min":20.0,"humidity_mean":32.0,"wind_speed_max":22.2,"wind_gusts_max":41.8,"precipitation":0.0,"soil_temp":29.76,"elevacion_centro":80.99,"cloud_cover":0.0,"NDVI":0.38}},{"type":"Feature","geometry":{"type":"Point","coordinates":[27.33,42.63]},"properties":{"lat":42.63,"lon":27.33,"fecha":"2025-07-14","temp_mean":25.5,"temp_max":32.3,"temp_min":17.9,"humidity_mean":49.0,"wind_speed_max":15.6,"wind_gusts_max":33.5,"precipitation":0.0,"soil_temp":27.32,"elevacion_centro":143.22,"cloud_cover":11.0,"NDVI":0.55}},{"type":"Feature","geometry":{"type":"Point","coordinates":[21.31,47.3]},"properties":{"lat":47.3,"lon":21.31,"fecha":"2025-07-14","temp_mean":25.1,"temp_max":31.4,"temp_min":19.9,"humidity_mean":59.0,"wind_speed_max":19.4,"wind_gusts_max":30.6,"precipitation":0.8,"soil_temp":27.26,"elevacion_centro":87.93,"cloud_cover":54.0,"NDVI":0.35}},{"type":"Feature","geometry":{"type":"Point","coordinates":[31.58,38.09]},"properties":{"lat":38.09,"lon":31.58,"fecha":"2025-07-14","temp_mean":23.5,"temp_max":30.0,"temp_min":15.5,"humidity_mean":32.0,"wind_speed_max":15.3,"wind_gusts_max":42.1,"precipitation":0.0,"soil_temp":27.54,"elevacion_centro":1819.55,"cloud_cover":25.0,"NDVI":0.71}},{"type":"Feature","geometry":{"type":"Point","coordinates":[27.48,67.5]},"properties":{"lat":67.5,"lon":27.48,"fecha":"2025-07-15","temp_mean":20.1,"temp_max":24.0,"temp_min":14.1,"humidity_mean":57.0,"wind_speed_max":13.2,"wind_gusts_max":28.4,"precipitation":0.0,"soil_temp":18.83,"elevacion_centro":239.29,"cloud_cover":4.0,"NDVI":0.62}},{"type":"Feature","geometry":{"type":"Point","coordinates":[13.61,37.31]},"properties":{"lat":37.31,"lon":13.61,"fecha":"2025-07-15","temp_mean":28.0,"temp_max":34.4,"temp_min":22.1,"humidity_mean":50.0,"wind_speed_max":22.8,"wind_gusts_max":46.1,"precipitation":0.0,"soil_temp":28.43,"elevacion_centro":168.76,"cloud_cover":1.0,"NDVI":0.2}},{"type":"Feature","geometry":{"type":"Point","coordinates":[27.56,43.91]},"properties":{"lat":43.91,"lon":27.56,"fecha":"2025-07-15","temp_mean":27.3,"temp_max":33.7,"temp_min":19.9,"humidity_mean":38.0,"wind_speed_max":14.8,"wind_gusts_max":32.8,"precipitation":0.1,"soil_temp":29.97,"elevacion_centro":195.86,"cloud_cover":20.0,"NDVI":0.21}},{"type":"Feature","geometry":{"type":"Point","coordinates":[26.21,39.59]},"properties":{"lat":39.59,"lon":26.21,"fecha":"2025-07-15","temp_mean":27.7,"temp_max":33.3,"temp_min":22.1,"humidity_mean":45.0,"wind_speed_max":34.6,"wind_gusts_max":71.3,"precipitation":0.0,"soil_temp":29.3,"elevacion_centro":324.36,"cloud_cover":1.0,"NDVI":0.21}},{"type":"Feature","geometry":{"type":"Point","coordinates":[28.92,45.29]},"properties":{"lat":45.29,"lon":28.92,"fecha":"2025-07-15","temp_mean":27.7,"temp_max":34.2,"temp_min":22.0,"humidity_mean":51.0,"wind_speed_max":16.3,"wind_gusts_max":37.8,"precipitation":0.1,"soil_temp":30.16,"elevacion_centro":4.51,"cloud_cover":17.0,"NDVI":0.39}},{"type":"Feature","geometry":{"type":"Point","coordinates":[27.86,43.44]},"properties":{"lat":43.44,"lon":27.86,"fecha":"2025-07-15","temp_mean":26.8,"temp_max":34.2,"temp_min":20.2,"humidity_mean":40.0,"wind_speed_max":17.3,"wind_gusts_max":40.3,"precipitation":0.3,"soil_temp":28.63,"elevacion_centro":291.89,"cloud_cover":15.0,"NDVI":0.29}},{"type":"Feature","geometry":{"type":"Point","coordinates":[27.53,38.87]},"properties":{"lat":38.87,"lon":27.53,"fecha":"2025-07-15","temp_mean":29.5,"temp_max":36.6,"temp_min":23.4,"humidity_mean":38.0,"wind_speed_max":28.1,"wind_gusts_max":56.5,"precipitation":0.0,"soil_temp":29.79,"elevacion_centro":269.82,"cloud_cover":2.0,"NDVI":0.64}},{"type":"Feature","geometry":{"type":"Point","coordinates":[26.96,40.61]},"properties":{"lat":40.61,"lon":26.96,"fecha":"2025-07-15","temp_mean":28.1,"temp_max":32.8,"temp_min":23.0,"humidity_mean":44.0,"wind_speed_max":24.4,"wind_gusts_max":52.9,"precipitation":0.0,"soil_temp":29.41,"elevacion_centro":129.65,"cloud_cover":0.0,"NDVI":0.8}},{"type":"Feature","geometry":{"type":"Point","coordinates":[-7.58,41.29]},"properties":{"lat":41.29,"lon":-7.58,"fecha":"2025-07-16","temp_mean":26.6,"temp_max":34.6,"temp_min":19.4,"humidity_mean":42.0,"wind_speed_max":14.8,"wind_gusts_max":34.9,"precipitation":0.0,"soil_temp":27.36,"elevacion_centro":646.73,"cloud_cover":0.0,"NDVI":0.74}},{"type":"Feature","geometry":{"type":"Point","coordinates":[-8.04,42.69]},"properties":{"lat":42.69,"lon":-8.04,"fecha":"2025-07-16","temp_mean":22.9,"temp_max":32.6,"temp_min":14.8,"humidity_mean":68.0,"wind_speed_max":16.8,"wind_gusts_max":36.0,"precipitation":0.0,"soil_temp":24.59,"elevacion_centro":614.39,"cloud_cover":4.0,"NDVI":0.89}},{"type":"Feature","geometry":{"type":"Point","coordinates":[24.06,42.27]},"properties":{"lat":42.27,"lon":24.06,"fecha":"2025-07-16","temp_mean":27.4,"temp_max":34.0,"temp_min":20.3,"humidity_mean":40.0,"wind_speed_max":17.3,"wind_gusts_max":35.6,"precipitation":0.0,"soil_temp":25.02,"elevacion_centro":344.72,"cloud_cover":24.0,"NDVI":0.7}},{"type":"Feature","geometry":{"type":"Point","coordinates":[14.13,37.17]},"properties":{"lat":37.17,"lon":14.13,"fecha":"2025-07-16","temp_mean":27.1,"temp_max":33.0,"temp_min":21.8,"humidity_mean":51.0,"wind_speed_max":25.1,"wind_gusts_max":48.2,"precipitation":0.0,"soil_temp":32.43,"elevacion_centro":234.92,"cloud_cover":1.0,"NDVI":0.69}},{"type":"Feature","geometry":{"type":"Point","coordinates":[16.99,39.03]},"properties":{"lat":39.03,"lon":16.99,"fecha":"2025-07-16","temp_mean":29.5,"temp_max":36.0,"temp_min":20.3,"humidity_mean":38.0,"wind_speed_max":13.1,"wind_gusts_max":32.0,"precipitation":0.0,"soil_temp":30.86,"elevacion_centro":197.33,"cloud_cover":0.0,"NDVI":0.26}},{"type":"Feature","geometry":{"type":"Point","coordinates":[-6.76,37.35]},"properties":{"lat":37.35,"lon":-6.76,"fecha":"2025-07-17","temp_mean":30.6,"temp_max":39.2,"temp_min":21.3,"humidity_mean":31.0,"wind_speed_max":17.0,"wind_gusts_max":29.9,"precipitation":0.0,"soil_temp":32.76,"elevacion_centro":22.52,"cloud_cover":3.0,"NDVI":0.2}},{"type":"Feature","geometry":{"type":"Point","coordinates":[9.89,35.03]},"properties":{"lat":35.03,"lon":9.89,"fecha":"2025-07-17","temp_mean":29.7,"temp_max":36.6,"temp_min":22.6,"humidity_mean":29.0,"wind_speed_max":20.5,"wind_gusts_max":38.9,"precipitation":0.0,"soil_temp":33.05,"elevacion_centro":404.41,"cloud_cover":0.0,"NDVI":0.14}},{"type":"Feature","geometry":{"type":"Point","coordinates":[27.75,64.77]},"properties":{"lat":64.77,"lon":27.75,"fecha":"2025-07-17","temp_mean":18.4,"temp_max":23.0,"temp_min":13.0,"humidity_mean":49.0,"wind_speed_max":13.2,"wind_gusts_max":26.6,"precipitation":0.0,"soil_temp":17.81,"elevacion_centro":206.79,"cloud_cover":0.0,"NDVI":0.44}},{"type":"Feature","geometry":{"type":"Point","coordinates":[-1.25,46.59]},"properties":{"lat":46.59,"lon":-1.25,"fecha":"2025-07-17","temp_mean":23.0,"temp_max":30.4,"temp_min":15.9,"humidity_mean":67.0,"wind_speed_max":18.4,"wind_gusts_max":33.1,"precipitation":0.0,"soil_temp":24.35,"elevacion_centro":46.76,"cloud_cover":33.0,"NDVI":0.43}},{"type":"Feature","geometry":{"type":"Point","coordinates":[-4.16,40.23]},"properties":{"lat":40.23,"lon":-4.16,"fecha":"2025-07-17","temp_mean":29.2,"temp_max":37.8,"temp_min":19.5,"humidity_mean":23.0,"wind_speed_max":21.7,"wind_gusts_max":44.6,"precipitation":0.0,"soil_temp":31.47,"elevacion_centro":587.89,"cloud_cover":3.0,"NDVI":0.36}},{"type":"Feature","geometry":{"type":"Point","coordinates":[4.08,44.6]},"properties":{"lat":44.6,"lon":4.08,"fecha":"2025-07-17","temp_mean":21.2,"temp_max":27.3,"temp_min":15.8,"humidity_mean":56.0,"wind_speed_max":19.9,"wind_gusts_max":49.3,"precipitation":0.0,"soil_temp":25.72,"elevacion_centro":873.77,"cloud_cover":15.0,"NDVI":0.86}},{"type":"Feature","geometry":{"type":"Point","coordinates":[8.29,39.16]},"properties":{"lat":39.16,"lon":8.29,"fecha":"2025-07-17","temp_mean":26.3,"temp_max":29.1,"temp_min":24.0,"humidity_mean":72.0,"wind_speed_max":30.9,"wind_gusts_max":62.6,"precipitation":0.0,"soil_temp":27.84,"elevacion_centro":100.41,"cloud_cover":5.0,"NDVI":0.37}},{"type":"Feature","geometry":{"type":"Point","coordinates":[-3.0,40.29]},"properties":{"lat":40.29,"lon":-3.0,"fecha":"2025-07-17","temp_mean":29.7,"temp_max":37.5,"temp_min":20.5,"humidity_mean":22.0,"wind_speed_max":18.0,"wind_gusts_max":38.9,"precipitation":0.0,"soil_temp":28.21,"elevacion_centro":744.22,"cloud_cover":6.0,"NDVI":0.27}},{"type":"Feature","geometry":{"type":"Point","coordinates":[13.96,41.02]},"properties":{"lat":41.02,"lon":13.96,"fecha":"2025-07-18","temp_mean":26.5,"temp_max":31.6,"temp_min":22.0,"humidity_mean":62.0,"wind_speed_max":20.0,"wind_gusts_max":41.0,"precipitation":0.0,"soil_temp":28.0,"elevacion_centro":-0.98,"cloud_cover":3.0,"NDVI":0.61}},{"type":"Feature","geometry":{"type":"Point","coordinates":[15.88,41.55]},"properties":{"lat":41.55,"lon":15.88,"fecha":"2025-07-18","temp_mean":27.4,"temp_max":32.3,"temp_min":20.8,"humidity_mean":42.0,"wind_speed_max":11.0,"wind_gusts_max":27.7,"precipitation":0.0,"soil_temp":29.57,"elevacion_centro":0.12,"cloud_cover":0.0,"NDVI":0.65}},{"type":"Feature","geometry":{"type":"Point","coordinates":[-6.95,38.83]},"properties":{"lat":38.83,"lon":-6.95,"fecha":"2025-07-18","temp_mean":23.0,"temp_max":30.3,"temp_min":15.7,"humidity_mean":54.0,"wind_speed_max":24.5,"wind_gusts_max":50.0,"precipitation":0.0,"soil_temp":27.34,"elevacion_centro":211.14,"cloud_cover":3.0,"NDVI":0.38}},{"type":"Feature","geometry":{"type":"Point","coordinates":[-0.54,38.64]},"properties":{"lat":38.64,"lon":-0.54,"fecha":"2025-07-18","temp_mean":26.3,"temp_max":31.8,"temp_min":20.6,"humidity_mean":34.0,"wind_speed_max":15.9,"wind_gusts_max":40.3,"precipitation":0.0,"soil_temp":31.26,"elevacion_centro":1107.69,"cloud_cover":35.0,"NDVI":0.44}},{"type":"Feature","geometry":{"type":"Point","coordinates":[-4.75,40.4]},"properties":{"lat":40.4,"lon":-4.75,"fecha":"2025-07-18","temp_mean":24.0,"temp_max":29.4,"temp_min":16.2,"humidity_mean":34.0,"wind_speed_max":16.4,"wind_gusts_max":54.4,"precipitation":0.0,"soil_temp":24.74,"elevacion_centro":781.7,"cloud_cover":1.0,"NDVI":0.24}},{"type":"Feature","geometry":{"type":"Point","coordinates":[-4.63,36.92]},"properties":{"lat":36.92,"lon":-4.63,"fecha":"2025-07-19","temp_mean":25.1,"temp_max":31.8,"temp_min":18.4,"humidity_mean":41.0,"wind_speed_max":19.9,"wind_gusts_max":50.4,"precipitation":0.0,"soil_temp":28.72,"elevacion_centro":636.77,"cloud_cover":0.0,"NDVI":0.4}},{"type":"Feature","geometry":{"type":"Point","coordinates":[-5.16,39.31]},"properties":{"lat":39.31,"lon":-5.16,"fecha":"2025-07-19","temp_mean":24.5,"temp_max":31.3,"temp_min":17.1,"humidity_mean":44.0,"wind_speed_max":17.8,"wind_gusts_max":37.4,"precipitation":0.0,"soil_temp":26.83,"elevacion_centro":366.75,"cloud_cover":45.0,"NDVI":0.35}},{"type":"Feature","geometry":{"type":"Point","coordinates":[31.96,59.75]},"properties":{"lat":59.75,"lon":31.96,"fecha":"2025-07-19","temp_mean":18.7,"temp_max":24.5,"temp_min":11.4,"humidity_mean":70.0,"wind_speed_max":10.5,"wind_gusts_max":25.6,"precipitation":0.0,"soil_temp":18.78,"elevacion_centro":38.93,"cloud_cover":29.0,"NDVI":0.6}},{"type":"Feature","geometry":{"type":"Point","coordinates":[17.95,43.16]},"properties":{"lat":43.16,"lon":17.95,"fecha":"2025-07-19","temp_mean":21.8,"temp_max":28.3,"temp_min":13.6,"humidity_mean":54.0,"wind_speed_max":16.8,"wind_gusts_max":35.3,"precipitation":0.0,"soil_temp":24.27,"elevacion_centro":608.06,"cloud_cover":5.0,"NDVI":0.64}},{"type":"Feature","geometry":{"type":"Point","coordinates":[12.36,43.04]},"properties":{"lat":43.04,"lon":12.36,"fecha":"2025-07-19","temp_mean":26.4,"temp_max":33.2,"temp_min":19.2,"humidity_mean":60.0,"wind_speed_max":17.7,"wind_gusts_max":36.0,"precipitation":0.0,"soil_temp":28.14,"elevacion_centro":253.33,"cloud_cover":36.0,"NDVI":0.31}},{"type":"Feature","geometry":{"type":"Point","coordinates":[-2.08,37.22]},"properties":{"lat":37.22,"lon":-2.08,"fecha":"2025-07-19","temp_mean":29.3,"temp_max":35.7,"temp_min":22.2,"humidity_mean":21.0,"wind_speed_max":17.8,"wind_gusts_max":36.7,"precipitation":0.0,"soil_temp":33.37,"elevacion_centro":615.33,"cloud_cover":0.0,"NDVI":0.17}},{"type":"Feature","geometry":{"type":"Point","coordinates":[20.18,41.72]},"properties":{"lat":41.72,"lon":20.18,"fecha":"2025-07-20","temp_mean":19.4,"temp_max":24.4,"temp_min":13.1,"humidity_mean":48.0,"wind_speed_max":15.8,"wind_gusts_max":52.6,"precipitation":0.0,"soil_temp":26.59,"elevacion_centro":1499.71,"cloud_cover":9.0,"NDVI":0.57}},{"type":"Feature","geometry":{"type":"Point","coordinates":[29.42,38.79]},"properties":{"lat":38.79,"lon":29.42,"fecha":"2025-07-20","temp_mean":23.2,"temp_max":30.4,"temp_min":15.3,"humidity_mean":37.0,"wind_speed_max":21.6,"wind_gusts_max":48.2,"precipitation":0.0,"soil_temp":27.18,"elevacion_centro":1328.1,"cloud_cover":2.0,"NDVI":0.53}},{"type":"Feature","geometry":{"type":"Point","coordinates":[7.44,36.14]},"properties":{"lat":36.14,"lon":7.44,"fecha":"2025-07-20","temp_mean":29.0,"temp_max":39.0,"temp_min":21.7,"humidity_mean":32.0,"wind_speed_max":23.2,"wind_gusts_max":53.6,"precipitation":0.0,"soil_temp":29.56,"elevacion_centro":937.35,"cloud_cover":11.0,"NDVI":0.21}},{"type":"Feature","geometry":{"type":"Point","coordinates":[14.45,40.82]},"properties":{"lat":40.82,"lon":14.45,"fecha":"2025-07-20","temp_mean":23.7,"temp_max":29.0,"temp_min":17.9,"humidity_mean":58.0,"wind_speed_max":13.9,"wind_gusts_max":45.7,"precipitation":0.0,"soil_temp":28.22,"elevacion_centro":611.77,"cloud_cover":7.0,"NDVI":0.76}},{"type":"Feature","geometry":{"type":"Point","coordinates":[26.82,42.22]},"properties":{"lat":42.22,"lon":26.82,"fecha":"2025-07-20","temp_mean":26.8,"temp_max":33.2,"temp_min":18.5,"humidity_mean":41.0,"wind_speed_max":16.4,"wind_gusts_max":35.6,"precipitation":0.0,"soil_temp":28.14,"elevacion_centro":244.31,"cloud_cover":19.0,"NDVI":0.61}},{"type":"Feature","geometry":{"type":"Point","coordinates":[23.16,44.09]},"properties":{"lat":44.09,"lon":23.16,"fecha":"2025-07-21","temp_mean":30.4,"temp_max":37.3,"temp_min":22.4,"humidity_mean":42.0,"wind_speed_max":11.0,"wind_gusts_max":27.7,"precipitation":0.0,"soil_temp":31.87,"elevacion_centro":76.89,"cloud_cover":8.0,"NDVI":0.18}},{"type":"Feature","geometry":{"type":"Point","coordinates":[15.86,43.97]},"properties":{"lat":43.97,"lon":15.86,"fecha":"2025-07-21","temp_mean":27.6,"temp_max":32.9,"temp_min":21.1,"humidity_mean":51.0,"wind_speed_max":17.1,"wind_gusts_max":37.1,"precipitation":0.0,"soil_temp":29.48,"elevacion_centro":228.75,"cloud_cover":14.0,"NDVI":0.55}},{"type":"Feature","geometry":{"type":"Point","coordinates":[16.38,38.35]},"properties":{"lat":38.35,"lon":16.38,"fecha":"2025-07-21","temp_mean":30.9,"temp_max":36.5,"temp_min":25.4,"humidity_mean":37.0,"wind_speed_max":17.2,"wind_gusts_max":36.7,"precipitation":0.0,"soil_temp":36.82,"elevacion_centro":147.41,"cloud_cover":0.0,"NDVI":0.18}},{"type":"Feature","geometry":{"type":"Point","coordinates":[23.05,42.91]},"properties":{"lat":42.91,"lon":23.05,"fecha":"2025-07-21","temp_mean":23.8,"temp_max":31.5,"temp_min":15.2,"humidity_mean":50.0,"wind_speed_max":11.4,"wind_gusts_max":26.6,"precipitation":0.0,"soil_temp":25.05,"elevacion_centro":834.05,"cloud_cover":2.0,"NDVI":0.26}},{"type":"Feature","geometry":{"type":"Point","coordinates":[20.2,44.85]},"properties":{"lat":44.85,"lon":20.2,"fecha":"2025-07-21","temp_mean":30.1,"temp_max":37.2,"temp_min":20.5,"humidity_mean":51.0,"wind_speed_max":12.7,"wind_gusts_max":29.5,"precipitation":0.0,"soil_temp":29.75,"elevacion_centro":77.9,"cloud_cover":9.0,"NDVI":0.23}},{"type":"Feature","geometry":{"type":"Point","coordinates":[14.52,37.2]},"properties":{"lat":37.2,"lon":14.52,"fecha":"2025-07-21","temp_mean":27.9,"temp_max":35.5,"temp_min":20.4,"humidity_mean":51.0,"wind_speed_max":19.2,"wind_gusts_max":43.9,"precipitation":0.0,"soil_temp":31.6,"elevacion_centro":379.58,"cloud_cover":1.0,"NDVI":0.39}},{"type":"Feature","geometry":{"type":"Point","coordinates":[30.12,40.4]},"properties":{"lat":40.4,"lon":30.12,"fecha":"2025-07-21","temp_mean":23.2,"temp_max":30.9,"temp_min":16.0,"humidity_mean":36.0,"wind_speed_max":13.2,"wind_gusts_max":39.2,"precipitation":0.0,"soil_temp":24.67,"elevacion_centro":605.82,"cloud_cover":0.0,"NDVI":0.59}},{"type":"Feature","geometry":{"type":"Point","coordinates":[20.86,47.06]},"properties":{"lat":47.06,"lon":20.86,"fecha":"2025-07-22","temp_mean":26.0,"temp_max":31.3,"temp_min":19.8,"humidity_mean":46.0,"wind_speed_max":19.7,"wind_gusts_max":39.6,"precipitation":0.0,"soil_temp":28.69,"elevacion_centro":85.68,"cloud_cover":9.0,"NDVI":0.18}},{"type":"Feature","geometry":{"type":"Point","coordinates":[-3.59,37.21]},"properties":{"lat":37.21,"lon":-3.59,"fecha":"2025-07-22","temp_mean":28.3,"temp_max":35.2,"temp_min":21.0,"humidity_mean":24.0,"wind_speed_max":14.4,"wind_gusts_max":34.6,"precipitation":0.0,"soil_temp":30.89,"elevacion_centro":823.62,"cloud_cover":1.0,"NDVI":0.19}},{"type":"Feature","geometry":{"type":"Point","coordinates":[-8.69,37.79]},"properties":{"lat":37.79,"lon":-8.69,"fecha":"2025-07-22","temp_mean":20.4,"temp_max":26.2,"temp_min":14.4,"humidity_mean":73.0,"wind_speed_max":20.0,"wind_gusts_max":43.2,"precipitation":0.0,"soil_temp":24.69,"elevacion_centro":191.12,"cloud_cover":0.0,"NDVI":0.39}},{"type":"Feature","geometry":{"type":"Point","coordinates":[16.67,39.31]},"properties":{"lat":39.31,"lon":16.67,"fecha":"2025-07-22","temp_mean":24.3,"temp_max":30.2,"temp_min":17.9,"humidity_mean":31.0,"wind_speed_max":21.1,"wind_gusts_max":57.6,"precipitation":0.0,"soil_temp":32.44,"elevacion_centro":1225.88,"cloud_cover":0.0,"NDVI":0.38}},{"type":"Feature","geometry":{"type":"Point","coordinates":[22.5,44.17]},"properties":{"lat":44.17,"lon":22.5,"fecha":"2025-07-22","temp_mean":30.5,"temp_max":36.2,"temp_min":24.3,"humidity_mean":37.0,"wind_speed_max":19.0,"wind_gusts_max":38.9,"precipitation":0.1,"soil_temp":31.06,"elevacion_centro":186.43,"cloud_cover":8.0,"NDVI":0.52}},{"type":"Feature","geometry":{"type":"Point","coordinates":[30.5,39.18]},"properties":{"lat":39.18,"lon":30.5,"fecha":"2025-07-22","temp_mean":23.3,"temp_max":32.3,"temp_min":12.4,"humidity_mean":27.0,"wind_speed_max":11.4,"wind_gusts_max":27.7,"precipitation":0.0,"soil_temp":24.32,"elevacion_centro":1347.36,"cloud_cover":0.0,"NDVI":0.52}},{"type":"Feature","geometry":{"type":"Point","coordinates":[8.71,39.56]},"properties":{"lat":39.56,"lon":8.71,"fecha":"2025-07-22","temp_mean":26.6,"temp_max":31.9,"temp_min":22.8,"humidity_mean":57.0,"wind_speed_max":23.2,"wind_gusts_max":49.3,"precipitation":0.0,"soil_temp":26.18,"elevacion_centro":69.13,"cloud_cover":3.0,"NDVI":0.22}},{"type":"Feature","geometry":{"type":"Point","coordinates":[1.36,35.4]},"properties":{"lat":35.4,"lon":1.36,"fecha":"2025-07-22","temp_mean":30.2,"temp_max":37.8,"temp_min":22.6,"humidity_mean":32.0,"wind_speed_max":19.4,"wind_gusts_max":43.9,"precipitation":0.0,"soil_temp":32.06,"elevacion_centro":1047.43,"cloud_cover":63.0,"NDVI":0.15}},{"type":"Feature","geometry":{"type":"Point","coordinates":[8.64,39.79]},"properties":{"lat":39.79,"lon":8.64,"fecha":"2025-07-22","temp_mean":25.5,"temp_max":29.2,"temp_min":22.4,"humidity_mean":62.0,"wind_speed_max":21.9,"wind_gusts_max":46.8,"precipitation":0.0,"soil_temp":27.37,"elevacion_centro":14.3,"cloud_cover":1.0,"NDVI":0.54}},{"type":"Feature","geometry":{"type":"Point","coordinates":[14.79,36.81]},"properties":{"lat":36.81,"lon":14.79,"fecha":"2025-07-22","temp_mean":32.0,"temp_max":40.5,"temp_min":25.3,"humidity_mean":37.0,"wind_speed_max":22.3,"wind_gusts_max":45.7,"precipitation":0.0,"soil_temp":34.87,"elevacion_centro":331.67,"cloud_cover":0.0,"NDVI":0.54}},{"type":"Feature","geometry":{"type":"Point","coordinates":[24.88,42.38]},"properties":{"lat":42.38,"lon":24.88,"fecha":"2025-07-23","temp_mean":31.8,"temp_max":38.7,"temp_min":24.2,"humidity_mean":35.0,"wind_speed_max":20.4,"wind_gusts_max":36.7,"precipitation":0.0,"soil_temp":31.32,"elevacion_centro":221.0,"cloud_cover":17.0,"NDVI":0.77}},{"type":"Feature","geometry":{"type":"Point","coordinates":[30.32,40.62]},"properties":{"lat":40.62,"lon":30.32,"fecha":"2025-07-23","temp_mean":28.1,"temp_max":34.8,"temp_min":22.6,"humidity_mean":48.0,"wind_speed_max":12.0,"wind_gusts_max":29.9,"precipitation":0.0,"soil_temp":25.49,"elevacion_centro":93.27,"cloud_cover":0.0,"NDVI":0.88}},{"type":"Feature","geometry":{"type":"Point","coordinates":[4.62,36.26]},"properties":{"lat":36.26,"lon":4.62,"fecha":"2025-07-23","temp_mean":30.0,"temp_max":38.4,"temp_min":22.2,"humidity_mean":27.0,"wind_speed_max":23.0,"wind_gusts_max":54.0,"precipitation":0.0,"soil_temp":32.55,"elevacion_centro":1165.29,"cloud_cover":44.0,"NDVI":0.31}},{"type":"Feature","geometry":{"type":"Point","coordinates":[9.66,36.22]},"properties":{"lat":36.22,"lon":9.66,"fecha":"2025-07-23","temp_mean":33.3,"temp_max":42.7,"temp_min":24.0,"humidity_mean":32.0,"wind_speed_max":23.6,"wind_gusts_max":45.7,"precipitation":0.0,"soil_temp":32.64,"elevacion_centro":626.55,"cloud_cover":25.0,"NDVI":0.47}},{"type":"Feature","geometry":{"type":"Point","coordinates":[27.17,38.24]},"properties":{"lat":38.24,"lon":27.17,"fecha":"2025-07-23","temp_mean":32.6,"temp_max":41.5,"temp_min":25.1,"humidity_mean":32.0,"wind_speed_max":11.4,"wind_gusts_max":22.3,"precipitation":0.0,"soil_temp":36.69,"elevacion_centro":85.43,"cloud_cover":0.0,"NDVI":0.69}},{"type":"Feature","geometry":{"type":"Point","coordinates":[29.36,37.89]},"properties":{"lat":37.89,"lon":29.36,"fecha":"2025-07-23","temp_mean":30.1,"temp_max":37.8,"temp_min":20.7,"humidity_mean":21.0,"wind_speed_max":6.0,"wind_gusts_max":23.0,"precipitation":0.0,"soil_temp":29.87,"elevacion_centro":799.56,"cloud_cover":0.0,"NDVI":0.12}},{"type":"Feature","geometry":{"type":"Point","coordinates":[34.84,38.23]},"properties":{"lat":38.23,"lon":34.84,"fecha":"2025-07-23","temp_mean":27.3,"temp_max":34.8,"temp_min":18.2,"humidity_mean":21.0,"wind_speed_max":15.1,"wind_gusts_max":32.0,"precipitation":0.0,"soil_temp":24.28,"elevacion_centro":1369.32,"cloud_cover":0.0,"NDVI":0.64}},{"type":"Feature","geometry":{"type":"Point","coordinates":[14.45,37.1]},"properties":{"lat":37.1,"lon":14.45,"fecha":"2025-07-24","temp_mean":30.0,"temp_max":37.5,"temp_min":23.9,"humidity_mean":35.0,"wind_speed_max":14.7,"wind_gusts_max":31.0,"precipitation":0.0,"soil_temp":33.17,"elevacion_centro":117.9,"cloud_cover":0.0,"NDVI":0.6}},{"type":"Feature","geometry":{"type":"Point","coordinates":[-6.18,39.17]},"properties":{"lat":39.17,"lon":-6.18,"fecha":"2025-07-24","temp_mean":26.6,"temp_max":33.2,"temp_min":19.4,"humidity_mean":29.0,"wind_speed_max":20.0,"wind_gusts_max":40.3,"precipitation":0.0,"soil_temp":28.33,"elevacion_centro":360.71,"cloud_cover":36.0,"NDVI":0.35}},{"type":"Feature","geometry":{"type":"Point","coordinates":[6.04,36.09]},"properties":{"lat":36.09,"lon":6.04,"fecha":"2025-07-24","temp_mean":32.4,"temp_max":40.1,"temp_min":23.5,"humidity_mean":23.0,"wind_speed_max":29.0,"wind_gusts_max":56.2,"precipitation":0.0,"soil_temp":32.17,"elevacion_centro":857.21,"cloud_cover":10.0,"NDVI":0.09}},{"type":"Feature","geometry":{"type":"Point","coordinates":[25.11,43.78]},"properties":{"lat":43.78,"lon":25.11,"fecha":"2025-07-24","temp_mean":27.4,"temp_max":33.1,"temp_min":22.0,"humidity_mean":63.0,"wind_speed_max":21.0,"wind_gusts_max":37.4,"precipitation":1.6,"soil_temp":31.4,"elevacion_centro":92.08,"cloud_cover":16.0,"NDVI":0.17}},{"type":"Feature","geometry":{"type":"Point","coordinates":[17.56,43.81]},"properties":{"lat":43.81,"lon":17.56,"fecha":"2025-07-24","temp_mean":23.6,"temp_max":29.7,"temp_min":16.9,"humidity_mean":54.0,"wind_speed_max":12.9,"wind_gusts_max":42.1,"precipitation":0.0,"soil_temp":22.47,"elevacion_centro":909.89,"cloud_cover":3.0,"NDVI":0.58}},{"type":"Feature","geometry":{"type":"Point","coordinates":[30.03,38.82]},"properties":{"lat":38.82,"lon":30.03,"fecha":"2025-07-24","temp_mean":26.5,"temp_max":34.6,"temp_min":18.1,"humidity_mean":33.0,"wind_speed_max":20.2,"wind_gusts_max":39.6,"precipitation":0.0,"soil_temp":27.81,"elevacion_centro":1260.96,"cloud_cover":1.0,"NDVI":0.57}},{"type":"Feature","geometry":{"type":"Point","coordinates":[32.77,41.11]},"properties":{"lat":41.11,"lon":32.77,"fecha":"2025-07-24","temp_mean":26.5,"temp_max":35.5,"temp_min":17.8,"humidity_mean":33.0,"wind_speed_max":16.3,"wind_gusts_max":47.5,"precipitation":0.0,"soil_temp":25.67,"elevacion_centro":703.02,"cloud_cover":0.0,"NDVI":0.62}},{"type":"Feature","geometry":{"type":"Point","coordinates":[8.91,35.4]},"properties":{"lat":35.4,"lon":8.91,"fecha":"2025-07-24","temp_mean":32.5,"temp_max":38.0,"temp_min":26.6,"humidity_mean":17.0,"wind_speed_max":23.7,"wind_gusts_max":45.7,"precipitation":0.0,"soil_temp":33.12,"elevacion_centro":945.04,"cloud_cover":34.0,"NDVI":0.25}},{"type":"Feature","geometry":{"type":"Point","coordinates":[20.02,39.98]},"properties":{"lat":39.98,"lon":20.02,"fecha":"2025-07-25","temp_mean":31.1,"temp_max":36.0,"temp_min":24.5,"humidity_mean":49.0,"wind_speed_max":11.3,"wind_gusts_max":28.8,"precipitation":0.0,"soil_temp":33.09,"elevacion_centro":110.92,"cloud_cover":0.0,"NDVI":0.23}},{"type":"Feature","geometry":{"type":"Point","coordinates":[12.75,38.03]},"properties":{"lat":38.03,"lon":12.75,"fecha":"2025-07-25","temp_mean":33.1,"temp_max":39.5,"temp_min":27.8,"humidity_mean":28.0,"wind_speed_max":32.3,"wind_gusts_max":70.6,"precipitation":0.0,"soil_temp":32.03,"elevacion_centro":213.91,"cloud_cover":24.0,"NDVI":0.3}},{"type":"Feature","geometry":{"type":"Point","coordinates":[21.81,41.33]},"properties":{"lat":41.33,"lon":21.81,"fecha":"2025-07-25","temp_mean":28.6,"temp_max":36.2,"temp_min":19.7,"humidity_mean":34.0,"wind_speed_max":13.5,"wind_gusts_max":38.9,"precipitation":0.0,"soil_temp":32.23,"elevacion_centro":844.49,"cloud_cover":4.0,"NDVI":0.63}},{"type":"Feature","geometry":{"type":"Point","coordinates":[20.58,39.35]},"properties":{"lat":39.35,"lon":20.58,"fecha":"2025-07-25","temp_mean":32.2,"temp_max":40.8,"temp_min":22.9,"humidity_mean":35.0,"wind_speed_max":19.2,"wind_gusts_max":45.4,"precipitation":0.0,"soil_temp":33.64,"elevacion_centro":171.37,"cloud_cover":1.0,"NDVI":0.54}},{"type":"Feature","geometry":{"type":"Point","coordinates":[13.96,41.42]},"properties":{"lat":41.42,"lon":13.96,"fecha":"2025-07-25","temp_mean":28.7,"temp_max":37.0,"temp_min":19.3,"humidity_mean":37.0,"wind_speed_max":14.0,"wind_gusts_max":38.9,"precipitation":0.0,"soil_temp":28.74,"elevacion_centro":239.16,"cloud_cover":19.0,"NDVI":0.36}},{"type":"Feature","geometry":{"type":"Point","coordinates":[22.85,40.99]},"properties":{"lat":40.99,"lon":22.85,"fecha":"2025-07-25","temp_mean":32.2,"temp_max":40.3,"temp_min":24.5,"humidity_mean":39.0,"wind_speed_max":19.2,"wind_gusts_max":38.9,"precipitation":0.0,"soil_temp":34.26,"elevacion_centro":252.08,"cloud_cover":1.0,"NDVI":0.23}},{"type":"Feature","geometry":{"type":"Point","coordinates":[21.13,43.01]},"properties":{"lat":43.01,"lon":21.13,"fecha":"2025-07-25","temp_mean":28.5,"temp_max":35.4,"temp_min":22.0,"humidity_mean":35.0,"wind_speed_max":14.8,"wind_gusts_max":36.4,"precipitation":0.1,"soil_temp":28.48,"elevacion_centro":753.14,"cloud_cover":9.0,"NDVI":0.85}},{"type":"Feature","geometry":{"type":"Point","coordinates":[-6.72,41.89]},"properties":{"lat":41.89,"lon":-6.72,"fecha":"2025-07-25","temp_mean":19.7,"temp_max":27.6,"temp_min":11.4,"humidity_mean":44.0,"wind_speed_max":14.4,"wind_gusts_max":34.9,"precipitation":0.0,"soil_temp":20.38,"elevacion_centro":762.02,"cloud_cover":1.0,"NDVI":0.62}},{"type":"Feature","geometry":{"type":"Point","coordinates":[14.66,40.77]},"properties":{"lat":40.77,"lon":14.66,"fecha":"2025-07-25","temp_mean":32.3,"temp_max":40.2,"temp_min":23.2,"humidity_mean":29.0,"wind_speed_max":12.9,"wind_gusts_max":38.5,"precipitation":0.0,"soil_temp":29.7,"elevacion_centro":66.44,"cloud_cover":16.0,"NDVI":0.05}},{"type":"Feature","geometry":{"type":"Point","coordinates":[19.72,40.35]},"properties":{"lat":40.35,"lon":19.72,"fecha":"2025-07-25","temp_mean":27.7,"temp_max":32.6,"temp_min":22.4,"humidity_mean":27.0,"wind_speed_max":12.1,"wind_gusts_max":44.3,"precipitation":0.0,"soil_temp":31.24,"elevacion_centro":1174.38,"cloud_cover":0.0,"NDVI":0.3}},{"type":"Feature","geometry":{"type":"Point","coordinates":[32.52,36.24]},"properties":{"lat":36.24,"lon":32.52,"fecha":"2025-07-25","temp_mean":28.9,"temp_max":34.8,"temp_min":21.7,"humidity_mean":32.0,"wind_speed_max":12.2,"wind_gusts_max":40.7,"precipitation":0.0,"soil_temp":35.62,"elevacion_centro":714.46,"cloud_cover":0.0,"NDVI":0.79}},{"type":"Feature","geometry":{"type":"Point","coordinates":[32.78,41.05]},"properties":{"lat":41.05,"lon":32.78,"fecha":"2025-07-25","temp_mean":23.1,"temp_max":30.3,"temp_min":16.2,"humidity_mean":38.0,"wind_speed_max":14.7,"wind_gusts_max":40.3,"precipitation":0.0,"soil_temp":25.2,"elevacion_centro":1071.01,"cloud_cover":0.0,"NDVI":0.75}},{"type":"Feature","geometry":{"type":"Point","coordinates":[29.72,38.61]},"properties":{"lat":38.61,"lon":29.72,"fecha":"2025-07-25","temp_mean":27.4,"temp_max":34.3,"temp_min":21.2,"humidity_mean":26.0,"wind_speed_max":22.9,"wind_gusts_max":46.4,"precipitation":0.0,"soil_temp":27.55,"elevacion_centro":1049.02,"cloud_cover":0.0,"NDVI":0.58}},{"type":"Feature","geometry":{"type":"Point","coordinates":[24.28,44.36]},"properties":{"lat":44.36,"lon":24.28,"fecha":"2025-07-26","temp_mean":32.0,"temp_max":39.3,"temp_min":23.1,"humidity_mean":43.0,"wind_speed_max":14.8,"wind_gusts_max":28.4,"precipitation":0.0,"soil_temp":32.4,"elevacion_centro":123.86,"cloud_cover":7.0,"NDVI":0.2}},{"type":"Feature","geometry":{"type":"Point","coordinates":[23.7,38.53]},"properties":{"lat":38.53,"lon":23.7,"fecha":"2025-07-26","temp_mean":28.3,"temp_max":33.2,"temp_min":24.0,"humidity_mean":41.0,"wind_speed_max":21.1,"wind_gusts_max":50.0,"precipitation":0.0,"soil_temp":31.67,"elevacion_centro":232.4,"cloud_cover":0.0,"NDVI":0.34}},{"type":"Feature","geometry":{"type":"Point","coordinates":[24.51,43.89]},"properties":{"lat":43.89,"lon":24.51,"fecha":"2025-07-26","temp_mean":32.7,"temp_max":40.2,"temp_min":23.6,"humidity_mean":38.0,"wind_speed_max":16.6,"wind_gusts_max":34.9,"precipitation":0.0,"soil_temp":34.36,"elevacion_centro":56.64,"cloud_cover":2.0,"NDVI":0.16}},{"type":"Feature","geometry":{"type":"Point","coordinates":[19.4,43.12]},"properties":{"lat":43.12,"lon":19.4,"fecha":"2025-07-26","temp_mean":24.3,"temp_max":31.4,"temp_min":17.4,"humidity_mean":40.0,"wind_speed_max":21.8,"wind_gusts_max":61.6,"precipitation":2.3,"soil_temp":22.97,"elevacion_centro":1379.49,"cloud_cover":40.0,"NDVI":0.88}},{"type":"Feature","geometry":{"type":"Point","coordinates":[21.93,42.56]},"properties":{"lat":42.56,"lon":21.93,"fecha":"2025-07-26","temp_mean":28.8,"temp_max":38.5,"temp_min":18.0,"humidity_mean":43.0,"wind_speed_max":10.3,"wind_gusts_max":32.4,"precipitation":0.0,"soil_temp":28.5,"elevacion_centro":478.89,"cloud_cover":14.0,"NDVI":0.59}},{"type":"Feature","geometry":{"type":"Point","coordinates":[20.22,39.72]},"properties":{"lat":39.72,"lon":20.22,"fecha":"2025-07-26","temp_mean":31.9,"temp_max":37.8,"temp_min":26.3,"humidity_mean":36.0,"wind_speed_max":10.3,"wind_gusts_max":34.2,"precipitation":0.0,"soil_temp":33.96,"elevacion_centro":373.35,"cloud_cover":4.0,"NDVI":0.5}},{"type":"Feature","geometry":{"type":"Point","coordinates":[20.92,42.87]},"properties":{"lat":42.87,"lon":20.92,"fecha":"2025-07-26","temp_mean":30.4,"temp_max":38.2,"temp_min":22.4,"humidity_mean":28.0,"wind_speed_max":19.8,"wind_gusts_max":42.8,"precipitation":0.0,"soil_temp":27.52,"elevacion_centro":727.12,"cloud_cover":34.0,"NDVI":0.32}},{"type":"Feature","geometry":{"type":"Point","coordinates":[22.96,36.23]},"properties":{"lat":36.23,"lon":22.96,"fecha":"2025-07-26","temp_mean":31.1,"temp_max":36.1,"temp_min":25.8,"humidity_mean":36.0,"wind_speed_max":34.3,"wind_gusts_max":73.8,"precipitation":0.0,"soil_temp":36.97,"elevacion_centro":395.12,"cloud_cover":0.0,"NDVI":0.4}},{"type":"Feature","geometry":{"type":"Point","coordinates":[21.8,37.23]},"properties":{"lat":37.23,"lon":21.8,"fecha":"2025-07-26","temp_mean":28.7,"temp_max":36.0,"temp_min":21.5,"humidity_mean":41.0,"wind_speed_max":14.5,"wind_gusts_max":37.1,"precipitation":0.0,"soil_temp":35.19,"elevacion_centro":727.19,"cloud_cover":6.0,"NDVI":0.65}},{"type":"Feature","geometry":{"type":"Point","coordinates":[19.5,42.57]},"properties":{"lat":42.57,"lon":19.5,"fecha":"2025-07-26","temp_mean":22.5,"temp_max":28.5,"temp_min":15.6,"humidity_mean":38.0,"wind_speed_max":17.6,"wind_gusts_max":55.1,"precipitation":1.0,"soil_temp":28.0,"elevacion_centro":1636.91,"cloud_cover":27.0,"NDVI":0.84}},{"type":"Feature","geometry":{"type":"Point","coordinates":[19.87,40.69]},"properties":{"lat":40.69,"lon":19.87,"fecha":"2025-07-26","temp_mean":29.6,"temp_max":38.2,"temp_min":22.9,"humidity_mean":36.0,"wind_speed_max":15.3,"wind_gusts_max":45.0,"precipitation":0.0,"soil_temp":32.42,"elevacion_centro":655.07,"cloud_cover":12.0,"NDVI":0.3}},{"type":"Feature","geometry":{"type":"Point","coordinates":[2.96,43.03]},"properties":{"lat":43.03,"lon":2.96,"fecha":"2025-07-26","temp_mean":23.4,"temp_max":28.6,"temp_min":18.2,"humidity_mean":54.0,"wind_speed_max":38.9,"wind_gusts_max":73.1,"precipitation":0.0,"soil_temp":24.97,"elevacion_centro":13.36,"cloud_cover":17.0,"NDVI":0.36}},{"type":"Feature","geometry":{"type":"Point","coordinates":[33.84,36.35]},"properties":{"lat":36.35,"lon":33.84,"fecha":"2025-07-26","temp_mean":32.1,"temp_max":39.0,"temp_min":26.8,"humidity_mean":30.0,"wind_speed_max":33.1,"wind_gusts_max":77.0,"precipitation":0.0,"soil_temp":34.99,"elevacion_centro":333.8,"cloud_cover":1.0,"NDVI":0.51}},{"type":"Feature","geometry":{"type":"Point","coordinates":[22.61,42.06]},"properties":{"lat":42.06,"lon":22.61,"fecha":"2025-07-27","temp_mean":26.1,"temp_max":30.7,"temp_min":20.5,"humidity_mean":44.0,"wind_speed_max":19.2,"wind_gusts_max":48.2,"precipitation":0.2,"soil_temp":28.61,"elevacion_centro":985.02,"cloud_cover":8.0,"NDVI":0.85}},{"type":"Feature","geometry":{"type":"Point","coordinates":[21.01,41.39]},"properties":{"lat":41.39,"lon":21.01,"fecha":"2025-07-27","temp_mean":23.2,"temp_max":29.5,"temp_min":14.7,"humidity_mean":52.0,"wind_speed_max":17.8,"wind_gusts_max":47.9,"precipitation":0.5,"soil_temp":28.66,"elevacion_centro":1117.8,"cloud_cover":9.0,"NDVI":0.53}},{"type":"Feature","geometry":{"type":"Point","coordinates":[20.69,42.65]},"properties":{"lat":42.65,"lon":20.69,"fecha":"2025-07-27","temp_mean":25.0,"temp_max":30.6,"temp_min":19.1,"humidity_mean":46.0,"wind_speed_max":32.0,"wind_gusts_max":64.1,"precipitation":0.4,"soil_temp":28.04,"elevacion_centro":560.93,"cloud_cover":30.0,"NDVI":0.18}},{"type":"Feature","geometry":{"type":"Point","coordinates":[29.08,39.74]},"properties":{"lat":39.74,"lon":29.08,"fecha":"2025-07-27","temp_mean":26.4,"temp_max":36.7,"temp_min":14.8,"humidity_mean":38.0,"wind_speed_max":14.4,"wind_gusts_max":33.8,"precipitation":0.0,"soil_temp":29.51,"elevacion_centro":955.2,"cloud_cover":0.0,"NDVI":0.42}},{"type":"Feature","geometry":{"type":"Point","coordinates":[29.67,38.56]},"properties":{"lat":38.56,"lon":29.67,"fecha":"2025-07-27","temp_mean":30.0,"temp_max":38.8,"temp_min":20.1,"humidity_mean":18.0,"wind_speed_max":17.9,"wind_gusts_max":37.4,"precipitation":0.0,"soil_temp":30.04,"elevacion_centro":950.95,"cloud_cover":0.0,"NDVI":0.2}},{"type":"Feature","geometry":{"type":"Point","coordinates":[22.6,41.59]},"properties":{"lat":41.59,"lon":22.6,"fecha":"2025-07-27","temp_mean":28.1,"temp_max":34.0,"temp_min":22.0,"humidity_mean":45.0,"wind_speed_max":16.1,"wind_gusts_max":43.2,"precipitation":0.0,"soil_temp":30.77,"elevacion_centro":523.42,"cloud_cover":8.0,"NDVI":0.63}},{"type":"Feature","geometry":{"type":"Point","coordinates":[25.14,41.92]},"properties":{"lat":41.92,"lon":25.14,"fecha":"2025-07-27","temp_mean":28.8,"temp_max":36.4,"temp_min":21.1,"humidity_mean":43.0,"wind_speed_max":14.8,"wind_gusts_max":34.6,"precipitation":0.0,"soil_temp":31.81,"elevacion_centro":338.64,"cloud_cover":0.0,"NDVI":0.76}},{"type":"Feature","geometry":{"type":"Point","coordinates":[23.27,41.68]},"properties":{"lat":41.68,"lon":23.27,"fecha":"2025-07-27","temp_mean":24.7,"temp_max":29.7,"temp_min":19.8,"humidity_mean":48.0,"wind_speed_max":9.7,"wind_gusts_max":33.1,"precipitation":0.0,"soil_temp":31.18,"elevacion_centro":897.56,"cloud_cover":7.0,"NDVI":0.79}},{"type":"Feature","geometry":{"type":"Point","coordinates":[18.64,42.38]},"properties":{"lat":42.38,"lon":18.64,"fecha":"2025-07-27","temp_mean":24.0,"temp_max":26.9,"temp_min":20.9,"humidity_mean":64.0,"wind_speed_max":21.1,"wind_gusts_max":54.0,"precipitation":1.4,"soil_temp":27.02,"elevacion_centro":126.2,"cloud_cover":24.0,"NDVI":0.49}},{"type":"Feature","geometry":{"type":"Point","coordinates":[13.42,37.36]},"properties":{"lat":37.36,"lon":13.42,"fecha":"2025-07-27","temp_mean":26.2,"temp_max":30.0,"temp_min":23.5,"humidity_mean":60.0,"wind_speed_max":40.3,"wind_gusts_max":73.8,"precipitation":0.0,"soil_temp":27.61,"elevacion_centro":82.52,"cloud_cover":2.0,"NDVI":0.23}},{"type":"Feature","geometry":{"type":"Point","coordinates":[26.67,40.47]},"properties":{"lat":40.47,"lon":26.67,"fecha":"2025-07-27","temp_mean":28.5,"temp_max":33.8,"temp_min":24.2,"humidity_mean":57.0,"wind_speed_max":19.4,"wind_gusts_max":40.3,"precipitation":0.0,"soil_temp":32.03,"elevacion_centro":73.89,"cloud_cover":5.0,"NDVI":0.16}},{"type":"Feature","geometry":{"type":"Point","coordinates":[27.25,38.37]},"properties":{"lat":38.37,"lon":27.25,"fecha":"2025-07-28","temp_mean":28.9,"temp_max":38.0,"temp_min":22.2,"humidity_mean":51.0,"wind_speed_max":16.0,"wind_gusts_max":40.7,"precipitation":0.0,"soil_temp":33.78,"elevacion_centro":210.49,"cloud_cover":0.0,"NDVI":0.7}},{"type":"Feature","geometry":{"type":"Point","coordinates":[17.17,39.03]},"properties":{"lat":39.03,"lon":17.17,"fecha":"2025-07-28","temp_mean":27.3,"temp_max":32.2,"temp_min":23.2,"humidity_mean":54.0,"wind_speed_max":42.6,"wind_gusts_max":75.6,"precipitation":0.0,"soil_temp":28.38,"elevacion_centro":62.21,"cloud_cover":6.0,"NDVI":0.23}},{"type":"Feature","geometry":{"type":"Point","coordinates":[8.68,40.7]},"properties":{"lat":40.7,"lon":8.68,"fecha":"2025-07-28","temp_mean":21.0,"temp_max":23.8,"temp_min":18.1,"humidity_mean":69.0,"wind_speed_max":38.4,"wind_gusts_max":77.8,"precipitation":0.4,"soil_temp":22.86,"elevacion_centro":446.04,"cloud_cover":24.0,"NDVI":0.38}},{"type":"Feature","geometry":{"type":"Point","coordinates":[21.77,37.06]},"properties":{"lat":37.06,"lon":21.77,"fecha":"2025-07-28","temp_mean":23.2,"temp_max":27.2,"temp_min":20.6,"humidity_mean":70.0,"wind_speed_max":26.5,"wind_gusts_max":59.4,"precipitation":0.0,"soil_temp":29.95,"elevacion_centro":455.25,"cloud_cover":4.0,"NDVI":0.27}},{"type":"Feature","geometry":{"type":"Point","coordinates":[-8.23,41.8]},"properties":{"lat":41.8,"lon":-8.23,"fecha":"2025-07-28","temp_mean":20.2,"temp_max":27.5,"temp_min":13.7,"humidity_mean":59.0,"wind_speed_max":16.6,"wind_gusts_max":48.6,"precipitation":0.0,"soil_temp":21.98,"elevacion_centro":837.67,"cloud_cover":4.0,"NDVI":0.72}},{"type":"Feature","geometry":{"type":"Point","coordinates":[-5.06,40.28]},"properties":{"lat":40.28,"lon":-5.06,"fecha":"2025-07-29","temp_mean":20.4,"temp_max":26.9,"temp_min":13.4,"humidity_mean":37.0,"wind_speed_max":14.2,"wind_gusts_max":41.0,"precipitation":0.0,"soil_temp":22.3,"elevacion_centro":1179.46,"cloud_cover":0.0,"NDVI":0.85}},{"type":"Feature","geometry":{"type":"Point","coordinates":[33.93,40.85]},"properties":{"lat":40.85,"lon":33.93,"fecha":"2025-07-29","temp_mean":25.5,"temp_max":35.0,"temp_min":15.5,"humidity_mean":30.0,"wind_speed_max":13.9,"wind_gusts_max":41.4,"precipitation":0.0,"soil_temp":29.63,"elevacion_centro":1681.29,"cloud_cover":14.0,"NDVI":0.79}},{"type":"Feature","geometry":{"type":"Point","coordinates":[22.71,39.71]},"properties":{"lat":39.71,"lon":22.71,"fecha":"2025-07-29","temp_mean":28.5,"temp_max":35.3,"temp_min":22.2,"humidity_mean":42.0,"wind_speed_max":20.4,"wind_gusts_max":47.5,"precipitation":0.0,"soil_temp":33.05,"elevacion_centro":258.04,"cloud_cover":10.0,"NDVI":0.59}},{"type":"Feature","geometry":{"type":"Point","coordinates":[-8.19,42.3]},"properties":{"lat":42.3,"lon":-8.19,"fecha":"2025-07-29","temp_mean":21.1,"temp_max":29.6,"temp_min":14.8,"humidity_mean":62.0,"wind_speed_max":18.2,"wind_gusts_max":47.2,"precipitation":0.0,"soil_temp":21.36,"elevacion_centro":327.68,"cloud_cover":2.0,"NDVI":0.86}},{"type":"Feature","geometry":{"type":"Point","coordinates":[-7.2,40.08]},"properties":{"lat":40.08,"lon":-7.2,"fecha":"2025-07-29","temp_mean":27.4,"temp_max":35.5,"temp_min":18.4,"humidity_mean":28.0,"wind_speed_max":21.0,"wind_gusts_max":40.3,"precipitation":0.0,"soil_temp":28.7,"elevacion_centro":425.9,"cloud_cover":0.0,"NDVI":0.43}},{"type":"Feature","geometry":{"type":"Point","coordinates":[22.11,38.23]},"properties":{"lat":38.23,"lon":22.11,"fecha":"2025-07-29","temp_mean":28.5,"temp_max":33.1,"temp_min":23.8,"humidity_mean":53.0,"wind_speed_max":24.8,"wind_gusts_max":56.2,"precipitation":0.0,"soil_temp":26.43,"elevacion_centro":29.02,"cloud_cover":3.0,"NDVI":0.19}},{"type":"Feature","geometry":{"type":"Point","coordinates":[26.5,42.05]},"properties":{"lat":42.05,"lon":26.5,"fecha":"2025-07-29","temp_mean":27.8,"temp_max":34.5,"temp_min":23.0,"humidity_mean":53.0,"wind_speed_max":24.3,"wind_gusts_max":46.8,"precipitation":1.1,"soil_temp":31.91,"elevacion_centro":177.15,"cloud_cover":20.0,"NDVI":0.4}},{"type":"Feature","geometry":{"type":"Point","coordinates":[-8.37,41.09]},"properties":{"lat":41.09,"lon":-8.37,"fecha":"2025-07-29","temp_mean":26.3,"temp_max":33.2,"temp_min":19.8,"humidity_mean":40.0,"wind_speed_max":20.0,"wind_gusts_max":43.9,"precipitation":0.0,"soil_temp":24.28,"elevacion_centro":242.54,"cloud_cover":0.0,"NDVI":0.58}},{"type":"Feature","geometry":{"type":"Point","coordinates":[-3.03,36.82]},"properties":{"lat":36.82,"lon":-3.03,"fecha":"2025-07-29","temp_mean":25.3,"temp_max":28.0,"temp_min":22.5,"humidity_mean":64.0,"wind_speed_max":11.9,"wind_gusts_max":32.8,"precipitation":0.1,"soil_temp":30.64,"elevacion_centro":231.35,"cloud_cover":20.0,"NDVI":0.22}},{"type":"Feature","geometry":{"type":"Point","coordinates":[-7.65,39.56]},"properties":{"lat":39.56,"lon":-7.65,"fecha":"2025-07-29","temp_mean":28.8,"temp_max":36.2,"temp_min":22.1,"humidity_mean":27.0,"wind_speed_max":24.8,"wind_gusts_max":49.7,"precipitation":0.0,"soil_temp":30.96,"elevacion_centro":244.89,"cloud_cover":0.0,"NDVI":0.52}},{"type":"Feature","geometry":{"type":"Point","coordinates":[-7.71,40.46]},"properties":{"lat":40.46,"lon":-7.71,"fecha":"2025-07-30","temp_mean":26.5,"temp_max":32.8,"temp_min":19.7,"humidity_mean":33.0,"wind_speed_max":19.0,"wind_gusts_max":37.1,"precipitation":0.0,"soil_temp":26.29,"elevacion_centro":468.9,"cloud_cover":0.0,"NDVI":0.61}},{"type":"Feature","geometry":{"type":"Point","coordinates":[-9.35,38.79]},"properties":{"lat":38.79,"lon":-9.35,"fecha":"2025-07-30","temp_mean":27.6,"temp_max":32.4,"temp_min":22.4,"humidity_mean":39.0,"wind_speed_max":18.6,"wind_gusts_max":38.5,"precipitation":0.0,"soil_temp":26.31,"elevacion_centro":182.04,"cloud_cover":15.0,"NDVI":0.08}},{"type":"Feature","geometry":{"type":"Point","coordinates":[-8.44,41.14]},"properties":{"lat":41.14,"lon":-8.44,"fecha":"2025-07-30","temp_mean":29.2,"temp_max":36.5,"temp_min":22.6,"humidity_mean":34.0,"wind_speed_max":21.6,"wind_gusts_max":47.5,"precipitation":0.0,"soil_temp":27.04,"elevacion_centro":175.42,"cloud_cover":0.0,"NDVI":0.54}},{"type":"Feature","geometry":{"type":"Point","coordinates":[-6.33,40.35]},"properties":{"lat":40.35,"lon":-6.33,"fecha":"2025-07-30","temp_mean":24.3,"temp_max":32.1,"temp_min":15.4,"humidity_mean":35.0,"wind_speed_max":12.9,"wind_gusts_max":37.4,"precipitation":0.0,"soil_temp":27.01,"elevacion_centro":856.04,"cloud_cover":0.0,"NDVI":0.79}},{"type":"Feature","geometry":{"type":"Point","coordinates":[4.88,43.44]},"properties":{"lat":43.44,"lon":4.88,"fecha":"2025-07-31","temp_mean":25.3,"temp_max":29.2,"temp_min":20.9,"humidity_mean":46.0,"wind_speed_max":23.6,"wind_gusts_max":51.1,"precipitation":0.0,"soil_temp":28.97,"elevacion_centro":3.64,"cloud_cover":0.0,"NDVI":0.69}},{"type":"Feature","geometry":{"type":"Point","coordinates":[21.35,37.96]},"properties":{"lat":37.96,"lon":21.35,"fecha":"2025-08-01","temp_mean":25.5,"temp_max":30.3,"temp_min":19.6,"humidity_mean":68.0,"wind_speed_max":16.5,"wind_gusts_max":33.8,"precipitation":0.0,"soil_temp":29.88,"elevacion_centro":75.09,"cloud_cover":3.0,"NDVI":0.29}},{"type":"Feature","geometry":{"type":"Point","coordinates":[29.79,66.99]},"properties":{"lat":66.99,"lon":29.79,"fecha":"2025-08-01","temp_mean":21.4,"temp_max":26.2,"temp_min":16.5,"humidity_mean":65.0,"wind_speed_max":15.5,"wind_gusts_max":36.0,"precipitation":0.0,"soil_temp":20.6,"elevacion_centro":268.64,"cloud_cover":26.0,"NDVI":0.79}},{"type":"Feature","geometry":{"type":"Point","coordinates":[14.92,37.38]},"properties":{"lat":37.38,"lon":14.92,"fecha":"2025-08-01","temp_mean":26.5,"temp_max":33.7,"temp_min":19.9,"humidity_mean":60.0,"wind_speed_max":24.3,"wind_gusts_max":48.2,"precipitation":0.0,"soil_temp":29.91,"elevacion_centro":22.9,"cloud_cover":4.0,"NDVI":0.28}},{"type":"Feature","geometry":{"type":"Point","coordinates":[-7.33,41.93]},"properties":{"lat":41.93,"lon":-7.33,"fecha":"2025-08-02","temp_mean":22.3,"temp_max":30.9,"temp_min":13.4,"humidity_mean":51.0,"wind_speed_max":10.5,"wind_gusts_max":27.4,"precipitation":0.0,"soil_temp":25.43,"elevacion_centro":843.29,"cloud_cover":7.0,"NDVI":0.46}},{"type":"Feature","geometry":{"type":"Point","coordinates":[15.94,40.97]},"properties":{"lat":40.97,"lon":15.94,"fecha":"2025-08-03","temp_mean":24.0,"temp_max":31.5,"temp_min":16.9,"humidity_mean":57.0,"wind_speed_max":20.3,"wind_gusts_max":41.8,"precipitation":0.2,"soil_temp":29.47,"elevacion_centro":341.43,"cloud_cover":9.0,"NDVI":0.65}},{"type":"Feature","geometry":{"type":"Point","coordinates":[-8.91,43.26]},"properties":{"lat":43.26,"lon":-8.91,"fecha":"2025-08-03","temp_mean":18.7,"temp_max":21.0,"temp_min":16.5,"humidity_mean":79.0,"wind_speed_max":31.2,"wind_gusts_max":62.6,"precipitation":0.0,"soil_temp":23.32,"elevacion_centro":77.55,"cloud_cover":50.0,"NDVI":0.75}},{"type":"Feature","geometry":{"type":"Point","coordinates":[-8.0,41.34]},"properties":{"lat":41.34,"lon":-8.0,"fecha":"2025-08-03","temp_mean":29.3,"temp_max":37.5,"temp_min":19.8,"humidity_mean":41.0,"wind_speed_max":10.2,"wind_gusts_max":26.3,"precipitation":0.0,"soil_temp":27.06,"elevacion_centro":212.43,"cloud_cover":5.0,"NDVI":0.56}},{"type":"Feature","geometry":{"type":"Point","coordinates":[-7.84,41.33]},"properties":{"lat":41.33,"lon":-7.84,"fecha":"2025-08-03","temp_mean":24.3,"temp_max":31.4,"temp_min":16.9,"humidity_mean":35.0,"wind_speed_max":10.3,"wind_gusts_max":34.9,"precipitation":0.0,"soil_temp":27.06,"elevacion_centro":1163.87,"cloud_cover":5.0,"NDVI":0.73}},{"type":"Feature","geometry":{"type":"Point","coordinates":[4.49,36.63]},"properties":{"lat":36.63,"lon":4.49,"fecha":"2025-08-04","temp_mean":21.7,"temp_max":28.6,"temp_min":14.6,"humidity_mean":46.0,"wind_speed_max":9.4,"wind_gusts_max":36.0,"precipitation":0.0,"soil_temp":27.42,"elevacion_centro":1083.71,"cloud_cover":21.0,"NDVI":0.36}},{"type":"Feature","geometry":{"type":"Point","coordinates":[-8.1,41.44]},"properties":{"lat":41.44,"lon":-8.1,"fecha":"2025-08-04","temp_mean":26.3,"temp_max":34.9,"temp_min":17.4,"humidity_mean":41.0,"wind_speed_max":13.9,"wind_gusts_max":33.1,"precipitation":0.0,"soil_temp":28.12,"elevacion_centro":691.66,"cloud_cover":17.0,"NDVI":0.82}},{"type":"Feature","geometry":{"type":"Point","coordinates":[14.5,37.38]},"properties":{"lat":37.38,"lon":14.5,"fecha":"2025-08-04","temp_mean":24.5,"temp_max":31.5,"temp_min":18.9,"humidity_mean":49.0,"wind_speed_max":20.4,"wind_gusts_max":45.0,"precipitation":0.0,"soil_temp":27.77,"elevacion_centro":374.42,"cloud_cover":5.0,"NDVI":0.12}},{"type":"Feature","geometry":{"type":"Point","coordinates":[28.85,44.83]},"properties":{"lat":44.83,"lon":28.85,"fecha":"2025-08-05","temp_mean":25.9,"temp_max":32.0,"temp_min":20.1,"humidity_mean":61.0,"wind_speed_max":13.7,"wind_gusts_max":33.1,"precipitation":0.1,"soil_temp":29.36,"elevacion_centro":81.01,"cloud_cover":7.0,"NDVI":0.23}},{"type":"Feature","geometry":{"type":"Point","coordinates":[-1.75,42.66]},"properties":{"lat":42.66,"lon":-1.75,"fecha":"2025-08-05","temp_mean":20.8,"temp_max":26.7,"temp_min":16.4,"humidity_mean":61.0,"wind_speed_max":29.8,"wind_gusts_max":58.0,"precipitation":0.0,"soil_temp":21.74,"elevacion_centro":490.25,"cloud_cover":41.0,"NDVI":0.53}},{"type":"Feature","geometry":{"type":"Point","coordinates":[26.95,42.62]},"properties":{"lat":42.62,"lon":26.95,"fecha":"2025-08-05","temp_mean":25.9,"temp_max":33.3,"temp_min":19.7,"humidity_mean":51.0,"wind_speed_max":20.3,"wind_gusts_max":43.2,"precipitation":0.0,"soil_temp":27.75,"elevacion_centro":226.85,"cloud_cover":1.0,"NDVI":0.45}},{"type":"Feature","geometry":{"type":"Point","coordinates":[-6.98,43.1]},"properties":{"lat":43.1,"lon":-6.98,"fecha":"2025-08-05","temp_mean":18.3,"temp_max":23.9,"temp_min":14.6,"humidity_mean":76.0,"wind_speed_max":20.5,"wind_gusts_max":54.7,"precipitation":0.0,"soil_temp":21.67,"elevacion_centro":795.24,"cloud_cover":77.0,"NDVI":0.65}},{"type":"Feature","geometry":{"type":"Point","coordinates":[-6.4,40.07]},"properties":{"lat":40.07,"lon":-6.4,"fecha":"2025-08-06","temp_mean":30.0,"temp_max":37.0,"temp_min":22.0,"humidity_mean":36.0,"wind_speed_max":7.8,"wind_gusts_max":19.8,"precipitation":0.0,"soil_temp":33.01,"elevacion_centro":371.83,"cloud_cover":28.0,"NDVI":0.3}},{"type":"Feature","geometry":{"type":"Point","coordinates":[32.69,39.37]},"properties":{"lat":39.37,"lon":32.69,"fecha":"2025-08-06","temp_mean":26.1,"temp_max":33.5,"temp_min":18.2,"humidity_mean":34.0,"wind_speed_max":15.5,"wind_gusts_max":34.2,"precipitation":0.0,"soil_temp":30.09,"elevacion_centro":1179.83,"cloud_cover":1.0,"NDVI":0.17}},{"type":"Feature","geometry":{"type":"Point","coordinates":[-5.66,36.08]},"properties":{"lat":36.08,"lon":-5.66,"fecha":"2025-08-06","temp_mean":22.9,"temp_max":27.7,"temp_min":18.5,"humidity_mean":74.0,"wind_speed_max":17.3,"wind_gusts_max":42.1,"precipitation":0.0,"soil_temp":26.5,"elevacion_centro":420.35,"cloud_cover":17.0,"NDVI":0.57}},{"type":"Feature","geometry":{"type":"Point","coordinates":[2.67,43.11]},"properties":{"lat":43.11,"lon":2.67,"fecha":"2025-08-06","temp_mean":26.1,"temp_max":32.2,"temp_min":20.8,"humidity_mean":47.0,"wind_speed_max":19.6,"wind_gusts_max":45.7,"precipitation":0.0,"soil_temp":25.1,"elevacion_centro":238.17,"cloud_cover":53.0,"NDVI":0.58}},{"type":"Feature","geometry":{"type":"Point","coordinates":[-7.76,41.47]},"properties":{"lat":41.47,"lon":-7.76,"fecha":"2025-08-07","temp_mean":24.8,"temp_max":32.8,"temp_min":19.5,"humidity_mean":40.0,"wind_speed_max":14.1,"wind_gusts_max":38.5,"precipitation":0.0,"soil_temp":29.58,"elevacion_centro":1039.47,"cloud_cover":6.0,"NDVI":0.78}},{"type":"Feature","geometry":{"type":"Point","coordinates":[19.75,40.66]},"properties":{"lat":40.66,"lon":19.75,"fecha":"2025-08-07","temp_mean":24.9,"temp_max":32.5,"temp_min":18.8,"humidity_mean":58.0,"wind_speed_max":22.3,"wind_gusts_max":45.0,"precipitation":0.0,"soil_temp":27.35,"elevacion_centro":337.37,"cloud_cover":1.0,"NDVI":0.45}},{"type":"Feature","geometry":{"type":"Point","coordinates":[22.25,39.48]},"properties":{"lat":39.48,"lon":22.25,"fecha":"2025-08-08","temp_mean":27.4,"temp_max":32.8,"temp_min":22.0,"humidity_mean":48.0,"wind_speed_max":20.6,"wind_gusts_max":40.3,"precipitation":0.0,"soil_temp":29.38,"elevacion_centro":127.6,"cloud_cover":1.0,"NDVI":0.3}},{"type":"Feature","geometry":{"type":"Point","coordinates":[26.57,39.85]},"properties":{"lat":39.85,"lon":26.57,"fecha":"2025-08-08","temp_mean":26.3,"temp_max":30.3,"temp_min":22.2,"humidity_mean":64.0,"wind_speed_max":41.3,"wind_gusts_max":81.7,"precipitation":0.0,"soil_temp":27.17,"elevacion_centro":171.62,"cloud_cover":9.0,"NDVI":0.23}},{"type":"Feature","geometry":{"type":"Point","coordinates":[-4.34,40.53]},"properties":{"lat":40.53,"lon":-4.34,"fecha":"2025-08-08","temp_mean":27.8,"temp_max":32.9,"temp_min":21.3,"humidity_mean":24.0,"wind_speed_max":16.8,"wind_gusts_max":40.3,"precipitation":0.0,"soil_temp":29.63,"elevacion_centro":1002.71,"cloud_cover":32.0,"NDVI":0.56}},{"type":"Feature","geometry":{"type":"Point","coordinates":[-4.27,38.64]},"properties":{"lat":38.64,"lon":-4.27,"fecha":"2025-08-08","temp_mean":29.9,"temp_max":36.6,"temp_min":22.6,"humidity_mean":31.0,"wind_speed_max":18.2,"wind_gusts_max":44.3,"precipitation":0.0,"soil_temp":32.77,"elevacion_centro":766.11,"cloud_cover":11.0,"NDVI":0.28}},{"type":"Feature","geometry":{"type":"Point","coordinates":[27.01,42.23]},"properties":{"lat":42.23,"lon":27.01,"fecha":"2025-08-08","temp_mean":24.4,"temp_max":30.2,"temp_min":18.9,"humidity_mean":55.0,"wind_speed_max":21.8,"wind_gusts_max":46.4,"precipitation":0.0,"soil_temp":26.8,"elevacion_centro":266.19,"cloud_cover":15.0,"NDVI":0.64}},{"type":"Feature","geometry":{"type":"Point","coordinates":[3.69,36.5]},"properties":{"lat":36.5,"lon":3.69,"fecha":"2025-08-08","temp_mean":29.6,"temp_max":38.0,"temp_min":22.5,"humidity_mean":35.0,"wind_speed_max":14.7,"wind_gusts_max":37.4,"precipitation":0.0,"soil_temp":32.42,"elevacion_centro":351.09,"cloud_cover":84.0,"NDVI":0.38}},{"type":"Feature","geometry":{"type":"Point","coordinates":[24.0,37.77]},"properties":{"lat":37.77,"lon":24.0,"fecha":"2025-08-08","temp_mean":27.6,"temp_max":30.2,"temp_min":25.2,"humidity_mean":58.0,"wind_speed_max":46.6,"wind_gusts_max":95.4,"precipitation":0.0,"soil_temp":29.67,"elevacion_centro":203.28,"cloud_cover":5.0,"NDVI":0.39}},{"type":"Feature","geometry":{"type":"Point","coordinates":[29.13,45.38]},"properties":{"lat":45.38,"lon":29.13,"fecha":"2025-08-08","temp_mean":23.7,"temp_max":29.2,"temp_min":18.9,"humidity_mean":46.0,"wind_speed_max":16.6,"wind_gusts_max":33.8,"precipitation":0.0,"soil_temp":27.01,"elevacion_centro":3.47,"cloud_cover":8.0,"NDVI":0.83}},{"type":"Feature","geometry":{"type":"Point","coordinates":[-6.36,43.05]},"properties":{"lat":43.05,"lon":-6.36,"fecha":"2025-08-09","temp_mean":20.8,"temp_max":27.4,"temp_min":15.4,"humidity_mean":51.0,"wind_speed_max":8.0,"wind_gusts_max":24.8,"precipitation":3.2,"soil_temp":22.83,"elevacion_centro":1733.51,"cloud_cover":23.0,"NDVI":0.58}},{"type":"Feature","geometry":{"type":"Point","coordinates":[-7.34,42.23]},"properties":{"lat":42.23,"lon":-7.34,"fecha":"2025-08-09","temp_mean":25.0,"temp_max":30.0,"temp_min":20.0,"humidity_mean":40.0,"wind_speed_max":13.2,"wind_gusts_max":37.1,"precipitation":0.0,"soil_temp":28.48,"elevacion_centro":1281.41,"cloud_cover":9.0,"NDVI":0.86}},{"type":"Feature","geometry":{"type":"Point","coordinates":[20.95,38.8]},"properties":{"lat":38.8,"lon":20.95,"fecha":"2025-08-09","temp_mean":25.9,"temp_max":31.0,"temp_min":21.9,"humidity_mean":30.0,"wind_speed_max":20.7,"wind_gusts_max":69.5,"precipitation":0.0,"soil_temp":28.41,"elevacion_centro":821.24,"cloud_cover":0.0,"NDVI":0.8}},{"type":"Feature","geometry":{"type":"Point","coordinates":[20.14,39.94]},"properties":{"lat":39.94,"lon":20.14,"fecha":"2025-08-09","temp_mean":25.8,"temp_max":33.4,"temp_min":18.8,"humidity_mean":55.0,"wind_speed_max":10.4,"wind_gusts_max":30.6,"precipitation":0.0,"soil_temp":30.76,"elevacion_centro":399.55,"cloud_cover":0.0,"NDVI":0.75}},{"type":"Feature","geometry":{"type":"Point","coordinates":[26.74,42.78]},"properties":{"lat":42.78,"lon":26.74,"fecha":"2025-08-09","temp_mean":24.2,"temp_max":32.5,"temp_min":15.4,"humidity_mean":48.0,"wind_speed_max":15.8,"wind_gusts_max":34.6,"precipitation":0.0,"soil_temp":27.09,"elevacion_centro":411.64,"cloud_cover":0.0,"NDVI":0.74}},{"type":"Feature","geometry":{"type":"Point","coordinates":[15.83,40.8]},"properties":{"lat":40.8,"lon":15.83,"fecha":"2025-08-10","temp_mean":25.5,"temp_max":32.8,"temp_min":18.4,"humidity_mean":41.0,"wind_speed_max":18.5,"wind_gusts_max":40.3,"precipitation":0.0,"soil_temp":28.81,"elevacion_centro":808.94,"cloud_cover":0.0,"NDVI":0.5}},{"type":"Feature","geometry":{"type":"Point","coordinates":[17.25,40.56]},"properties":{"lat":40.56,"lon":17.25,"fecha":"2025-08-10","temp_mean":30.7,"temp_max":38.0,"temp_min":22.9,"humidity_mean":33.0,"wind_speed_max":14.2,"wind_gusts_max":33.1,"precipitation":0.0,"soil_temp":34.96,"elevacion_centro":150.57,"cloud_cover":0.0,"NDVI":0.56}},{"type":"Feature","geometry":{"type":"Point","coordinates":[1.85,46.81]},"properties":{"lat":46.81,"lon":1.85,"fecha":"2025-08-10","temp_mean":24.1,"temp_max":31.0,"temp_min":17.1,"humidity_mean":51.0,"wind_speed_max":16.0,"wind_gusts_max":32.4,"precipitation":0.0,"soil_temp":26.73,"elevacion_centro":164.73,"cloud_cover":0.0,"NDVI":0.17}},{"type":"Feature","geometry":{"type":"Point","coordinates":[-4.68,43.22]},"properties":{"lat":43.22,"lon":-4.68,"fecha":"2025-08-10","temp_mean":21.4,"temp_max":28.8,"temp_min":14.3,"humidity_mean":62.0,"wind_speed_max":5.2,"wind_gusts_max":28.8,"precipitation":1.0,"soil_temp":22.48,"elevacion_centro":1491.4,"cloud_cover":11.0,"NDVI":0.65}},{"type":"Feature","geometry":{"type":"Point","coordinates":[-1.06,53.12]},"properties":{"lat":53.12,"lon":-1.06,"fecha":"2025-08-10","temp_mean":18.6,"temp_max":24.7,"temp_min":11.4,"humidity_mean":63.0,"wind_speed_max":12.9,"wind_gusts_max":28.4,"precipitation":0.0,"soil_temp":17.05,"elevacion_centro":84.53,"cloud_cover":27.0,"NDVI":0.5}},{"type":"Feature","geometry":{"type":"Point","coordinates":[19.83,46.19]},"properties":{"lat":46.19,"lon":19.83,"fecha":"2025-08-10","temp_mean":30.1,"temp_max":37.8,"temp_min":19.8,"humidity_mean":36.0,"wind_speed_max":20.3,"wind_gusts_max":35.3,"precipitation":0.0,"soil_temp":31.05,"elevacion_centro":104.01,"cloud_cover":1.0,"NDVI":0.35}},{"type":"Feature","geometry":{"type":"Point","coordinates":[-4.57,42.97]},"properties":{"lat":42.97,"lon":-4.57,"fecha":"2025-08-10","temp_mean":21.6,"temp_max":29.9,"temp_min":13.4,"humidity_mean":46.0,"wind_speed_max":16.6,"wind_gusts_max":43.2,"precipitation":0.0,"soil_temp":22.48,"elevacion_centro":1699.66,"cloud_cover":11.0,"NDVI":0.64}},{"type":"Feature","geometry":{"type":"Point","coordinates":[-6.71,42.45]},"properties":{"lat":42.45,"lon":-6.71,"fecha":"2025-08-10","temp_mean":26.0,"temp_max":34.5,"temp_min":17.3,"humidity_mean":39.0,"wind_speed_max":12.2,"wind_gusts_max":35.6,"precipitation":0.0,"soil_temp":26.61,"elevacion_centro":1135.7,"cloud_cover":10.0,"NDVI":0.64}},{"type":"Feature","geometry":{"type":"Point","coordinates":[21.35,43.69]},"properties":{"lat":43.69,"lon":21.35,"fecha":"2025-08-10","temp_mean":28.9,"temp_max":37.9,"temp_min":19.8,"humidity_mean":39.0,"wind_speed_max":16.4,"wind_gusts_max":33.5,"precipitation":0.0,"soil_temp":26.56,"elevacion_centro":161.94,"cloud_cover":0.0,"NDVI":0.59}},{"type":"Feature","geometry":{"type":"Point","coordinates":[21.69,42.26]},"properties":{"lat":42.26,"lon":21.69,"fecha":"2025-08-10","temp_mean":26.0,"temp_max":33.7,"temp_min":17.9,"humidity_mean":46.0,"wind_speed_max":8.5,"wind_gusts_max":19.4,"precipitation":0.0,"soil_temp":25.05,"elevacion_centro":434.98,"cloud_cover":0.0,"NDVI":0.38}},{"type":"Feature","geometry":{"type":"Point","coordinates":[-7.42,40.91]},"properties":{"lat":40.91,"lon":-7.42,"fecha":"2025-08-10","temp_mean":28.4,"temp_max":35.7,"temp_min":22.0,"humidity_mean":36.0,"wind_speed_max":20.6,"wind_gusts_max":46.8,"precipitation":0.0,"soil_temp":30.21,"elevacion_centro":863.87,"cloud_cover":1.0,"NDVI":0.28}},{"type":"Feature","geometry":{"type":"Point","coordinates":[19.76,41.27]},"properties":{"lat":41.27,"lon":19.76,"fecha":"2025-08-10","temp_mean":28.0,"temp_max":38.2,"temp_min":19.0,"humidity_mean":42.0,"wind_speed_max":19.2,"wind_gusts_max":42.5,"precipitation":0.0,"soil_temp":29.92,"elevacion_centro":235.59,"cloud_cover":0.0,"NDVI":0.8}},{"type":"Feature","geometry":{"type":"Point","coordinates":[-5.58,42.37]},"properties":{"lat":42.37,"lon":-5.58,"fecha":"2025-08-10","temp_mean":29.6,"temp_max":39.2,"temp_min":20.8,"humidity_mean":29.0,"wind_speed_max":18.9,"wind_gusts_max":39.6,"precipitation":0.0,"soil_temp":27.18,"elevacion_centro":798.11,"cloud_cover":11.0,"NDVI":0.44}},{"type":"Feature","geometry":{"type":"Point","coordinates":[-6.15,42.07]},"properties":{"lat":42.07,"lon":-6.15,"fecha":"2025-08-10","temp_mean":29.6,"temp_max":38.3,"temp_min":22.1,"humidity_mean":32.0,"wind_speed_max":18.7,"wind_gusts_max":38.5,"precipitation":0.0,"soil_temp":28.97,"elevacion_centro":782.47,"cloud_cover":6.0,"NDVI":0.33}},{"type":"Feature","geometry":{"type":"Point","coordinates":[19.12,45.86]},"properties":{"lat":45.86,"lon":19.12,"fecha":"2025-08-11","temp_mean":25.6,"temp_max":29.6,"temp_min":20.9,"humidity_mean":45.0,"wind_speed_max":15.5,"wind_gusts_max":27.0,"precipitation":0.0,"soil_temp":29.86,"elevacion_centro":88.45,"cloud_cover":4.0,"NDVI":0.25}},{"type":"Feature","geometry":{"type":"Point","coordinates":[-7.28,40.86]},"properties":{"lat":40.86,"lon":-7.28,"fecha":"2025-08-11","temp_mean":29.0,"temp_max":37.2,"temp_min":20.8,"humidity_mean":34.0,"wind_speed_max":12.9,"wind_gusts_max":27.7,"precipitation":0.0,"soil_temp":29.94,"elevacion_centro":674.58,"cloud_cover":19.0,"NDVI":0.35}},{"type":"Feature","geometry":{"type":"Point","coordinates":[18.99,42.18]},"properties":{"lat":42.18,"lon":18.99,"fecha":"2025-08-11","temp_mean":32.4,"temp_max":37.2,"temp_min":26.1,"humidity_mean":31.0,"wind_speed_max":17.5,"wind_gusts_max":42.5,"precipitation":0.0,"soil_temp":32.28,"elevacion_centro":146.29,"cloud_cover":0.0,"NDVI":0.72}},{"type":"Feature","geometry":{"type":"Point","coordinates":[20.36,40.8]},"properties":{"lat":40.8,"lon":20.36,"fecha":"2025-08-11","temp_mean":23.3,"temp_max":30.1,"temp_min":16.5,"humidity_mean":33.0,"wind_speed_max":14.9,"wind_gusts_max":54.4,"precipitation":0.0,"soil_temp":26.61,"elevacion_centro":1376.69,"cloud_cover":0.0,"NDVI":0.71}},{"type":"Feature","geometry":{"type":"Point","coordinates":[31.35,40.52]},"properties":{"lat":40.52,"lon":31.35,"fecha":"2025-08-11","temp_mean":20.5,"temp_max":29.9,"temp_min":12.2,"humidity_mean":50.0,"wind_speed_max":15.9,"wind_gusts_max":40.3,"precipitation":0.0,"soil_temp":22.86,"elevacion_centro":1130.21,"cloud_cover":0.0,"NDVI":0.7}},{"type":"Feature","geometry":{"type":"Point","coordinates":[19.3,42.5]},"properties":{"lat":42.5,"lon":19.3,"fecha":"2025-08-11","temp_mean":29.6,"temp_max":38.0,"temp_min":22.4,"humidity_mean":32.0,"wind_speed_max":19.2,"wind_gusts_max":52.9,"precipitation":0.0,"soil_temp":25.75,"elevacion_centro":505.73,"cloud_cover":3.0,"NDVI":0.28}},{"type":"Feature","geometry":{"type":"Point","coordinates":[20.03,40.05]},"properties":{"lat":40.05,"lon":20.03,"fecha":"2025-08-11","temp_mean":22.2,"temp_max":30.5,"temp_min":13.2,"humidity_mean":41.0,"wind_speed_max":6.8,"wind_gusts_max":21.6,"precipitation":0.0,"soil_temp":31.33,"elevacion_centro":1310.56,"cloud_cover":0.0,"NDVI":0.47}},{"type":"Feature","geometry":{"type":"Point","coordinates":[16.23,39.52]},"properties":{"lat":39.52,"lon":16.23,"fecha":"2025-08-11","temp_mean":29.8,"temp_max":37.6,"temp_min":20.9,"humidity_mean":50.0,"wind_speed_max":24.1,"wind_gusts_max":52.2,"precipitation":0.0,"soil_temp":27.15,"elevacion_centro":78.67,"cloud_cover":2.0,"NDVI":0.17}},{"type":"Feature","geometry":{"type":"Point","coordinates":[21.88,37.17]},"properties":{"lat":37.17,"lon":21.88,"fecha":"2025-08-11","temp_mean":29.1,"temp_max":36.7,"temp_min":21.2,"humidity_mean":28.0,"wind_speed_max":21.4,"wind_gusts_max":47.2,"precipitation":0.0,"soil_temp":32.32,"elevacion_centro":425.63,"cloud_cover":0.0,"NDVI":0.9}},{"type":"Feature","geometry":{"type":"Point","coordinates":[-5.8,36.1]},"properties":{"lat":36.1,"lon":-5.8,"fecha":"2025-08-11","temp_mean":26.6,"temp_max":31.3,"temp_min":23.0,"humidity_mean":60.0,"wind_speed_max":28.1,"wind_gusts_max":59.0,"precipitation":0.0,"soil_temp":27.19,"elevacion_centro":212.39,"cloud_cover":3.0,"NDVI":0.67}},{"type":"Feature","geometry":{"type":"Point","coordinates":[20.07,40.26]},"properties":{"lat":40.26,"lon":20.07,"fecha":"2025-08-11","temp_mean":28.5,"temp_max":36.1,"temp_min":20.2,"humidity_mean":43.0,"wind_speed_max":12.1,"wind_gusts_max":41.0,"precipitation":0.0,"soil_temp":31.19,"elevacion_centro":416.49,"cloud_cover":0.0,"NDVI":0.34}},{"type":"Feature","geometry":{"type":"Point","coordinates":[22.76,44.42]},"properties":{"lat":44.42,"lon":22.76,"fecha":"2025-08-11","temp_mean":29.3,"temp_max":37.8,"temp_min":22.0,"humidity_mean":38.0,"wind_speed_max":19.9,"wind_gusts_max":40.7,"precipitation":0.0,"soil_temp":28.29,"elevacion_centro":85.31,"cloud_cover":3.0,"NDVI":0.17}},{"type":"Feature","geometry":{"type":"Point","coordinates":[19.65,40.25]},"properties":{"lat":40.25,"lon":19.65,"fecha":"2025-08-11","temp_mean":29.8,"temp_max":33.8,"temp_min":25.9,"humidity_mean":32.0,"wind_speed_max":8.9,"wind_gusts_max":33.1,"precipitation":0.0,"soil_temp":31.01,"elevacion_centro":539.15,"cloud_cover":0.0,"NDVI":0.38}},{"type":"Feature","geometry":{"type":"Point","coordinates":[20.86,38.85]},"properties":{"lat":38.85,"lon":20.86,"fecha":"2025-08-11","temp_mean":32.8,"temp_max":37.7,"temp_min":28.2,"humidity_mean":29.0,"wind_speed_max":17.6,"wind_gusts_max":35.6,"precipitation":0.0,"soil_temp":34.03,"elevacion_centro":0.15,"cloud_cover":0.0,"NDVI":0.38}},{"type":"Feature","geometry":{"type":"Point","coordinates":[26.28,39.87]},"properties":{"lat":39.87,"lon":26.28,"fecha":"2025-08-11","temp_mean":29.3,"temp_max":35.0,"temp_min":25.0,"humidity_mean":35.0,"wind_speed_max":32.0,"wind_gusts_max":61.6,"precipitation":0.0,"soil_temp":29.33,"elevacion_centro":115.52,"cloud_cover":0.0,"NDVI":0.43}},{"type":"Feature","geometry":{"type":"Point","coordinates":[27.57,39.17]},"properties":{"lat":39.17,"lon":27.57,"fecha":"2025-08-11","temp_mean":26.3,"temp_max":34.2,"temp_min":19.2,"humidity_mean":44.0,"wind_speed_max":21.1,"wind_gusts_max":57.2,"precipitation":0.0,"soil_temp":31.51,"elevacion_centro":486.2,"cloud_cover":0.0,"NDVI":0.72}},{"type":"Feature","geometry":{"type":"Point","coordinates":[22.62,44.42]},"properties":{"lat":44.42,"lon":22.62,"fecha":"2025-08-11","temp_mean":29.4,"temp_max":38.2,"temp_min":20.9,"humidity_mean":48.0,"wind_speed_max":17.8,"wind_gusts_max":36.0,"precipitation":0.0,"soil_temp":28.29,"elevacion_centro":93.02,"cloud_cover":4.0,"NDVI":0.23}},{"type":"Feature","geometry":{"type":"Point","coordinates":[20.89,39.28]},"properties":{"lat":39.28,"lon":20.89,"fecha":"2025-08-12","temp_mean":29.3,"temp_max":36.0,"temp_min":20.6,"humidity_mean":35.0,"wind_speed_max":24.0,"wind_gusts_max":61.9,"precipitation":0.0,"soil_temp":31.34,"elevacion_centro":250.8,"cloud_cover":0.0,"NDVI":0.28}},{"type":"Feature","geometry":{"type":"Point","coordinates":[2.01,46.14]},"properties":{"lat":46.14,"lon":2.01,"fecha":"2025-08-12","temp_mean":27.5,"temp_max":35.2,"temp_min":18.5,"humidity_mean":40.0,"wind_speed_max":10.3,"wind_gusts_max":24.1,"precipitation":0.0,"soil_temp":29.62,"elevacion_centro":377.87,"cloud_cover":12.0,"NDVI":0.44}},{"type":"Feature","geometry":{"type":"Point","coordinates":[21.66,38.13]},"properties":{"lat":38.13,"lon":21.66,"fecha":"2025-08-12","temp_mean":30.7,"temp_max":38.7,"temp_min":22.7,"humidity_mean":35.0,"wind_speed_max":22.7,"wind_gusts_max":46.8,"precipitation":0.0,"soil_temp":27.68,"elevacion_centro":86.97,"cloud_cover":0.0,"NDVI":0.26}},{"type":"Feature","geometry":{"type":"Point","coordinates":[-6.08,42.17]},"properties":{"lat":42.17,"lon":-6.08,"fecha":"2025-08-12","temp_mean":27.8,"temp_max":36.8,"temp_min":19.6,"humidity_mean":31.0,"wind_speed_max":28.4,"wind_gusts_max":58.0,"precipitation":0.0,"soil_temp":28.25,"elevacion_centro":889.44,"cloud_cover":47.0,"NDVI":0.36}},{"type":"Feature","geometry":{"type":"Point","coordinates":[-8.04,42.56]},"properties":{"lat":42.56,"lon":-8.04,"fecha":"2025-08-12","temp_mean":24.2,"temp_max":31.9,"temp_min":19.3,"humidity_mean":39.0,"wind_speed_max":21.3,"wind_gusts_max":46.8,"precipitation":0.3,"soil_temp":26.06,"elevacion_centro":812.76,"cloud_cover":68.0,"NDVI":0.84}},{"type":"Feature","geometry":{"type":"Point","coordinates":[25.97,38.53]},"properties":{"lat":38.53,"lon":25.97,"fecha":"2025-08-12","temp_mean":27.9,"temp_max":35.5,"temp_min":22.6,"humidity_mean":34.0,"wind_speed_max":19.4,"wind_gusts_max":61.2,"precipitation":0.0,"soil_temp":35.43,"elevacion_centro":459.99,"cloud_cover":0.0,"NDVI":0.24}},{"type":"Feature","geometry":{"type":"Point","coordinates":[20.98,43.08]},"properties":{"lat":43.08,"lon":20.98,"fecha":"2025-08-12","temp_mean":21.5,"temp_max":27.0,"temp_min":15.7,"humidity_mean":42.0,"wind_speed_max":16.1,"wind_gusts_max":41.4,"precipitation":0.0,"soil_temp":25.68,"elevacion_centro":1196.08,"cloud_cover":0.0,"NDVI":0.54}},{"type":"Feature","geometry":{"type":"Point","coordinates":[20.93,38.93]},"properties":{"lat":38.93,"lon":20.93,"fecha":"2025-08-12","temp_mean":32.2,"temp_max":37.5,"temp_min":27.5,"humidity_mean":29.0,"wind_speed_max":25.3,"wind_gusts_max":51.8,"precipitation":0.0,"soil_temp":34.64,"elevacion_centro":122.88,"cloud_cover":0.0,"NDVI":0.83}},{"type":"Feature","geometry":{"type":"Point","coordinates":[22.64,44.61]},"properties":{"lat":44.61,"lon":22.64,"fecha":"2025-08-12","temp_mean":25.7,"temp_max":31.1,"temp_min":21.4,"humidity_mean":51.0,"wind_speed_max":14.7,"wind_gusts_max":31.0,"precipitation":0.0,"soil_temp":26.94,"elevacion_centro":49.98,"cloud_cover":6.0,"NDVI":0.34}},{"type":"Feature","geometry":{"type":"Point","coordinates":[-5.34,35.15]},"properties":{"lat":35.15,"lon":-5.34,"fecha":"2025-08-12","temp_mean":29.6,"temp_max":39.2,"temp_min":21.2,"humidity_mean":29.0,"wind_speed_max":16.0,"wind_gusts_max":53.6,"precipitation":0.0,"soil_temp":34.87,"elevacion_centro":600.07,"cloud_cover":0.0,"NDVI":0.38}},{"type":"Feature","geometry":{"type":"Point","coordinates":[29.93,38.75]},"properties":{"lat":38.75,"lon":29.93,"fecha":"2025-08-12","temp_mean":22.4,"temp_max":30.8,"temp_min":14.7,"humidity_mean":36.0,"wind_speed_max":20.8,"wind_gusts_max":48.2,"precipitation":0.0,"soil_temp":24.67,"elevacion_centro":1447.97,"cloud_cover":0.0,"NDVI":0.72}},{"type":"Feature","geometry":{"type":"Point","coordinates":[-6.09,41.74]},"properties":{"lat":41.74,"lon":-6.09,"fecha":"2025-08-12","temp_mean":28.9,"temp_max":36.2,"temp_min":20.4,"humidity_mean":26.0,"wind_speed_max":25.4,"wind_gusts_max":59.4,"precipitation":0.0,"soil_temp":30.51,"elevacion_centro":870.77,"cloud_cover":46.0,"NDVI":0.5}},{"type":"Feature","geometry":{"type":"Point","coordinates":[26.84,38.94]},"properties":{"lat":38.94,"lon":26.84,"fecha":"2025-08-12","temp_mean":29.4,"temp_max":37.6,"temp_min":24.0,"humidity_mean":33.0,"wind_speed_max":26.0,"wind_gusts_max":68.0,"precipitation":0.0,"soil_temp":30.66,"elevacion_centro":91.56,"cloud_cover":0.0,"NDVI":0.2}},{"type":"Feature","geometry":{"type":"Point","coordinates":[28.18,43.98]},"properties":{"lat":43.98,"lon":28.18,"fecha":"2025-08-12","temp_mean":23.6,"temp_max":29.6,"temp_min":18.8,"humidity_mean":53.0,"wind_speed_max":17.0,"wind_gusts_max":34.6,"precipitation":0.0,"soil_temp":27.66,"elevacion_centro":94.96,"cloud_cover":11.0,"NDVI":0.19}},{"type":"Feature","geometry":{"type":"Point","coordinates":[12.19,52.16]},"properties":{"lat":52.16,"lon":12.19,"fecha":"2025-08-12","temp_mean":22.0,"temp_max":29.6,"temp_min":12.3,"humidity_mean":51.0,"wind_speed_max":11.2,"wind_gusts_max":28.4,"precipitation":0.0,"soil_temp":22.14,"elevacion_centro":105.73,"cloud_cover":4.0,"NDVI":0.59}},{"type":"Feature","geometry":{"type":"Point","coordinates":[19.49,41.11]},"properties":{"lat":41.11,"lon":19.49,"fecha":"2025-08-12","temp_mean":31.1,"temp_max":37.0,"temp_min":24.6,"humidity_mean":37.0,"wind_speed_max":22.5,"wind_gusts_max":40.0,"precipitation":0.0,"soil_temp":32.46,"elevacion_centro":114.74,"cloud_cover":2.0,"NDVI":0.83}},{"type":"Feature","geometry":{"type":"Point","coordinates":[21.23,41.83]},"properties":{"lat":41.83,"lon":21.23,"fecha":"2025-08-12","temp_mean":24.2,"temp_max":30.0,"temp_min":19.2,"humidity_mean":43.0,"wind_speed_max":11.7,"wind_gusts_max":38.2,"precipitation":0.0,"soil_temp":28.32,"elevacion_centro":1017.52,"cloud_cover":6.0,"NDVI":0.76}},{"type":"Feature","geometry":{"type":"Point","coordinates":[20.25,40.78]},"properties":{"lat":40.78,"lon":20.25,"fecha":"2025-08-12","temp_mean":28.5,"temp_max":35.7,"temp_min":21.1,"humidity_mean":35.0,"wind_speed_max":13.4,"wind_gusts_max":36.4,"precipitation":0.0,"soil_temp":32.27,"elevacion_centro":537.22,"cloud_cover":1.0,"NDVI":0.64}},{"type":"Feature","geometry":{"type":"Point","coordinates":[19.9,40.4]},"properties":{"lat":40.4,"lon":19.9,"fecha":"2025-08-12","temp_mean":29.7,"temp_max":37.0,"temp_min":23.9,"humidity_mean":42.0,"wind_speed_max":12.4,"wind_gusts_max":38.2,"precipitation":0.0,"soil_temp":31.58,"elevacion_centro":299.42,"cloud_cover":1.0,"NDVI":0.63}},{"type":"Feature","geometry":{"type":"Point","coordinates":[20.78,37.71]},"properties":{"lat":37.71,"lon":20.78,"fecha":"2025-08-12","temp_mean":29.5,"temp_max":35.1,"temp_min":24.7,"humidity_mean":38.0,"wind_speed_max":23.9,"wind_gusts_max":52.2,"precipitation":0.0,"soil_temp":37.23,"elevacion_centro":305.27,"cloud_cover":0.0,"NDVI":0.43}},{"type":"Feature","geometry":{"type":"Point","coordinates":[26.2,40.6]},"properties":{"lat":40.6,"lon":26.2,"fecha":"2025-08-12","temp_mean":27.4,"temp_max":34.0,"temp_min":22.7,"humidity_mean":50.0,"wind_speed_max":29.2,"wind_gusts_max":54.7,"precipitation":0.0,"soil_temp":29.85,"elevacion_centro":20.96,"cloud_cover":0.0,"NDVI":0.49}},{"type":"Feature","geometry":{"type":"Point","coordinates":[24.31,44.67]},"properties":{"lat":44.67,"lon":24.31,"fecha":"2025-08-13","temp_mean":25.8,"temp_max":31.6,"temp_min":19.4,"humidity_mean":44.0,"wind_speed_max":10.9,"wind_gusts_max":27.0,"precipitation":0.0,"soil_temp":28.21,"elevacion_centro":144.09,"cloud_cover":0.0,"NDVI":0.39}},{"type":"Feature","geometry":{"type":"Point","coordinates":[21.79,38.25]},"properties":{"lat":38.25,"lon":21.79,"fecha":"2025-08-13","temp_mean":27.9,"temp_max":33.0,"temp_min":22.7,"humidity_mean":30.0,"wind_speed_max":28.9,"wind_gusts_max":67.7,"precipitation":0.0,"soil_temp":27.21,"elevacion_centro":457.2,"cloud_cover":0.0,"NDVI":0.83}},{"type":"Feature","geometry":{"type":"Point","coordinates":[23.39,38.03]},"properties":{"lat":38.03,"lon":23.39,"fecha":"2025-08-13","temp_mean":27.2,"temp_max":31.8,"temp_min":24.2,"humidity_mean":45.0,"wind_speed_max":21.8,"wind_gusts_max":48.2,"precipitation":0.0,"soil_temp":29.2,"elevacion_centro":207.35,"cloud_cover":2.0,"NDVI":0.29}},{"type":"Feature","geometry":{"type":"Point","coordinates":[-7.62,40.81]},"properties":{"lat":40.81,"lon":-7.62,"fecha":"2025-08-13","temp_mean":26.6,"temp_max":32.9,"temp_min":19.8,"humidity_mean":43.0,"wind_speed_max":16.4,"wind_gusts_max":39.2,"precipitation":0.7,"soil_temp":28.87,"elevacion_centro":620.0,"cloud_cover":39.0,"NDVI":0.79}},{"type":"Feature","geometry":{"type":"Point","coordinates":[26.47,40.0]},"properties":{"lat":40.0,"lon":26.47,"fecha":"2025-08-13","temp_mean":25.0,"temp_max":30.1,"temp_min":21.5,"humidity_mean":64.0,"wind_speed_max":29.6,"wind_gusts_max":63.7,"precipitation":0.0,"soil_temp":28.26,"elevacion_centro":320.99,"cloud_cover":6.0,"NDVI":0.58}},{"type":"Feature","geometry":{"type":"Point","coordinates":[12.71,37.84]},"properties":{"lat":37.84,"lon":12.71,"fecha":"2025-08-13","temp_mean":29.0,"temp_max":35.9,"temp_min":22.8,"humidity_mean":53.0,"wind_speed_max":12.1,"wind_gusts_max":25.9,"precipitation":0.0,"soil_temp":31.05,"elevacion_centro":226.18,"cloud_cover":53.0,"NDVI":0.15}},{"type":"Feature","geometry":{"type":"Point","coordinates":[33.75,36.32]},"properties":{"lat":36.32,"lon":33.75,"fecha":"2025-08-13","temp_mean":33.2,"temp_max":40.7,"temp_min":26.9,"humidity_mean":13.0,"wind_speed_max":22.3,"wind_gusts_max":48.2,"precipitation":0.0,"soil_temp":34.32,"elevacion_centro":506.85,"cloud_cover":0.0,"NDVI":0.42}},{"type":"Feature","geometry":{"type":"Point","coordinates":[20.41,38.3]},"properties":{"lat":38.3,"lon":20.41,"fecha":"2025-08-13","temp_mean":29.6,"temp_max":34.5,"temp_min":24.9,"humidity_mean":43.0,"wind_speed_max":20.5,"wind_gusts_max":45.7,"precipitation":0.0,"soil_temp":35.7,"elevacion_centro":126.73,"cloud_cover":0.0,"NDVI":0.58}},{"type":"Feature","geometry":{"type":"Point","coordinates":[-6.12,41.8]},"properties":{"lat":41.8,"lon":-6.12,"fecha":"2025-08-13","temp_mean":26.0,"temp_max":32.1,"temp_min":20.3,"humidity_mean":40.0,"wind_speed_max":15.2,"wind_gusts_max":50.4,"precipitation":0.7,"soil_temp":27.55,"elevacion_centro":844.48,"cloud_cover":56.0,"NDVI":0.48}},{"type":"Feature","geometry":{"type":"Point","coordinates":[-5.9,36.6]},"properties":{"lat":36.6,"lon":-5.9,"fecha":"2025-08-13","temp_mean":31.7,"temp_max":37.3,"temp_min":26.4,"humidity_mean":25.0,"wind_speed_max":34.5,"wind_gusts_max":64.8,"precipitation":0.0,"soil_temp":29.63,"elevacion_centro":55.34,"cloud_cover":0.0,"NDVI":0.19}},{"type":"Feature","geometry":{"type":"Point","coordinates":[-7.09,42.06]},"properties":{"lat":42.06,"lon":-7.09,"fecha":"2025-08-13","temp_mean":24.5,"temp_max":30.1,"temp_min":19.6,"humidity_mean":40.0,"wind_speed_max":20.1,"wind_gusts_max":51.5,"precipitation":0.0,"soil_temp":26.44,"elevacion_centro":1083.82,"cloud_cover":37.0,"NDVI":0.65}},{"type":"Feature","geometry":{"type":"Point","coordinates":[16.45,38.38]},"properties":{"lat":38.38,"lon":16.45,"fecha":"2025-08-13","temp_mean":29.7,"temp_max":32.5,"temp_min":26.2,"humidity_mean":44.0,"wind_speed_max":26.4,"wind_gusts_max":48.6,"precipitation":0.0,"soil_temp":36.12,"elevacion_centro":118.74,"cloud_cover":0.0,"NDVI":0.71}},{"type":"Feature","geometry":{"type":"Point","coordinates":[-7.56,41.96]},"properties":{"lat":41.96,"lon":-7.56,"fecha":"2025-08-13","temp_mean":25.2,"temp_max":33.0,"temp_min":18.8,"humidity_mean":49.0,"wind_speed_max":15.8,"wind_gusts_max":42.5,"precipitation":2.0,"soil_temp":27.32,"elevacion_centro":720.29,"cloud_cover":36.0,"NDVI":0.58}},{"type":"Feature","geometry":{"type":"Point","coordinates":[-6.0,42.29]},"properties":{"lat":42.29,"lon":-6.0,"fecha":"2025-08-13","temp_mean":25.2,"temp_max":31.5,"temp_min":18.9,"humidity_mean":41.0,"wind_speed_max":23.3,"wind_gusts_max":42.8,"precipitation":0.5,"soil_temp":25.27,"elevacion_centro":820.26,"cloud_cover":46.0,"NDVI":0.31}},{"type":"Feature","geometry":{"type":"Point","coordinates":[-6.15,41.85]},"properties":{"lat":41.85,"lon":-6.15,"fecha":"2025-08-13","temp_mean":25.9,"temp_max":32.0,"temp_min":20.4,"humidity_mean":39.0,"wind_speed_max":16.0,"wind_gusts_max":48.2,"precipitation":1.1,"soil_temp":27.55,"elevacion_centro":877.12,"cloud_cover":53.0,"NDVI":0.72}},{"type":"Feature","geometry":{"type":"Point","coordinates":[-7.1,42.45]},"properties":{"lat":42.45,"lon":-7.1,"fecha":"2025-08-14","temp_mean":25.2,"temp_max":33.0,"temp_min":17.1,"humidity_mean":45.0,"wind_speed_max":16.0,"wind_gusts_max":43.6,"precipitation":0.0,"soil_temp":24.65,"elevacion_centro":782.12,"cloud_cover":9.0,"NDVI":0.61}},{"type":"Feature","geometry":{"type":"Point","coordinates":[33.7,36.27]},"properties":{"lat":36.27,"lon":33.7,"fecha":"2025-08-14","temp_mean":31.2,"temp_max":37.8,"temp_min":24.8,"humidity_mean":20.0,"wind_speed_max":12.4,"wind_gusts_max":34.6,"precipitation":0.0,"soil_temp":34.28,"elevacion_centro":782.95,"cloud_cover":1.0,"NDVI":0.43}},{"type":"Feature","geometry":{"type":"Point","coordinates":[-4.87,43.04]},"properties":{"lat":43.04,"lon":-4.87,"fecha":"2025-08-14","temp_mean":22.1,"temp_max":27.6,"temp_min":16.8,"humidity_mean":44.0,"wind_speed_max":18.3,"wind_gusts_max":52.2,"precipitation":0.5,"soil_temp":20.73,"elevacion_centro":1481.87,"cloud_cover":30.0,"NDVI":0.58}},{"type":"Feature","geometry":{"type":"Point","coordinates":[24.08,43.69]},"properties":{"lat":43.69,"lon":24.08,"fecha":"2025-08-14","temp_mean":25.8,"temp_max":31.8,"temp_min":18.4,"humidity_mean":41.0,"wind_speed_max":19.0,"wind_gusts_max":42.5,"precipitation":0.0,"soil_temp":28.84,"elevacion_centro":26.12,"cloud_cover":12.0,"NDVI":0.77}},{"type":"Feature","geometry":{"type":"Point","coordinates":[-5.87,40.22]},"properties":{"lat":40.22,"lon":-5.87,"fecha":"2025-08-14","temp_mean":25.8,"temp_max":29.9,"temp_min":21.8,"humidity_mean":32.0,"wind_speed_max":13.8,"wind_gusts_max":50.4,"precipitation":0.0,"soil_temp":32.84,"elevacion_centro":1356.13,"cloud_cover":4.0,"NDVI":0.68}},{"type":"Feature","geometry":{"type":"Point","coordinates":[14.19,37.51]},"properties":{"lat":37.51,"lon":14.19,"fecha":"2025-08-14","temp_mean":26.5,"temp_max":34.5,"temp_min":20.0,"humidity_mean":47.0,"wind_speed_max":17.0,"wind_gusts_max":49.7,"precipitation":5.1,"soil_temp":31.59,"elevacion_centro":552.79,"cloud_cover":14.0,"NDVI":0.21}},{"type":"Feature","geometry":{"type":"Point","coordinates":[-5.69,38.47]},"properties":{"lat":38.47,"lon":-5.69,"fecha":"2025-08-14","temp_mean":31.1,"temp_max":38.5,"temp_min":23.0,"humidity_mean":23.0,"wind_speed_max":17.1,"wind_gusts_max":38.9,"precipitation":0.0,"soil_temp":33.89,"elevacion_centro":663.9,"cloud_cover":0.0,"NDVI":0.52}},{"type":"Feature","geometry":{"type":"Point","coordinates":[30.41,38.69]},"properties":{"lat":38.69,"lon":30.41,"fecha":"2025-08-14","temp_mean":26.9,"temp_max":36.3,"temp_min":17.5,"humidity_mean":29.0,"wind_speed_max":14.8,"wind_gusts_max":34.9,"precipitation":0.0,"soil_temp":26.39,"elevacion_centro":1312.42,"cloud_cover":18.0,"NDVI":0.26}},{"type":"Feature","geometry":{"type":"Point","coordinates":[26.68,41.29]},"properties":{"lat":41.29,"lon":26.68,"fecha":"2025-08-14","temp_mean":25.9,"temp_max":32.0,"temp_min":20.3,"humidity_mean":54.0,"wind_speed_max":25.8,"wind_gusts_max":51.5,"precipitation":0.0,"soil_temp":26.84,"elevacion_centro":44.51,"cloud_cover":18.0,"NDVI":0.18}},{"type":"Feature","geometry":{"type":"Point","coordinates":[-6.02,40.11]},"properties":{"lat":40.11,"lon":-6.02,"fecha":"2025-08-14","temp_mean":31.4,"temp_max":38.0,"temp_min":26.5,"humidity_mean":26.0,"wind_speed_max":19.6,"wind_gusts_max":42.8,"precipitation":0.0,"soil_temp":33.1,"elevacion_centro":593.13,"cloud_cover":1.0,"NDVI":0.25}},{"type":"Feature","geometry":{"type":"Point","coordinates":[-6.1,38.18]},"properties":{"lat":38.18,"lon":-6.1,"fecha":"2025-08-14","temp_mean":30.2,"temp_max":37.6,"temp_min":21.9,"humidity_mean":25.0,"wind_speed_max":15.5,"wind_gusts_max":36.4,"precipitation":0.0,"soil_temp":32.82,"elevacion_centro":514.12,"cloud_cover":0.0,"NDVI":0.23}},{"type":"Feature","geometry":{"type":"Point","coordinates":[-8.19,40.12]},"properties":{"lat":40.12,"lon":-8.19,"fecha":"2025-08-14","temp_mean":25.7,"temp_max":34.9,"temp_min":18.7,"humidity_mean":53.0,"wind_speed_max":13.0,"wind_gusts_max":41.4,"precipitation":0.0,"soil_temp":27.42,"elevacion_centro":617.93,"cloud_cover":0.0,"NDVI":0.71}},{"type":"Feature","geometry":{"type":"Point","coordinates":[32.69,36.54]},"properties":{"lat":36.54,"lon":32.69,"fecha":"2025-08-15","temp_mean":25.0,"temp_max":33.4,"temp_min":17.9,"humidity_mean":21.0,"wind_speed_max":8.9,"wind_gusts_max":28.8,"precipitation":0.0,"soil_temp":28.32,"elevacion_centro":1783.0,"cloud_cover":1.0,"NDVI":0.56}},{"type":"Feature","geometry":{"type":"Point","coordinates":[24.59,54.75]},"properties":{"lat":54.75,"lon":24.59,"fecha":"2025-08-15","temp_mean":19.6,"temp_max":25.1,"temp_min":12.5,"humidity_mean":63.0,"wind_speed_max":20.0,"wind_gusts_max":36.4,"precipitation":0.0,"soil_temp":18.1,"elevacion_centro":113.85,"cloud_cover":28.0,"NDVI":0.16}},{"type":"Feature","geometry":{"type":"Point","coordinates":[-6.84,41.11]},"properties":{"lat":41.11,"lon":-6.84,"fecha":"2025-08-15","temp_mean":29.8,"temp_max":38.1,"temp_min":21.5,"humidity_mean":31.0,"wind_speed_max":20.7,"wind_gusts_max":47.5,"precipitation":0.0,"soil_temp":30.47,"elevacion_centro":562.48,"cloud_cover":0.0,"NDVI":0.33}},{"type":"Feature","geometry":{"type":"Point","coordinates":[-7.98,42.91]},"properties":{"lat":42.91,"lon":-7.98,"fecha":"2025-08-15","temp_mean":24.2,"temp_max":33.3,"temp_min":18.2,"humidity_mean":65.0,"wind_speed_max":18.1,"wind_gusts_max":39.2,"precipitation":0.0,"soil_temp":25.47,"elevacion_centro":456.36,"cloud_cover":4.0,"NDVI":0.71}},{"type":"Feature","geometry":{"type":"Point","coordinates":[29.64,40.64]},"properties":{"lat":40.64,"lon":29.64,"fecha":"2025-08-15","temp_mean":22.9,"temp_max":27.7,"temp_min":19.7,"humidity_mean":63.0,"wind_speed_max":39.4,"wind_gusts_max":82.1,"precipitation":0.0,"soil_temp":25.22,"elevacion_centro":304.95,"cloud_cover":16.0,"NDVI":0.79}},{"type":"Feature","geometry":{"type":"Point","coordinates":[-7.12,40.35]},"properties":{"lat":40.35,"lon":-7.12,"fecha":"2025-08-15","temp_mean":28.1,"temp_max":34.8,"temp_min":22.4,"humidity_mean":32.0,"wind_speed_max":21.6,"wind_gusts_max":47.2,"precipitation":0.0,"soil_temp":29.12,"elevacion_centro":779.38,"cloud_cover":0.0,"NDVI":0.21}},{"type":"Feature","geometry":{"type":"Point","coordinates":[-6.71,40.27]},"properties":{"lat":40.27,"lon":-6.71,"fecha":"2025-08-15","temp_mean":27.4,"temp_max":34.0,"temp_min":20.7,"humidity_mean":30.0,"wind_speed_max":20.1,"wind_gusts_max":44.6,"precipitation":0.0,"soil_temp":29.12,"elevacion_centro":889.62,"cloud_cover":0.0,"NDVI":0.79}},{"type":"Feature","geometry":{"type":"Point","coordinates":[-6.63,39.36]},"properties":{"lat":39.36,"lon":-6.63,"fecha":"2025-08-15","temp_mean":30.6,"temp_max":38.2,"temp_min":21.9,"humidity_mean":27.0,"wind_speed_max":12.9,"wind_gusts_max":28.1,"precipitation":0.0,"soil_temp":33.32,"elevacion_centro":507.58,"cloud_cover":1.0,"NDVI":0.38}},{"type":"Feature","geometry":{"type":"Point","coordinates":[4.6,36.61]},"properties":{"lat":36.61,"lon":4.6,"fecha":"2025-08-15","temp_mean":23.2,"temp_max":29.1,"temp_min":19.0,"humidity_mean":38.0,"wind_speed_max":14.0,"wind_gusts_max":45.4,"precipitation":0.0,"soil_temp":29.73,"elevacion_centro":1162.15,"cloud_cover":1.0,"NDVI":0.44}},{"type":"Feature","geometry":{"type":"Point","coordinates":[-4.52,40.64]},"properties":{"lat":40.64,"lon":-4.52,"fecha":"2025-08-15","temp_mean":26.5,"temp_max":31.7,"temp_min":20.9,"humidity_mean":28.0,"wind_speed_max":19.5,"wind_gusts_max":40.3,"precipitation":0.0,"soil_temp":30.55,"elevacion_centro":1403.46,"cloud_cover":6.0,"NDVI":0.39}},{"type":"Feature","geometry":{"type":"Point","coordinates":[-7.33,41.79]},"properties":{"lat":41.79,"lon":-7.33,"fecha":"2025-08-15","temp_mean":26.9,"temp_max":35.8,"temp_min":20.2,"humidity_mean":41.0,"wind_speed_max":21.8,"wind_gusts_max":47.2,"precipitation":0.0,"soil_temp":26.81,"elevacion_centro":765.06,"cloud_cover":0.0,"NDVI":0.32}},{"type":"Feature","geometry":{"type":"Point","coordinates":[-6.51,39.51]},"properties":{"lat":39.51,"lon":-6.51,"fecha":"2025-08-15","temp_mean":31.6,"temp_max":39.5,"temp_min":22.9,"humidity_mean":27.0,"wind_speed_max":13.6,"wind_gusts_max":28.4,"precipitation":0.0,"soil_temp":33.44,"elevacion_centro":397.82,"cloud_cover":1.0,"NDVI":0.59}},{"type":"Feature","geometry":{"type":"Point","coordinates":[-8.07,42.83]},"properties":{"lat":42.83,"lon":-8.07,"fecha":"2025-08-15","temp_mean":24.5,"temp_max":32.3,"temp_min":17.9,"humidity_mean":67.0,"wind_speed_max":17.4,"wind_gusts_max":40.7,"precipitation":0.0,"soil_temp":25.47,"elevacion_centro":362.02,"cloud_cover":2.0,"NDVI":0.78}},{"type":"Feature","geometry":{"type":"Point","coordinates":[-5.1,43.09]},"properties":{"lat":43.09,"lon":-5.1,"fecha":"2025-08-15","temp_mean":21.7,"temp_max":28.0,"temp_min":15.8,"humidity_mean":37.0,"wind_speed_max":17.8,"wind_gusts_max":46.1,"precipitation":0.0,"soil_temp":22.41,"elevacion_centro":1742.56,"cloud_cover":13.0,"NDVI":0.58}},{"type":"Feature","geometry":{"type":"Point","coordinates":[-7.23,40.68]},"properties":{"lat":40.68,"lon":-7.23,"fecha":"2025-08-15","temp_mean":27.6,"temp_max":36.0,"temp_min":20.6,"humidity_mean":40.0,"wind_speed_max":22.0,"wind_gusts_max":46.4,"precipitation":0.0,"soil_temp":27.08,"elevacion_centro":655.39,"cloud_cover":0.0,"NDVI":0.37}},{"type":"Feature","geometry":{"type":"Point","coordinates":[21.61,43.22]},"properties":{"lat":43.22,"lon":21.61,"fecha":"2025-08-15","temp_mean":26.9,"temp_max":33.7,"temp_min":20.7,"humidity_mean":35.0,"wind_speed_max":18.1,"wind_gusts_max":42.5,"precipitation":0.0,"soil_temp":25.9,"elevacion_centro":256.54,"cloud_cover":73.0,"NDVI":0.65}},{"type":"Feature","geometry":{"type":"Point","coordinates":[-6.27,40.99]},"properties":{"lat":40.99,"lon":-6.27,"fecha":"2025-08-15","temp_mean":28.9,"temp_max":36.2,"temp_min":21.7,"humidity_mean":27.0,"wind_speed_max":23.7,"wind_gusts_max":45.4,"precipitation":0.0,"soil_temp":29.91,"elevacion_centro":819.69,"cloud_cover":0.0,"NDVI":0.31}},{"type":"Feature","geometry":{"type":"Point","coordinates":[-6.57,42.88]},"properties":{"lat":42.88,"lon":-6.57,"fecha":"2025-08-15","temp_mean":24.4,"temp_max":31.9,"temp_min":15.8,"humidity_mean":40.0,"wind_speed_max":20.0,"wind_gusts_max":51.1,"precipitation":0.0,"soil_temp":25.35,"elevacion_centro":1132.16,"cloud_cover":1.0,"NDVI":0.8}},{"type":"Feature","geometry":{"type":"Point","coordinates":[21.31,42.41]},"properties":{"lat":42.41,"lon":21.31,"fecha":"2025-08-16","temp_mean":24.7,"temp_max":32.0,"temp_min":16.7,"humidity_mean":37.0,"wind_speed_max":14.7,"wind_gusts_max":34.2,"precipitation":0.0,"soil_temp":25.84,"elevacion_centro":652.75,"cloud_cover":33.0,"NDVI":0.67}},{"type":"Feature","geometry":{"type":"Point","coordinates":[-4.91,43.26]},"properties":{"lat":43.26,"lon":-4.91,"fecha":"2025-08-16","temp_mean":25.6,"temp_max":30.5,"temp_min":21.4,"humidity_mean":38.0,"wind_speed_max":6.8,"wind_gusts_max":40.0,"precipitation":0.0,"soil_temp":28.25,"elevacion_centro":1257.23,"cloud_cover":13.0,"NDVI":0.38}},{"type":"Feature","geometry":{"type":"Point","coordinates":[-6.76,42.66]},"properties":{"lat":42.66,"lon":-6.76,"fecha":"2025-08-16","temp_mean":25.3,"temp_max":33.9,"temp_min":18.8,"humidity_mean":40.0,"wind_speed_max":15.2,"wind_gusts_max":40.0,"precipitation":0.0,"soil_temp":23.97,"elevacion_centro":942.31,"cloud_cover":4.0,"NDVI":0.44}},{"type":"Feature","geometry":{"type":"Point","coordinates":[-6.86,41.21]},"properties":{"lat":41.21,"lon":-6.86,"fecha":"2025-08-16","temp_mean":29.3,"temp_max":37.7,"temp_min":20.5,"humidity_mean":41.0,"wind_speed_max":16.0,"wind_gusts_max":35.6,"precipitation":0.0,"soil_temp":30.52,"elevacion_centro":552.43,"cloud_cover":10.0,"NDVI":0.34}},{"type":"Feature","geometry":{"type":"Point","coordinates":[-6.99,42.73]},"properties":{"lat":42.73,"lon":-6.99,"fecha":"2025-08-16","temp_mean":24.0,"temp_max":31.2,"temp_min":17.9,"humidity_mean":47.0,"wind_speed_max":12.5,"wind_gusts_max":32.4,"precipitation":0.0,"soil_temp":23.97,"elevacion_centro":1138.31,"cloud_cover":6.0,"NDVI":0.67}},{"type":"Feature","geometry":{"type":"Point","coordinates":[-7.63,42.69]},"properties":{"lat":42.69,"lon":-7.63,"fecha":"2025-08-16","temp_mean":24.2,"temp_max":34.1,"temp_min":16.0,"humidity_mean":65.0,"wind_speed_max":14.2,"wind_gusts_max":32.8,"precipitation":0.0,"soil_temp":25.48,"elevacion_centro":642.36,"cloud_cover":4.0,"NDVI":0.82}},{"type":"Feature","geometry":{"type":"Point","coordinates":[-7.23,40.9]},"properties":{"lat":40.9,"lon":-7.23,"fecha":"2025-08-16","temp_mean":28.2,"temp_max":37.8,"temp_min":19.3,"humidity_mean":49.0,"wind_speed_max":15.9,"wind_gusts_max":34.9,"precipitation":0.0,"soil_temp":27.94,"elevacion_centro":484.09,"cloud_cover":15.0,"NDVI":0.21}},{"type":"Feature","geometry":{"type":"Point","coordinates":[-7.03,40.46]},"properties":{"lat":40.46,"lon":-7.03,"fecha":"2025-08-16","temp_mean":28.1,"temp_max":35.8,"temp_min":20.2,"humidity_mean":35.0,"wind_speed_max":15.5,"wind_gusts_max":35.6,"precipitation":0.0,"soil_temp":29.35,"elevacion_centro":752.37,"cloud_cover":9.0,"NDVI":0.36}},{"type":"Feature","geometry":{"type":"Point","coordinates":[-5.3,43.12]},"properties":{"lat":43.12,"lon":-5.3,"fecha":"2025-08-16","temp_mean":23.5,"temp_max":31.6,"temp_min":17.1,"humidity_mean":49.0,"wind_speed_max":13.3,"wind_gusts_max":31.7,"precipitation":0.0,"soil_temp":21.44,"elevacion_centro":1174.59,"cloud_cover":13.0,"NDVI":0.84}},{"type":"Feature","geometry":{"type":"Point","coordinates":[-8.33,41.26]},"properties":{"lat":41.26,"lon":-8.33,"fecha":"2025-08-16","temp_mean":22.9,"temp_max":30.9,"temp_min":15.9,"humidity_mean":66.0,"wind_speed_max":11.7,"wind_gusts_max":31.3,"precipitation":0.0,"soil_temp":25.25,"elevacion_centro":279.47,"cloud_cover":12.0,"NDVI":0.56}},{"type":"Feature","geometry":{"type":"Point","coordinates":[-4.91,42.74]},"properties":{"lat":42.74,"lon":-4.91,"fecha":"2025-08-16","temp_mean":26.5,"temp_max":33.8,"temp_min":19.0,"humidity_mean":31.0,"wind_speed_max":15.0,"wind_gusts_max":35.3,"precipitation":0.0,"soil_temp":26.22,"elevacion_centro":1128.06,"cloud_cover":4.0,"NDVI":0.8}},{"type":"Feature","geometry":{"type":"Point","coordinates":[-5.17,38.22]},"properties":{"lat":38.22,"lon":-5.17,"fecha":"2025-08-16","temp_mean":31.0,"temp_max":39.7,"temp_min":21.1,"humidity_mean":27.0,"wind_speed_max":14.7,"wind_gusts_max":32.0,"precipitation":0.0,"soil_temp":34.26,"elevacion_centro":643.43,"cloud_cover":3.0,"NDVI":0.18}},{"type":"Feature","geometry":{"type":"Point","coordinates":[27.81,43.25]},"properties":{"lat":43.25,"lon":27.81,"fecha":"2025-08-16","temp_mean":23.7,"temp_max":28.8,"temp_min":18.6,"humidity_mean":55.0,"wind_speed_max":18.9,"wind_gusts_max":43.9,"precipitation":0.0,"soil_temp":25.97,"elevacion_centro":85.15,"cloud_cover":0.0,"NDVI":0.14}},{"type":"Feature","geometry":{"type":"Point","coordinates":[-8.23,42.35]},"properties":{"lat":42.35,"lon":-8.23,"fecha":"2025-08-17","temp_mean":23.6,"temp_max":31.2,"temp_min":17.9,"humidity_mean":51.0,"wind_speed_max":11.1,"wind_gusts_max":31.0,"precipitation":0.0,"soil_temp":23.51,"elevacion_centro":473.81,"cloud_cover":25.0,"NDVI":0.81}},{"type":"Feature","geometry":{"type":"Point","coordinates":[5.01,36.73]},"properties":{"lat":36.73,"lon":5.01,"fecha":"2025-08-17","temp_mean":25.8,"temp_max":34.4,"temp_min":17.7,"humidity_mean":45.0,"wind_speed_max":16.5,"wind_gusts_max":40.3,"precipitation":0.0,"soil_temp":24.96,"elevacion_centro":383.47,"cloud_cover":0.0,"NDVI":0.19}},{"type":"Feature","geometry":{"type":"Point","coordinates":[26.39,40.31]},"properties":{"lat":40.31,"lon":26.39,"fecha":"2025-08-17","temp_mean":25.2,"temp_max":31.6,"temp_min":20.0,"humidity_mean":56.0,"wind_speed_max":21.6,"wind_gusts_max":46.8,"precipitation":0.0,"soil_temp":27.87,"elevacion_centro":56.29,"cloud_cover":17.0,"NDVI":0.21}},{"type":"Feature","geometry":{"type":"Point","coordinates":[-7.28,40.31]},"properties":{"lat":40.31,"lon":-7.28,"fecha":"2025-08-17","temp_mean":28.9,"temp_max":37.3,"temp_min":21.5,"humidity_mean":33.0,"wind_speed_max":17.7,"wind_gusts_max":39.6,"precipitation":0.0,"soil_temp":27.38,"elevacion_centro":516.04,"cloud_cover":18.0,"NDVI":0.23}},{"type":"Feature","geometry":{"type":"Point","coordinates":[23.7,43.84]},"properties":{"lat":43.84,"lon":23.7,"fecha":"2025-08-17","temp_mean":26.6,"temp_max":32.8,"temp_min":18.6,"humidity_mean":44.0,"wind_speed_max":15.0,"wind_gusts_max":31.3,"precipitation":0.0,"soil_temp":30.85,"elevacion_centro":27.52,"cloud_cover":11.0,"NDVI":0.69}},{"type":"Feature","geometry":{"type":"Point","coordinates":[24.2,43.22]},"properties":{"lat":43.22,"lon":24.2,"fecha":"2025-08-17","temp_mean":24.8,"temp_max":30.9,"temp_min":17.2,"humidity_mean":47.0,"wind_speed_max":9.2,"wind_gusts_max":20.2,"precipitation":0.0,"soil_temp":24.57,"elevacion_centro":168.4,"cloud_cover":10.0,"NDVI":0.69}},{"type":"Feature","geometry":{"type":"Point","coordinates":[-6.35,41.87]},"properties":{"lat":41.87,"lon":-6.35,"fecha":"2025-08-17","temp_mean":25.8,"temp_max":33.5,"temp_min":18.0,"humidity_mean":36.0,"wind_speed_max":20.5,"wind_gusts_max":43.6,"precipitation":0.0,"soil_temp":27.06,"elevacion_centro":828.52,"cloud_cover":27.0,"NDVI":0.66}},{"type":"Feature","geometry":{"type":"Point","coordinates":[-7.23,40.37]},"properties":{"lat":40.37,"lon":-7.23,"fecha":"2025-08-17","temp_mean":27.9,"temp_max":36.8,"temp_min":20.5,"humidity_mean":34.0,"wind_speed_max":16.3,"wind_gusts_max":38.5,"precipitation":0.0,"soil_temp":27.38,"elevacion_centro":689.17,"cloud_cover":20.0,"NDVI":0.23}},{"type":"Feature","geometry":{"type":"Point","coordinates":[-7.75,40.99]},"properties":{"lat":40.99,"lon":-7.75,"fecha":"2025-08-17","temp_mean":24.6,"temp_max":32.8,"temp_min":17.8,"humidity_mean":49.0,"wind_speed_max":11.8,"wind_gusts_max":30.2,"precipitation":0.0,"soil_temp":28.4,"elevacion_centro":616.15,"cloud_cover":31.0,"NDVI":0.53}},{"type":"Feature","geometry":{"type":"Point","coordinates":[6.04,43.54]},"properties":{"lat":43.54,"lon":6.04,"fecha":"2025-08-18","temp_mean":26.5,"temp_max":32.9,"temp_min":18.3,"humidity_mean":48.0,"wind_speed_max":13.3,"wind_gusts_max":33.8,"precipitation":0.0,"soil_temp":29.77,"elevacion_centro":297.59,"cloud_cover":11.0,"NDVI":0.48}},{"type":"Feature","geometry":{"type":"Point","coordinates":[-7.15,41.41]},"properties":{"lat":41.41,"lon":-7.15,"fecha":"2025-08-18","temp_mean":25.4,"temp_max":32.1,"temp_min":19.5,"humidity_mean":43.0,"wind_speed_max":20.5,"wind_gusts_max":42.8,"precipitation":0.0,"soil_temp":25.92,"elevacion_centro":298.1,"cloud_cover":61.0,"NDVI":0.19}},{"type":"Feature","geometry":{"type":"Point","coordinates":[15.64,41.24]},"properties":{"lat":41.24,"lon":15.64,"fecha":"2025-08-18","temp_mean":25.9,"temp_max":30.9,"temp_min":21.5,"humidity_mean":55.0,"wind_speed_max":21.9,"wind_gusts_max":46.8,"precipitation":0.0,"soil_temp":25.97,"elevacion_centro":226.43,"cloud_cover":33.0,"NDVI":0.15}},{"type":"Feature","geometry":{"type":"Point","coordinates":[-7.32,42.0]},"properties":{"lat":42.0,"lon":-7.32,"fecha":"2025-08-18","temp_mean":20.6,"temp_max":27.3,"temp_min":15.4,"humidity_mean":61.0,"wind_speed_max":16.2,"wind_gusts_max":39.2,"precipitation":0.0,"soil_temp":23.31,"elevacion_centro":830.51,"cloud_cover":50.0,"NDVI":0.34}},{"type":"Feature","geometry":{"type":"Point","coordinates":[-7.22,40.28]},"properties":{"lat":40.28,"lon":-7.22,"fecha":"2025-08-19","temp_mean":21.4,"temp_max":27.4,"temp_min":16.1,"humidity_mean":54.0,"wind_speed_max":21.1,"wind_gusts_max":42.1,"precipitation":0.0,"soil_temp":23.49,"elevacion_centro":622.69,"cloud_cover":13.0,"NDVI":0.62}},{"type":"Feature","geometry":{"type":"Point","coordinates":[28.76,40.2]},"properties":{"lat":40.2,"lon":28.76,"fecha":"2025-08-19","temp_mean":24.2,"temp_max":30.2,"temp_min":18.4,"humidity_mean":71.0,"wind_speed_max":21.1,"wind_gusts_max":46.4,"precipitation":0.0,"soil_temp":25.48,"elevacion_centro":69.42,"cloud_cover":27.0,"NDVI":0.13}},{"type":"Feature","geometry":{"type":"Point","coordinates":[-0.29,39.92]},"properties":{"lat":39.92,"lon":-0.29,"fecha":"2025-08-19","temp_mean":23.9,"temp_max":29.2,"temp_min":19.0,"humidity_mean":73.0,"wind_speed_max":13.0,"wind_gusts_max":34.9,"precipitation":0.4,"soil_temp":28.81,"elevacion_centro":571.35,"cloud_cover":73.0,"NDVI":0.49}},{"type":"Feature","geometry":{"type":"Point","coordinates":[12.69,38.01]},"properties":{"lat":38.01,"lon":12.69,"fecha":"2025-08-20","temp_mean":25.9,"temp_max":31.4,"temp_min":21.5,"humidity_mean":68.0,"wind_speed_max":24.9,"wind_gusts_max":49.7,"precipitation":0.0,"soil_temp":29.31,"elevacion_centro":320.08,"cloud_cover":8.0,"NDVI":0.33}},{"type":"Feature","geometry":{"type":"Point","coordinates":[-6.98,40.78]},"properties":{"lat":40.78,"lon":-6.98,"fecha":"2025-08-20","temp_mean":19.9,"temp_max":26.5,"temp_min":14.1,"humidity_mean":59.0,"wind_speed_max":17.9,"wind_gusts_max":37.4,"precipitation":0.0,"soil_temp":25.31,"elevacion_centro":557.8,"cloud_cover":5.0,"NDVI":0.4}},{"type":"Feature","geometry":{"type":"Point","coordinates":[-7.44,41.8]},"properties":{"lat":41.8,"lon":-7.44,"fecha":"2025-08-20","temp_mean":20.3,"temp_max":26.1,"temp_min":13.9,"humidity_mean":62.0,"wind_speed_max":19.7,"wind_gusts_max":45.7,"precipitation":0.0,"soil_temp":21.21,"elevacion_centro":387.39,"cloud_cover":27.0,"NDVI":0.56}},{"type":"Feature","geometry":{"type":"Point","coordinates":[-2.72,37.7]},"properties":{"lat":37.7,"lon":-2.72,"fecha":"2025-08-20","temp_mean":24.5,"temp_max":30.9,"temp_min":17.6,"humidity_mean":33.0,"wind_speed_max":16.6,"wind_gusts_max":32.0,"precipitation":0.0,"soil_temp":28.04,"elevacion_centro":855.17,"cloud_cover":0.0,"NDVI":0.28}},{"type":"Feature","geometry":{"type":"Point","coordinates":[11.57,52.5]},"properties":{"lat":52.5,"lon":11.57,"fecha":"2025-08-21","temp_mean":16.2,"temp_max":22.2,"temp_min":9.9,"humidity_mean":60.0,"wind_speed_max":15.4,"wind_gusts_max":38.5,"precipitation":0.0,"soil_temp":18.77,"elevacion_centro":96.32,"cloud_cover":11.0,"NDVI":0.62}},{"type":"Feature","geometry":{"type":"Point","coordinates":[22.33,43.38]},"properties":{"lat":43.38,"lon":22.33,"fecha":"2025-08-21","temp_mean":22.9,"temp_max":30.6,"temp_min":16.5,"humidity_mean":49.0,"wind_speed_max":11.6,"wind_gusts_max":33.8,"precipitation":0.0,"soil_temp":25.64,"elevacion_centro":599.55,"cloud_cover":20.0,"NDVI":0.72}},{"type":"Feature","geometry":{"type":"Point","coordinates":[21.4,41.55]},"properties":{"lat":41.55,"lon":21.4,"fecha":"2025-08-21","temp_mean":22.6,"temp_max":32.0,"temp_min":12.6,"humidity_mean":45.0,"wind_speed_max":14.6,"wind_gusts_max":39.6,"precipitation":0.0,"soil_temp":24.62,"elevacion_centro":698.58,"cloud_cover":2.0,"NDVI":0.81}},{"type":"Feature","geometry":{"type":"Point","coordinates":[-6.97,40.72]},"properties":{"lat":40.72,"lon":-6.97,"fecha":"2025-08-21","temp_mean":21.0,"temp_max":28.0,"temp_min":13.4,"humidity_mean":52.0,"wind_speed_max":11.8,"wind_gusts_max":30.6,"precipitation":0.0,"soil_temp":24.3,"elevacion_centro":634.03,"cloud_cover":2.0,"NDVI":0.31}},{"type":"Feature","geometry":{"type":"Point","coordinates":[-7.74,41.12]},"properties":{"lat":41.12,"lon":-7.74,"fecha":"2025-08-22","temp_mean":22.4,"temp_max":29.5,"temp_min":15.3,"humidity_mean":48.0,"wind_speed_max":9.3,"wind_gusts_max":25.2,"precipitation":0.0,"soil_temp":24.9,"elevacion_centro":628.1,"cloud_cover":0.0,"NDVI":0.4}},{"type":"Feature","geometry":{"type":"Point","coordinates":[31.53,37.61]},"properties":{"lat":37.61,"lon":31.53,"fecha":"2025-08-23","temp_mean":24.8,"temp_max":30.0,"temp_min":19.6,"humidity_mean":56.0,"wind_speed_max":23.1,"wind_gusts_max":32.8,"precipitation":0.0,"soil_temp":26.41,"elevacion_centro":1122.46,"cloud_cover":0.0,"NDVI":0.83}},{"type":"Feature","geometry":{"type":"Point","coordinates":[12.72,45.94]},"properties":{"lat":45.94,"lon":12.72,"fecha":"2025-08-23","temp_mean":20.6,"temp_max":24.8,"temp_min":16.8,"humidity_mean":78.0,"wind_speed_max":12.2,"wind_gusts_max":29.9,"precipitation":11.9,"soil_temp":20.69,"elevacion_centro":24.99,"cloud_cover":51.0,"NDVI":0.02}},{"type":"Feature","geometry":{"type":"Point","coordinates":[-8.16,39.91]},"properties":{"lat":39.91,"lon":-8.16,"fecha":"2025-08-23","temp_mean":23.7,"temp_max":32.0,"temp_min":17.6,"humidity_mean":55.0,"wind_speed_max":16.2,"wind_gusts_max":40.0,"precipitation":0.0,"soil_temp":24.52,"elevacion_centro":344.71,"cloud_cover":6.0,"NDVI":0.5}},{"type":"Feature","geometry":{"type":"Point","coordinates":[24.4,44.24]},"properties":{"lat":44.24,"lon":24.4,"fecha":"2025-08-24","temp_mean":20.2,"temp_max":26.0,"temp_min":14.4,"humidity_mean":47.0,"wind_speed_max":21.1,"wind_gusts_max":43.2,"precipitation":0.0,"soil_temp":23.94,"elevacion_centro":87.53,"cloud_cover":11.0,"NDVI":0.74}},{"type":"Feature","geometry":{"type":"Point","coordinates":[-5.8,42.81]},"properties":{"lat":42.81,"lon":-5.8,"fecha":"2025-08-24","temp_mean":20.1,"temp_max":28.3,"temp_min":11.1,"humidity_mean":49.0,"wind_speed_max":18.0,"wind_gusts_max":38.9,"precipitation":0.0,"soil_temp":18.03,"elevacion_centro":1201.97,"cloud_cover":20.0,"NDVI":0.58}},{"type":"Feature","geometry":{"type":"Point","coordinates":[14.03,40.95]},"properties":{"lat":40.95,"lon":14.03,"fecha":"2025-08-25","temp_mean":24.1,"temp_max":28.8,"temp_min":19.6,"humidity_mean":76.0,"wind_speed_max":13.7,"wind_gusts_max":30.6,"precipitation":0.1,"soil_temp":26.13,"elevacion_centro":-1.91,"cloud_cover":30.0,"NDVI":0.72}},{"type":"Feature","geometry":{"type":"Point","coordinates":[-7.36,42.48]},"properties":{"lat":42.48,"lon":-7.36,"fecha":"2025-08-25","temp_mean":21.2,"temp_max":29.5,"temp_min":14.1,"humidity_mean":64.0,"wind_speed_max":16.2,"wind_gusts_max":43.6,"precipitation":0.0,"soil_temp":23.25,"elevacion_centro":807.8,"cloud_cover":18.0,"NDVI":0.54}},{"type":"Feature","geometry":{"type":"Point","coordinates":[-0.6,54.38]},"properties":{"lat":54.38,"lon":-0.6,"fecha":"2025-08-26","temp_mean":17.4,"temp_max":21.7,"temp_min":13.8,"humidity_mean":58.0,"wind_speed_max":23.5,"wind_gusts_max":47.9,"precipitation":0.8,"soil_temp":18.67,"elevacion_centro":220.06,"cloud_cover":46.0,"NDVI":0.56}},{"type":"Feature","geometry":{"type":"Point","coordinates":[21.58,45.4]},"properties":{"lat":45.4,"lon":21.58,"fecha":"2025-08-26","temp_mean":21.0,"temp_max":27.2,"temp_min":14.1,"humidity_mean":31.0,"wind_speed_max":12.6,"wind_gusts_max":25.9,"precipitation":0.0,"soil_temp":20.32,"elevacion_centro":171.18,"cloud_cover":22.0,"NDVI":0.6}},{"type":"Feature","geometry":{"type":"Point","coordinates":[-3.82,53.31]},"properties":{"lat":53.31,"lon":-3.82,"fecha":"2025-08-26","temp_mean":17.3,"temp_max":19.3,"temp_min":15.0,"humidity_mean":78.0,"wind_speed_max":23.2,"wind_gusts_max":48.6,"precipitation":10.0,"soil_temp":17.68,"elevacion_centro":53.52,"cloud_cover":74.0,"NDVI":0.76}},{"type":"Feature","geometry":{"type":"Point","coordinates":[13.68,37.43]},"properties":{"lat":37.43,"lon":13.68,"fecha":"2025-08-26","temp_mean":23.6,"temp_max":30.1,"temp_min":17.4,"humidity_mean":70.0,"wind_speed_max":15.3,"wind_gusts_max":35.6,"precipitation":0.0,"soil_temp":27.4,"elevacion_centro":334.29,"cloud_cover":22.0,"NDVI":0.24}},{"type":"Feature","geometry":{"type":"Point","coordinates":[7.93,36.64]},"properties":{"lat":36.64,"lon":7.93,"fecha":"2025-08-27","temp_mean":34.4,"temp_max":43.2,"temp_min":27.3,"humidity_mean":26.0,"wind_speed_max":13.2,"wind_gusts_max":42.5,"precipitation":0.0,"soil_temp":32.0,"elevacion_centro":292.47,"cloud_cover":31.0,"NDVI":0.74}},{"type":"Feature","geometry":{"type":"Point","coordinates":[9.02,36.89]},"properties":{"lat":36.89,"lon":9.02,"fecha":"2025-08-27","temp_mean":33.3,"temp_max":40.0,"temp_min":27.6,"humidity_mean":30.0,"wind_speed_max":13.8,"wind_gusts_max":31.3,"precipitation":0.0,"soil_temp":31.64,"elevacion_centro":409.25,"cloud_cover":21.0,"NDVI":0.54}},{"type":"Feature","geometry":{"type":"Point","coordinates":[6.89,36.61]},"properties":{"lat":36.61,"lon":6.89,"fecha":"2025-08-27","temp_mean":33.1,"temp_max":40.8,"temp_min":24.9,"humidity_mean":22.0,"wind_speed_max":18.3,"wind_gusts_max":40.7,"precipitation":0.0,"soil_temp":33.38,"elevacion_centro":591.28,"cloud_cover":30.0,"NDVI":0.26}},{"type":"Feature","geometry":{"type":"Point","coordinates":[22.32,43.99]},"properties":{"lat":43.99,"lon":22.32,"fecha":"2025-08-28","temp_mean":22.9,"temp_max":31.4,"temp_min":13.3,"humidity_mean":34.0,"wind_speed_max":16.7,"wind_gusts_max":38.2,"precipitation":0.0,"soil_temp":23.31,"elevacion_centro":138.04,"cloud_cover":0.0,"NDVI":0.33}},{"type":"Feature","geometry":{"type":"Point","coordinates":[-8.36,38.73]},"properties":{"lat":38.73,"lon":-8.36,"fecha":"2025-08-28","temp_mean":20.0,"temp_max":25.5,"temp_min":16.5,"humidity_mean":65.0,"wind_speed_max":22.0,"wind_gusts_max":44.3,"precipitation":0.0,"soil_temp":23.89,"elevacion_centro":140.94,"cloud_cover":32.0,"NDVI":0.19}},{"type":"Feature","geometry":{"type":"Point","coordinates":[16.12,39.54]},"properties":{"lat":39.54,"lon":16.12,"fecha":"2025-08-28","temp_mean":24.1,"temp_max":31.1,"temp_min":18.1,"humidity_mean":60.0,"wind_speed_max":11.8,"wind_gusts_max":38.2,"precipitation":0.0,"soil_temp":25.4,"elevacion_centro":415.68,"cloud_cover":0.0,"NDVI":0.58}},{"type":"Feature","geometry":{"type":"Point","coordinates":[-7.12,41.76]},"properties":{"lat":41.76,"lon":-7.12,"fecha":"2025-08-28","temp_mean":17.9,"temp_max":23.3,"temp_min":12.6,"humidity_mean":55.0,"wind_speed_max":20.8,"wind_gusts_max":41.8,"precipitation":0.0,"soil_temp":18.11,"elevacion_centro":491.76,"cloud_cover":35.0,"NDVI":0.53}},{"type":"Feature","geometry":{"type":"Point","coordinates":[29.43,40.25]},"properties":{"lat":40.25,"lon":29.43,"fecha":"2025-08-28","temp_mean":21.5,"temp_max":29.6,"temp_min":14.5,"humidity_mean":66.0,"wind_speed_max":19.6,"wind_gusts_max":42.5,"precipitation":0.0,"soil_temp":21.53,"elevacion_centro":358.52,"cloud_cover":0.0,"NDVI":0.76}},{"type":"Feature","geometry":{"type":"Point","coordinates":[32.65,52.57]},"properties":{"lat":52.57,"lon":32.65,"fecha":"2025-08-29","temp_mean":19.4,"temp_max":26.9,"temp_min":11.7,"humidity_mean":62.0,"wind_speed_max":20.2,"wind_gusts_max":40.3,"precipitation":0.0,"soil_temp":15.99,"elevacion_centro":194.87,"cloud_cover":6.0,"NDVI":0.23}},{"type":"Feature","geometry":{"type":"Point","coordinates":[9.32,42.64]},"properties":{"lat":42.64,"lon":9.32,"fecha":"2025-08-30","temp_mean":22.8,"temp_max":26.8,"temp_min":19.1,"humidity_mean":52.0,"wind_speed_max":30.5,"wind_gusts_max":78.8,"precipitation":0.0,"soil_temp":26.64,"elevacion_centro":81.2,"cloud_cover":18.0,"NDVI":0.32}},{"type":"Feature","geometry":{"type":"Point","coordinates":[22.26,41.93]},"properties":{"lat":41.93,"lon":22.26,"fecha":"2025-08-30","temp_mean":22.5,"temp_max":30.2,"temp_min":16.5,"humidity_mean":51.0,"wind_speed_max":27.8,"wind_gusts_max":56.2,"precipitation":0.6,"soil_temp":22.99,"elevacion_centro":599.29,"cloud_cover":43.0,"NDVI":0.27}},{"type":"Feature","geometry":{"type":"Point","coordinates":[23.34,41.97]},"properties":{"lat":41.97,"lon":23.34,"fecha":"2025-08-30","temp_mean":14.6,"temp_max":19.3,"temp_min":10.8,"humidity_mean":64.0,"wind_speed_max":13.1,"wind_gusts_max":37.8,"precipitation":0.0,"soil_temp":20.9,"elevacion_centro":1945.04,"cloud_cover":17.0,"NDVI":0.73}},{"type":"Feature","geometry":{"type":"Point","coordinates":[21.27,42.84]},"properties":{"lat":42.84,"lon":21.27,"fecha":"2025-08-30","temp_mean":21.2,"temp_max":31.5,"temp_min":16.0,"humidity_mean":58.0,"wind_speed_max":24.6,"wind_gusts_max":75.6,"precipitation":1.7,"soil_temp":22.48,"elevacion_centro":689.56,"cloud_cover":47.0,"NDVI":0.76}},{"type":"Feature","geometry":{"type":"Point","coordinates":[2.01,36.53]},"properties":{"lat":36.53,"lon":2.01,"fecha":"2025-08-30","temp_mean":24.2,"temp_max":29.5,"temp_min":18.4,"humidity_mean":39.0,"wind_speed_max":11.8,"wind_gusts_max":32.4,"precipitation":0.0,"soil_temp":27.95,"elevacion_centro":303.11,"cloud_cover":4.0,"NDVI":0.58}},{"type":"Feature","geometry":{"type":"Point","coordinates":[15.97,41.05]},"properties":{"lat":41.05,"lon":15.97,"fecha":"2025-09-01","temp_mean":24.0,"temp_max":31.6,"temp_min":16.8,"humidity_mean":57.0,"wind_speed_max":18.2,"wind_gusts_max":34.9,"precipitation":0.0,"soil_temp":26.0,"elevacion_centro":321.05,"cloud_cover":0.0,"NDVI":0.13}},{"type":"Feature","geometry":{"type":"Point","coordinates":[32.96,41.28]},"properties":{"lat":41.28,"lon":32.96,"fecha":"2025-09-01","temp_mean":19.5,"temp_max":26.1,"temp_min":12.6,"humidity_mean":65.0,"wind_speed_max":21.9,"wind_gusts_max":48.2,"precipitation":0.0,"soil_temp":22.57,"elevacion_centro":1005.02,"cloud_cover":14.0,"NDVI":0.63}},{"type":"Feature","geometry":{"type":"Point","coordinates":[13.29,37.94]},"properties":{"lat":37.94,"lon":13.29,"fecha":"2025-09-03","temp_mean":20.4,"temp_max":26.3,"temp_min":15.9,"humidity_mean":72.0,"wind_speed_max":14.7,"wind_gusts_max":33.5,"precipitation":0.0,"soil_temp":27.27,"elevacion_centro":521.8,"cloud_cover":35.0,"NDVI":0.23}},{"type":"Feature","geometry":{"type":"Point","coordinates":[26.47,40.95]},"properties":{"lat":40.95,"lon":26.47,"fecha":"2025-09-03","temp_mean":27.5,"temp_max":35.2,"temp_min":20.4,"humidity_mean":45.0,"wind_speed_max":25.1,"wind_gusts_max":48.6,"precipitation":0.0,"soil_temp":29.26,"elevacion_centro":61.63,"cloud_cover":1.0,"NDVI":0.3}},{"type":"Feature","geometry":{"type":"Point","coordinates":[8.74,39.52]},"properties":{"lat":39.52,"lon":8.74,"fecha":"2025-09-03","temp_mean":23.2,"temp_max":28.5,"temp_min":18.5,"humidity_mean":59.0,"wind_speed_max":20.5,"wind_gusts_max":43.2,"precipitation":0.0,"soil_temp":22.4,"elevacion_centro":111.31,"cloud_cover":36.0,"NDVI":0.18}},{"type":"Feature","geometry":{"type":"Point","coordinates":[25.73,43.83]},"properties":{"lat":43.83,"lon":25.73,"fecha":"2025-09-04","temp_mean":25.1,"temp_max":31.5,"temp_min":19.2,"humidity_mean":46.0,"wind_speed_max":22.3,"wind_gusts_max":42.5,"precipitation":0.0,"soil_temp":27.6,"elevacion_centro":37.61,"cloud_cover":58.0,"NDVI":0.25}},{"type":"Feature","geometry":{"type":"Point","coordinates":[-7.14,37.35]},"properties":{"lat":37.35,"lon":-7.14,"fecha":"2025-09-04","temp_mean":24.9,"temp_max":31.6,"temp_min":18.6,"humidity_mean":44.0,"wind_speed_max":23.2,"wind_gusts_max":43.2,"precipitation":0.0,"soil_temp":27.94,"elevacion_centro":85.41,"cloud_cover":80.0,"NDVI":0.2}},{"type":"Feature","geometry":{"type":"Point","coordinates":[29.06,39.98]},"properties":{"lat":39.98,"lon":29.06,"fecha":"2025-09-04","temp_mean":20.6,"temp_max":28.2,"temp_min":13.8,"humidity_mean":49.0,"wind_speed_max":6.7,"wind_gusts_max":23.4,"precipitation":0.0,"soil_temp":25.58,"elevacion_centro":1102.06,"cloud_cover":22.0,"NDVI":0.38}},{"type":"Feature","geometry":{"type":"Point","coordinates":[-5.22,37.61]},"properties":{"lat":37.61,"lon":-5.22,"fecha":"2025-09-05","temp_mean":26.8,"temp_max":35.8,"temp_min":18.1,"humidity_mean":32.0,"wind_speed_max":24.8,"wind_gusts_max":49.3,"precipitation":0.0,"soil_temp":28.38,"elevacion_centro":126.87,"cloud_cover":66.0,"NDVI":0.12}},{"type":"Feature","geometry":{"type":"Point","coordinates":[29.04,40.33]},"properties":{"lat":40.33,"lon":29.04,"fecha":"2025-09-05","temp_mean":24.8,"temp_max":31.8,"temp_min":19.9,"humidity_mean":58.0,"wind_speed_max":18.8,"wind_gusts_max":54.7,"precipitation":0.8,"soil_temp":26.59,"elevacion_centro":406.97,"cloud_cover":41.0,"NDVI":0.67}},{"type":"Feature","geometry":{"type":"Point","coordinates":[-7.76,40.37]},"properties":{"lat":40.37,"lon":-7.76,"fecha":"2025-09-06","temp_mean":21.3,"temp_max":30.5,"temp_min":14.8,"humidity_mean":52.0,"wind_speed_max":21.5,"wind_gusts_max":42.8,"precipitation":0.0,"soil_temp":22.29,"elevacion_centro":443.92,"cloud_cover":56.0,"NDVI":0.74}},{"type":"Feature","geometry":{"type":"Point","coordinates":[26.28,41.94]},"properties":{"lat":41.94,"lon":26.28,"fecha":"2025-09-08","temp_mean":21.1,"temp_max":27.1,"temp_min":16.1,"humidity_mean":52.0,"wind_speed_max":15.4,"wind_gusts_max":35.3,"precipitation":0.0,"soil_temp":23.71,"elevacion_centro":390.16,"cloud_cover":29.0,"NDVI":0.34}},{"type":"Feature","geometry":{"type":"Point","coordinates":[-9.0,38.98]},"properties":{"lat":38.98,"lon":-9.0,"fecha":"2025-09-09","temp_mean":18.1,"temp_max":22.3,"temp_min":14.5,"humidity_mean":65.0,"wind_speed_max":28.3,"wind_gusts_max":57.2,"precipitation":0.0,"soil_temp":20.14,"elevacion_centro":187.23,"cloud_cover":58.0,"NDVI":0.55}},{"type":"Feature","geometry":{"type":"Point","coordinates":[25.6,43.09]},"properties":{"lat":43.09,"lon":25.6,"fecha":"2025-09-09","temp_mean":23.4,"temp_max":31.2,"temp_min":14.6,"humidity_mean":40.0,"wind_speed_max":13.5,"wind_gusts_max":27.4,"precipitation":0.0,"soil_temp":23.21,"elevacion_centro":339.64,"cloud_cover":43.0,"NDVI":0.2}},{"type":"Feature","geometry":{"type":"Point","coordinates":[21.55,42.09]},"properties":{"lat":42.09,"lon":21.55,"fecha":"2025-09-09","temp_mean":18.0,"temp_max":24.1,"temp_min":13.8,"humidity_mean":51.0,"wind_speed_max":11.2,"wind_gusts_max":33.5,"precipitation":0.0,"soil_temp":24.39,"elevacion_centro":1256.1,"cloud_cover":47.0,"NDVI":0.76}},{"type":"Feature","geometry":{"type":"Point","coordinates":[22.58,39.35]},"properties":{"lat":39.35,"lon":22.58,"fecha":"2025-09-10","temp_mean":22.7,"temp_max":28.5,"temp_min":17.0,"humidity_mean":64.0,"wind_speed_max":17.0,"wind_gusts_max":34.6,"precipitation":0.0,"soil_temp":28.19,"elevacion_centro":334.29,"cloud_cover":10.0,"NDVI":0.57}},{"type":"Feature","geometry":{"type":"Point","coordinates":[-6.44,37.82]},"properties":{"lat":37.82,"lon":-6.44,"fecha":"2025-09-11","temp_mean":23.8,"temp_max":32.2,"temp_min":16.5,"humidity_mean":54.0,"wind_speed_max":18.0,"wind_gusts_max":39.6,"precipitation":0.0,"soil_temp":25.35,"elevacion_centro":499.53,"cloud_cover":8.0,"NDVI":0.48}},{"type":"Feature","geometry":{"type":"Point","coordinates":[-6.44,37.49]},"properties":{"lat":37.49,"lon":-6.44,"fecha":"2025-09-12","temp_mean":28.5,"temp_max":36.4,"temp_min":21.4,"humidity_mean":37.0,"wind_speed_max":16.2,"wind_gusts_max":28.8,"precipitation":0.0,"soil_temp":30.2,"elevacion_centro":172.03,"cloud_cover":18.0,"NDVI":0.5}},{"type":"Feature","geometry":{"type":"Point","coordinates":[-7.56,41.38]},"properties":{"lat":41.38,"lon":-7.56,"fecha":"2025-09-13","temp_mean":17.1,"temp_max":23.8,"temp_min":10.6,"humidity_mean":66.0,"wind_speed_max":15.6,"wind_gusts_max":36.4,"precipitation":0.0,"soil_temp":18.67,"elevacion_centro":688.36,"cloud_cover":83.0,"NDVI":0.49}},{"type":"Feature","geometry":{"type":"Point","coordinates":[21.8,41.74]},"properties":{"lat":41.74,"lon":21.8,"fecha":"2025-09-13","temp_mean":23.9,"temp_max":31.2,"temp_min":17.1,"humidity_mean":54.0,"wind_speed_max":9.1,"wind_gusts_max":23.0,"precipitation":0.0,"soil_temp":24.02,"elevacion_centro":286.16,"cloud_cover":0.0,"NDVI":0.32}},{"type":"Feature","geometry":{"type":"Point","coordinates":[34.77,40.07]},"properties":{"lat":40.07,"lon":34.77,"fecha":"2025-09-15","temp_mean":18.5,"temp_max":25.5,"temp_min":11.7,"humidity_mean":36.0,"wind_speed_max":13.0,"wind_gusts_max":31.0,"precipitation":0.0,"soil_temp":19.69,"elevacion_centro":1268.8,"cloud_cover":0.0,"NDVI":0.13}},{"type":"Feature","geometry":{"type":"Point","coordinates":[26.09,44.93]},"properties":{"lat":44.93,"lon":26.09,"fecha":"2025-09-16","temp_mean":19.5,"temp_max":27.0,"temp_min":11.9,"humidity_mean":57.0,"wind_speed_max":8.1,"wind_gusts_max":22.7,"precipitation":0.0,"soil_temp":20.81,"elevacion_centro":135.89,"cloud_cover":1.0,"NDVI":0.41}},{"type":"Feature","geometry":{"type":"Point","coordinates":[32.21,36.48]},"properties":{"lat":36.48,"lon":32.21,"fecha":"2025-09-18","temp_mean":24.0,"temp_max":28.8,"temp_min":18.7,"humidity_mean":53.0,"wind_speed_max":20.9,"wind_gusts_max":59.8,"precipitation":0.5,"soil_temp":23.6,"elevacion_centro":437.68,"cloud_cover":7.0,"NDVI":0.71}},{"type":"Feature","geometry":{"type":"Point","coordinates":[22.66,44.26]},"properties":{"lat":44.26,"lon":22.66,"fecha":"2025-09-18","temp_mean":18.0,"temp_max":23.9,"temp_min":13.6,"humidity_mean":53.0,"wind_speed_max":21.3,"wind_gusts_max":39.2,"precipitation":0.0,"soil_temp":17.41,"elevacion_centro":44.9,"cloud_cover":0.0,"NDVI":0.17}},{"type":"Feature","geometry":{"type":"Point","coordinates":[16.45,38.89]},"properties":{"lat":38.89,"lon":16.45,"fecha":"2025-09-18","temp_mean":21.8,"temp_max":27.5,"temp_min":16.4,"humidity_mean":60.0,"wind_speed_max":17.8,"wind_gusts_max":42.5,"precipitation":0.0,"soil_temp":24.38,"elevacion_centro":265.68,"cloud_cover":21.0,"NDVI":0.75}},{"type":"Feature","geometry":{"type":"Point","coordinates":[-7.85,41.0]},"properties":{"lat":41.0,"lon":-7.85,"fecha":"2025-09-19","temp_mean":21.8,"temp_max":28.2,"temp_min":17.1,"humidity_mean":43.0,"wind_speed_max":20.3,"wind_gusts_max":47.5,"precipitation":0.6,"soil_temp":21.09,"elevacion_centro":983.52,"cloud_cover":62.0,"NDVI":0.34}},{"type":"Feature","geometry":{"type":"Point","coordinates":[28.86,36.94]},"properties":{"lat":36.94,"lon":28.86,"fecha":"2025-09-19","temp_mean":22.5,"temp_max":29.5,"temp_min":17.1,"humidity_mean":25.0,"wind_speed_max":22.7,"wind_gusts_max":54.7,"precipitation":0.0,"soil_temp":25.44,"elevacion_centro":369.78,"cloud_cover":0.0,"NDVI":0.59}},{"type":"Feature","geometry":{"type":"Point","coordinates":[-7.68,42.45]},"properties":{"lat":42.45,"lon":-7.68,"fecha":"2025-09-19","temp_mean":21.9,"temp_max":30.3,"temp_min":16.0,"humidity_mean":48.0,"wind_speed_max":17.5,"wind_gusts_max":48.2,"precipitation":0.0,"soil_temp":21.05,"elevacion_centro":635.09,"cloud_cover":72.0,"NDVI":0.75}},{"type":"Feature","geometry":{"type":"Point","coordinates":[-7.78,40.77]},"properties":{"lat":40.77,"lon":-7.78,"fecha":"2025-09-19","temp_mean":23.3,"temp_max":30.5,"temp_min":17.9,"humidity_mean":44.0,"wind_speed_max":19.9,"wind_gusts_max":47.9,"precipitation":0.0,"soil_temp":23.0,"elevacion_centro":535.41,"cloud_cover":58.0,"NDVI":0.45}},{"type":"Feature","geometry":{"type":"Point","coordinates":[9.23,42.24]},"properties":{"lat":42.24,"lon":9.23,"fecha":"2025-09-20","temp_mean":22.8,"temp_max":29.3,"temp_min":17.6,"humidity_mean":55.0,"wind_speed_max":9.3,"wind_gusts_max":28.8,"precipitation":0.0,"soil_temp":27.63,"elevacion_centro":235.27,"cloud_cover":22.0,"NDVI":0.8}},{"type":"Feature","geometry":{"type":"Point","coordinates":[4.43,36.48]},"properties":{"lat":36.48,"lon":4.43,"fecha":"2025-09-20","temp_mean":20.9,"temp_max":25.9,"temp_min":16.5,"humidity_mean":54.0,"wind_speed_max":11.4,"wind_gusts_max":33.5,"precipitation":0.0,"soil_temp":27.02,"elevacion_centro":1203.31,"cloud_cover":77.0,"NDVI":0.49}},{"type":"Feature","geometry":{"type":"Point","coordinates":[-5.46,40.18]},"properties":{"lat":40.18,"lon":-5.46,"fecha":"2025-09-21","temp_mean":12.1,"temp_max":16.0,"temp_min":7.1,"humidity_mean":68.0,"wind_speed_max":13.2,"wind_gusts_max":53.3,"precipitation":0.0,"soil_temp":23.37,"elevacion_centro":1267.98,"cloud_cover":40.0,"NDVI":0.58}},{"type":"Feature","geometry":{"type":"Point","coordinates":[-8.82,37.21]},"properties":{"lat":37.21,"lon":-8.82,"fecha":"2025-09-21","temp_mean":17.6,"temp_max":20.2,"temp_min":15.3,"humidity_mean":68.0,"wind_speed_max":30.1,"wind_gusts_max":62.3,"precipitation":0.0,"soil_temp":22.26,"elevacion_centro":124.43,"cloud_cover":10.0,"NDVI":0.65}},{"type":"Feature","geometry":{"type":"Point","coordinates":[-3.43,41.16]},"properties":{"lat":41.16,"lon":-3.43,"fecha":"2025-09-21","temp_mean":8.0,"temp_max":11.9,"temp_min":2.3,"humidity_mean":76.0,"wind_speed_max":18.7,"wind_gusts_max":55.4,"precipitation":7.0,"soil_temp":19.3,"elevacion_centro":1892.81,"cloud_cover":44.0,"NDVI":0.53}},{"type":"Feature","geometry":{"type":"Point","coordinates":[26.37,39.81]},"properties":{"lat":39.81,"lon":26.37,"fecha":"2025-09-21","temp_mean":22.1,"temp_max":27.4,"temp_min":18.1,"humidity_mean":58.0,"wind_speed_max":25.2,"wind_gusts_max":52.2,"precipitation":0.0,"soil_temp":23.23,"elevacion_centro":113.62,"cloud_cover":1.0,"NDVI":0.18}},{"type":"Feature","geometry":{"type":"Point","coordinates":[31.41,38.31]},"properties":{"lat":38.31,"lon":31.41,"fecha":"2025-09-21","temp_mean":12.6,"temp_max":18.8,"temp_min":7.6,"humidity_mean":48.0,"wind_speed_max":14.2,"wind_gusts_max":37.1,"precipitation":0.0,"soil_temp":15.93,"elevacion_centro":1548.04,"cloud_cover":0.0,"NDVI":0.48}},{"type":"Feature","geometry":{"type":"Point","coordinates":[-7.61,40.45]},"properties":{"lat":40.45,"lon":-7.61,"fecha":"2025-09-22","temp_mean":11.6,"temp_max":17.2,"temp_min":6.6,"humidity_mean":54.0,"wind_speed_max":13.8,"wind_gusts_max":37.8,"precipitation":0.0,"soil_temp":15.93,"elevacion_centro":854.06,"cloud_cover":0.0,"NDVI":0.49}},{"type":"Feature","geometry":{"type":"Point","coordinates":[26.48,44.02]},"properties":{"lat":44.02,"lon":26.48,"fecha":"2025-09-22","temp_mean":19.0,"temp_max":26.3,"temp_min":12.9,"humidity_mean":67.0,"wind_speed_max":15.1,"wind_gusts_max":32.4,"precipitation":0.0,"soil_temp":21.95,"elevacion_centro":15.99,"cloud_cover":0.0,"NDVI":0.73}},{"type":"Feature","geometry":{"type":"Point","coordinates":[-3.7,38.77]},"properties":{"lat":38.77,"lon":-3.7,"fecha":"2025-09-26","temp_mean":19.3,"temp_max":27.1,"temp_min":11.4,"humidity_mean":28.0,"wind_speed_max":14.8,"wind_gusts_max":32.8,"precipitation":0.0,"soil_temp":20.14,"elevacion_centro":641.07,"cloud_cover":7.0,"NDVI":0.21}},{"type":"Feature","geometry":{"type":"Point","coordinates":[-7.84,41.85]},"properties":{"lat":41.85,"lon":-7.84,"fecha":"2025-09-26","temp_mean":13.7,"temp_max":19.8,"temp_min":9.5,"humidity_mean":46.0,"wind_speed_max":12.9,"wind_gusts_max":32.8,"precipitation":0.0,"soil_temp":14.69,"elevacion_centro":1157.39,"cloud_cover":52.0,"NDVI":0.43}},{"type":"Feature","geometry":{"type":"Point","coordinates":[20.45,45.15]},"properties":{"lat":45.15,"lon":20.45,"fecha":"2025-09-28","temp_mean":16.6,"temp_max":22.5,"temp_min":11.5,"humidity_mean":49.0,"wind_speed_max":12.9,"wind_gusts_max":27.4,"precipitation":0.0,"soil_temp":17.56,"elevacion_centro":74.96,"cloud_cover":55.0,"NDVI":0.49}},{"type":"Feature","geometry":{"type":"Point","coordinates":[6.0,48.78]},"properties":{"lat":48.78,"lon":6.0,"fecha":"2025-09-28","temp_mean":11.4,"temp_max":17.5,"temp_min":6.2,"humidity_mean":85.0,"wind_speed_max":10.8,"wind_gusts_max":25.2,"precipitation":0.0,"soil_temp":11.7,"elevacion_centro":277.21,"cloud_cover":36.0,"NDVI":0.39}},{"type":"Feature","geometry":{"type":"Point","coordinates":[-5.47,35.34]},"properties":{"lat":35.34,"lon":-5.47,"fecha":"2025-09-28","temp_mean":17.0,"temp_max":21.9,"temp_min":14.7,"humidity_mean":88.0,"wind_speed_max":24.2,"wind_gusts_max":60.1,"precipitation":5.2,"soil_temp":22.15,"elevacion_centro":513.59,"cloud_cover":83.0,"NDVI":0.39}},{"type":"Feature","geometry":{"type":"Point","coordinates":[30.26,38.05]},"properties":{"lat":38.05,"lon":30.26,"fecha":"2025-09-28","temp_mean":19.2,"temp_max":27.0,"temp_min":13.6,"humidity_mean":61.0,"wind_speed_max":17.3,"wind_gusts_max":41.4,"precipitation":0.0,"soil_temp":20.95,"elevacion_centro":1001.1,"cloud_cover":27.0,"NDVI":0.53}},{"type":"Feature","geometry":{"type":"Point","coordinates":[-6.26,39.43]},"properties":{"lat":39.43,"lon":-6.26,"fecha":"2025-10-04","temp_mean":20.6,"temp_max":28.1,"temp_min":12.8,"humidity_mean":54.0,"wind_speed_max":14.6,"wind_gusts_max":27.7,"precipitation":0.0,"soil_temp":22.11,"elevacion_centro":408.89,"cloud_cover":30.0,"NDVI":0.17}},{"type":"Feature","geometry":{"type":"Point","coordinates":[19.63,45.49]},"properties":{"lat":45.49,"lon":19.63,"fecha":"2025-10-08","temp_mean":12.2,"temp_max":17.5,"temp_min":7.8,"humidity_mean":69.0,"wind_speed_max":23.6,"wind_gusts_max":43.2,"precipitation":0.0,"soil_temp":13.15,"elevacion_centro":82.71,"cloud_cover":36.0,"NDVI":0.23}},{"type":"Feature","geometry":{"type":"Point","coordinates":[13.92,37.72]},"properties":{"lat":37.72,"lon":13.92,"fecha":"2025-10-08","temp_mean":15.1,"temp_max":18.9,"temp_min":11.8,"humidity_mean":59.0,"wind_speed_max":19.2,"wind_gusts_max":44.6,"precipitation":0.0,"soil_temp":17.14,"elevacion_centro":739.91,"cloud_cover":7.0,"NDVI":0.17}},{"type":"Feature","geometry":{"type":"Point","coordinates":[-7.74,41.86]},"properties":{"lat":41.86,"lon":-7.74,"fecha":"2025-10-10","temp_mean":12.5,"temp_max":17.2,"temp_min":8.5,"humidity_mean":55.0,"wind_speed_max":19.3,"wind_gusts_max":44.3,"precipitation":0.0,"soil_temp":15.6,"elevacion_centro":1167.6,"cloud_cover":0.0,"NDVI":0.29}},{"type":"Feature","geometry":{"type":"Point","coordinates":[32.6,37.47]},"properties":{"lat":37.47,"lon":32.6,"fecha":"2025-10-19","temp_mean":15.1,"temp_max":23.7,"temp_min":7.3,"humidity_mean":55.0,"wind_speed_max":24.4,"wind_gusts_max":49.3,"precipitation":0.0,"soil_temp":14.64,"elevacion_centro":1053.89,"cloud_cover":37.0,"NDVI":0.12}},{"type":"Feature","geometry":{"type":"Point","coordinates":[-5.39,38.62]},"properties":{"lat":38.62,"lon":-5.39,"fecha":"2025-10-20","temp_mean":18.6,"temp_max":23.2,"temp_min":15.6,"humidity_mean":66.0,"wind_speed_max":18.9,"wind_gusts_max":39.6,"precipitation":0.4,"soil_temp":20.0,"elevacion_centro":449.93,"cloud_cover":76.0,"NDVI":0.29}},{"type":"Feature","geometry":{"type":"Point","coordinates":[21.03,45.94]},"properties":{"lat":45.94,"lon":21.03,"fecha":"2025-10-20","temp_mean":7.6,"temp_max":14.5,"temp_min":1.2,"humidity_mean":61.0,"wind_speed_max":11.6,"wind_gusts_max":20.2,"precipitation":0.0,"soil_temp":9.65,"elevacion_centro":86.45,"cloud_cover":46.0,"NDVI":0.43}},{"type":"Feature","geometry":{"type":"Point","coordinates":[6.92,36.66]},"properties":{"lat":36.66,"lon":6.92,"fecha":"2025-10-25","temp_mean":21.6,"temp_max":31.7,"temp_min":13.9,"humidity_mean":63.0,"wind_speed_max":10.8,"wind_gusts_max":25.2,"precipitation":0.0,"soil_temp":21.18,"elevacion_centro":285.86,"cloud_cover":21.0,"NDVI":0.24}},{"type":"Feature","geometry":{"type":"Point","coordinates":[6.5,36.58]},"properties":{"lat":36.58,"lon":6.5,"fecha":"2025-10-25","temp_mean":16.3,"temp_max":25.4,"temp_min":9.5,"humidity_mean":63.0,"wind_speed_max":8.3,"wind_gusts_max":33.1,"precipitation":0.0,"soil_temp":20.84,"elevacion_centro":1151.28,"cloud_cover":14.0,"NDVI":0.68}},{"type":"Feature","geometry":{"type":"Point","coordinates":[-0.75,41.64]},"properties":{"lat":41.64,"lon":-0.75,"fecha":"2025-11-02","temp_mean":15.8,"temp_max":18.9,"temp_min":11.9,"humidity_mean":59.0,"wind_speed_max":22.5,"wind_gusts_max":47.9,"precipitation":0.0,"soil_temp":14.89,"elevacion_centro":216.56,"cloud_cover":79.0,"NDVI":0.01}},{"type":"Feature","geometry":{"type":"Point","coordinates":[3.89,36.71]},"properties":{"lat":36.71,"lon":3.89,"fecha":"2025-11-13","temp_mean":16.1,"temp_max":24.2,"temp_min":10.4,"humidity_mean":43.0,"wind_speed_max":15.8,"wind_gusts_max":48.6,"precipitation":0.0,"soil_temp":17.14,"elevacion_centro":724.77,"cloud_cover":6.0,"NDVI":0.81}},{"type":"Feature","geometry":{"type":"Point","coordinates":[32.67,37.42]},"properties":{"lat":37.42,"lon":32.67,"fecha":"2025-11-23","temp_mean":15.4,"temp_max":23.4,"temp_min":8.3,"humidity_mean":34.0,"wind_speed_max":16.4,"wind_gusts_max":34.9,"precipitation":0.0,"soil_temp":11.64,"elevacion_centro":1048.1,"cloud_cover":98.0,"NDVI":0.24}},{"type":"Feature","geometry":{"type":"Point","coordinates":[29.37,36.32]},"properties":{"lat":36.32,"lon":29.37,"fecha":"2025-12-29","temp_mean":10.3,"temp_max":14.9,"temp_min":7.4,"humidity_mean":42.0,"wind_speed_max":26.1,"wind_gusts_max":52.9,"precipitation":0.0,"soil_temp":4.0,"elevacion_centro":1.71,"cloud_cover":1.0,"NDVI":0.65}}]}